nan,nan,nan,nan,nan,-1.246105919003159769e-03,nan,nan,2.990654205607472596e-02,nan,nan,nan,4.018691588785043567e-02,nan,nan,nan,nan,nan,nan,nan,nan,nan,nan,nan,nan,nan,nan,nan,nan,nan,nan,nan,nan,nan,nan,nan,-3.115264797507899422e-04,nan,nan,nan,nan,-6.230529595016021105e-04,nan,nan,nan,nan,nan,nan,nan,nan,nan,nan,-2.492211838006253184e-03,0.000000000000000000e+00,nan,nan,nan,nan,nan,-6.230529595015798843e-04,-1.869158878504717427e-03,1.557632398753838743e-03,nan,nan,nan
nan,nan,nan,nan,nan,-6.191950464396356758e-04,nan,nan,0.000000000000000000e+00,nan,nan,nan,-4.643962848297200456e-03,nan,nan,nan,nan,nan,nan,nan,nan,nan,nan,nan,nan,nan,nan,nan,nan,nan,nan,nan,nan,nan,nan,nan,0.000000000000000000e+00,nan,nan,nan,nan,-2.786377708978338315e-03,nan,nan,nan,nan,nan,nan,nan,nan,nan,nan,-2.167182662538702422e-03,0.000000000000000000e+00,nan,nan,nan,nan,nan,0.000000000000000000e+00,-3.095975232198178379e-04,-1.547987616099089081e-03,nan,nan,nan
nan,nan,nan,nan,nan,0.000000000000000000e+00,nan,nan,2.572347266881003409e-03,nan,nan,nan,3.215434083601254262e-04,nan,nan,nan,nan,nan,nan,nan,nan,nan,nan,nan,nan,nan,nan,nan,nan,nan,nan,nan,nan,nan,nan,nan,nan,nan,nan,nan,nan,-1.929260450160752340e-03,nan,nan,nan,nan,nan,nan,nan,nan,nan,nan,-1.607717041800627022e-03,0.000000000000000000e+00,nan,nan,nan,nan,nan,0.000000000000000000e+00,6.430868167202508524e-04,8.360128617363349335e-03,nan,6.430868167202574877e-03,nan
nan,nan,nan,nan,nan,0.000000000000000000e+00,nan,nan,2.808112324493006011e-03,nan,nan,nan,1.248049921996941024e-03,nan,nan,nan,nan,nan,nan,nan,nan,nan,nan,nan,nan,nan,nan,nan,nan,nan,nan,nan,nan,nan,0.000000000000000000e+00,nan,nan,nan,nan,nan,nan,nan,nan,nan,2.220446049250313204e-17,nan,nan,nan,nan,nan,nan,nan,3.120124804992574280e-04,1.560062402496176226e-03,nan,nan,nan,nan,nan,0.000000000000000000e+00,0.000000000000000000e+00,4.056162246489880899e-03,nan,nan,nan
nan,nan,nan,nan,nan,1.547987616099089081e-03,nan,nan,1.547987616099089081e-03,nan,nan,nan,-2.786377708978360433e-03,nan,nan,nan,nan,nan,nan,nan,nan,nan,nan,nan,nan,nan,nan,nan,nan,nan,nan,nan,nan,nan,nan,nan,-3.095975232198178162e-03,nan,nan,nan,nan,-2.476780185758542703e-03,nan,nan,nan,nan,nan,nan,nan,nan,nan,nan,-2.786377708978360433e-03,0.000000000000000000e+00,nan,nan,nan,nan,nan,-6.191950464396356758e-04,3.095975232198178379e-04,2.786377708978293646e-03,nan,nan,nan
nan,nan,nan,nan,nan,0.000000000000000000e+00,nan,nan,1.236476043276724026e-03,nan,nan,nan,6.182380216383620130e-04,nan,nan,nan,nan,nan,nan,nan,nan,nan,nan,nan,nan,nan,nan,nan,nan,nan,nan,nan,nan,nan,-3.091190108191588346e-04,nan,nan,nan,nan,nan,nan,-3.091190108191588346e-04,nan,nan,nan,nan,nan,nan,nan,nan,nan,nan,2.220446049250313204e-17,-1.236476043276635338e-03,nan,nan,nan,nan,nan,0.000000000000000000e+00,-1.236476043276635338e-03,2.782071097372518145e-03,nan,nan,nan
nan,nan,nan,nan,nan,1.574803149606229802e-03,nan,nan,2.519685039370034383e-03,nan,nan,nan,nan,nan,nan,nan,nan,nan,nan,nan,nan,nan,nan,nan,nan,nan,nan,nan,nan,nan,nan,nan,nan,nan,0.000000000000000000e+00,nan,nan,nan,nan,nan,nan,1.574803149606251920e-03,nan,nan,nan,nan,nan,nan,nan,nan,-3.149606299212903476e-04,nan,2.519685039370056501e-03,4.724409448818911450e-03,nan,nan,nan,nan,nan,1.574803149606274254e-03,1.574803149606251920e-03,3.464566929133838964e-03,nan,nan,nan
nan,nan,nan,nan,nan,1.226993865030667763e-03,nan,nan,nan,nan,nan,nan,-1.226993865030667763e-03,nan,nan,nan,nan,nan,nan,nan,nan,nan,nan,nan,nan,nan,nan,nan,nan,nan,nan,nan,nan,nan,0.000000000000000000e+00,nan,nan,nan,nan,nan,nan,0.000000000000000000e+00,nan,nan,nan,nan,nan,nan,nan,nan,3.680981595092003289e-03,nan,-1.226993865030667763e-03,3.067484662576669407e-03,nan,nan,nan,nan,nan,0.000000000000000000e+00,3.067484662576669407e-04,1.226993865030667763e-03,nan,nan,nan
nan,nan,nan,nan,nan,0.000000000000000000e+00,nan,nan,3.675344563552762709e-03,nan,nan,nan,3.062787136294042650e-04,nan,nan,nan,nan,nan,nan,nan,nan,nan,nan,nan,nan,nan,nan,nan,nan,nan,nan,nan,nan,nan,nan,nan,3.522205206738127092e-02,nan,nan,nan,nan,0.000000000000000000e+00,nan,nan,nan,nan,nan,nan,nan,nan,nan,nan,-1.531393568147021433e-03,1.531393568147021433e-03,nan,nan,nan,nan,nan,0.000000000000000000e+00,-9.188361408882129034e-04,4.287901990811571022e-03,nan,nan,nan
nan,nan,nan,nan,nan,1.550387596899183151e-03,nan,nan,3.720930232558128468e-03,nan,nan,nan,2.790697674418618577e-03,nan,nan,nan,nan,nan,nan,nan,nan,nan,nan,nan,nan,nan,nan,nan,nan,nan,nan,nan,nan,nan,1.240310077519346521e-03,nan,nan,nan,nan,nan,nan,1.240310077519368639e-03,nan,nan,nan,nan,nan,nan,nan,nan,nan,nan,-2.790697674418618577e-03,3.100775193798366303e-04,nan,nan,nan,nan,nan,6.201550387596732605e-04,9.302325581395321169e-04,8.372093023255811062e-03,nan,nan,nan
nan,nan,nan,nan,nan,4.395604395604424224e-03,nan,nan,8.791208791208782528e-03,nan,nan,nan,7.221350078492916671e-03,nan,nan,nan,nan,nan,nan,nan,nan,nan,nan,nan,nan,nan,nan,nan,nan,nan,nan,nan,nan,nan,0.000000000000000000e+00,nan,nan,nan,nan,nan,nan,2.511773940345385456e-03,nan,nan,nan,nan,nan,nan,nan,nan,nan,nan,-1.569858712715865856e-03,-3.139717425431731821e-04,nan,nan,nan,nan,nan,9.419152276295194920e-04,9.419152276295194920e-04,6.907378335949743327e-03,nan,nan,nan
5.429864253393645868e-03,nan,nan,nan,nan,0.000000000000000000e+00,nan,nan,5.731523378582181749e-03,nan,nan,nan,8.144796380090468801e-03,nan,nan,nan,nan,nan,nan,nan,nan,nan,nan,nan,nan,nan,nan,nan,nan,nan,nan,nan,nan,nan,nan,nan,nan,nan,nan,nan,nan,2.111613876319751171e-03,nan,nan,nan,nan,nan,nan,nan,nan,nan,nan,1.508295625942679408e-03,3.016591251885358815e-04,nan,nan,nan,nan,nan,3.016591251885358815e-04,2.111613876319751171e-03,4.524886877828038223e-03,nan,nan,nan
nan,nan,nan,nan,nan,5.801526717557315208e-03,nan,nan,1.129770992366416725e-02,nan,nan,nan,3.969465648855053166e-03,nan,nan,nan,nan,nan,nan,nan,nan,nan,nan,nan,nan,nan,nan,nan,nan,nan,nan,nan,nan,nan,0.000000000000000000e+00,nan,nan,nan,nan,nan,nan,2.748091603053470691e-03,nan,nan,nan,nan,nan,nan,nan,nan,nan,nan,1.221374045801582042e-03,0.000000000000000000e+00,nan,nan,nan,nan,nan,9.160305343511865317e-04,1.832061068702328611e-03,8.854961832061136739e-03,nan,nan,nan
nan,nan,nan,nan,nan,7.866868381240510466e-03,nan,nan,2.420574886535575843e-03,nan,nan,nan,8.472012102874404427e-03,nan,nan,nan,nan,nan,nan,nan,nan,nan,nan,nan,nan,nan,nan,nan,nan,nan,nan,nan,nan,nan,nan,nan,0.000000000000000000e+00,nan,nan,nan,nan,3.025718608169469803e-04,nan,nan,nan,nan,nan,nan,nan,nan,nan,nan,2.723146747352522823e-03,1.512859304084734902e-03,nan,nan,nan,nan,nan,1.210287443267787921e-03,3.025718608169247542e-04,3.025718608169469803e-03,nan,nan,nan
nan,nan,nan,nan,nan,-3.179650238473774376e-04,nan,nan,1.589825119236887296e-03,nan,nan,nan,3.179650238473774376e-04,nan,nan,nan,nan,nan,nan,nan,nan,nan,nan,nan,nan,nan,nan,nan,nan,nan,nan,nan,nan,nan,0.000000000000000000e+00,nan,nan,nan,nan,nan,nan,0.000000000000000000e+00,nan,nan,nan,nan,nan,nan,nan,nan,nan,nan,-1.589825119236887296e-03,1.589825119236887296e-03,nan,nan,nan,nan,nan,-1.271860095389509750e-03,9.538950715421324212e-04,1.589825119236887296e-03,nan,nan,nan
nan,nan,nan,nan,nan,1.574803149606229802e-03,nan,nan,0.000000000000000000e+00,nan,nan,nan,-2.220446049250313204e-17,nan,nan,nan,nan,nan,nan,nan,nan,nan,nan,nan,nan,nan,nan,nan,nan,nan,nan,nan,nan,nan,0.000000000000000000e+00,nan,nan,nan,nan,nan,nan,1.259842519684983798e-03,nan,nan,nan,nan,nan,nan,nan,nan,nan,nan,3.149606299212459495e-04,1.574803149606229802e-03,nan,nan,nan,nan,nan,0.000000000000000000e+00,2.204724409448788162e-03,5.669291338582649678e-03,nan,nan,nan
nan,nan,nan,nan,nan,4.334365325077449080e-03,nan,nan,1.640866873065016662e-02,nan,nan,nan,1.578947368421053030e-02,nan,nan,nan,nan,nan,nan,nan,nan,nan,nan,nan,nan,nan,nan,nan,nan,nan,nan,nan,nan,nan,nan,nan,2.167182662538724540e-03,nan,nan,nan,nan,1.238390092879271352e-03,nan,nan,nan,nan,nan,nan,nan,nan,nan,nan,2.167182662538724540e-03,0.000000000000000000e+00,nan,nan,nan,nan,nan,-2.167182662538724540e-03,1.238390092879271352e-03,1.547987616099089081e-03,nan,nan,nan
nan,nan,nan,nan,nan,9.389671361502482721e-04,nan,nan,1.564945226917080490e-03,nan,nan,nan,6.572769953051648892e-03,nan,nan,nan,nan,nan,nan,nan,nan,nan,nan,nan,nan,nan,nan,nan,nan,nan,nan,nan,nan,nan,nan,nan,nan,nan,nan,nan,nan,-6.259780907668322176e-04,nan,nan,nan,nan,nan,nan,nan,nan,nan,nan,0.000000000000000000e+00,3.129890453834161088e-04,nan,nan,nan,nan,nan,-1.251956181533642101e-03,1.564945226917080490e-03,-9.389671361502482721e-04,nan,1.784037558685449415e-02,nan
nan,nan,nan,nan,nan,1.567398119122320743e-03,nan,nan,8.463949843260199640e-03,nan,nan,nan,2.194357366771182514e-03,nan,nan,nan,nan,nan,nan,nan,nan,nan,nan,nan,nan,nan,nan,nan,nan,nan,nan,nan,nan,nan,nan,nan,nan,nan,nan,nan,nan,-1.253918495297767777e-03,nan,nan,nan,nan,nan,nan,nan,nan,3.448275862068972408e-03,nan,4.075235109717878848e-03,2.821316614420088520e-03,nan,nan,nan,nan,nan,0.000000000000000000e+00,1.253918495297834347e-03,5.015673981191226365e-03,nan,nan,nan
2.137404580152613316e-03,nan,nan,nan,nan,1.526717557251866531e-03,nan,nan,2.442748091602986275e-03,nan,nan,nan,2.442748091602986275e-03,nan,nan,nan,nan,nan,nan,nan,nan,nan,nan,nan,nan,nan,nan,nan,nan,nan,nan,nan,nan,nan,nan,nan,nan,nan,nan,nan,nan,1.221374045801493138e-03,nan,nan,nan,nan,nan,nan,nan,nan,nan,nan,1.221374045801493138e-03,0.000000000000000000e+00,nan,nan,nan,nan,nan,3.053435114503777296e-03,2.748091603053404337e-03,0.000000000000000000e+00,nan,nan,nan
nan,nan,nan,nan,nan,-1.543209876543216730e-03,nan,nan,-1.543209876543216730e-03,nan,nan,nan,-3.086419753086433243e-04,nan,nan,nan,nan,nan,nan,nan,nan,nan,nan,nan,nan,nan,nan,nan,nan,nan,nan,nan,nan,nan,-1.543209876543216730e-03,nan,-6.172839506172866485e-04,nan,nan,nan,nan,nan,nan,nan,nan,nan,nan,nan,nan,nan,nan,nan,-3.086419753086322437e-03,0.000000000000000000e+00,nan,nan,nan,nan,nan,-6.172839506172866485e-04,-1.234567901234573297e-03,0.000000000000000000e+00,nan,nan,nan
nan,nan,nan,nan,nan,9.448818897638044728e-04,nan,nan,1.259842519685072703e-03,nan,nan,nan,-7.244094488188967951e-03,nan,nan,nan,nan,nan,nan,nan,nan,nan,nan,nan,nan,nan,nan,nan,nan,nan,nan,nan,nan,nan,0.000000000000000000e+00,nan,nan,nan,nan,nan,nan,2.220446049250313204e-17,nan,nan,nan,nan,nan,nan,nan,nan,nan,nan,-1.039370078740156113e-02,9.448818897638044728e-04,nan,nan,nan,nan,nan,-9.448818897637379028e-04,-2.204724409448766045e-03,1.889763779527586828e-03,nan,nan,nan
4.615384615384665254e-03,nan,nan,nan,nan,1.230769230769279601e-03,nan,nan,1.846153846153848407e-02,nan,nan,nan,1.876923076923080538e-02,nan,nan,nan,nan,nan,nan,nan,nan,nan,nan,nan,nan,nan,nan,nan,nan,nan,nan,nan,nan,nan,nan,nan,nan,nan,nan,nan,nan,3.076923076923199002e-04,nan,nan,nan,nan,nan,nan,nan,nan,nan,nan,-3.076923076922977282e-04,0.000000000000000000e+00,nan,nan,nan,nan,nan,0.000000000000000000e+00,1.538461538461577491e-03,1.538461538461599609e-03,nan,nan,nan
nan,nan,nan,nan,nan,-1.225114854517617060e-03,nan,nan,7.656967840735018696e-03,nan,nan,nan,2.143950995405830180e-03,nan,nan,nan,nan,nan,nan,nan,nan,nan,nan,nan,nan,nan,nan,nan,nan,nan,nan,nan,nan,nan,0.000000000000000000e+00,nan,nan,nan,nan,nan,nan,6.125574272588085300e-04,nan,nan,nan,nan,nan,nan,nan,nan,nan,nan,0.000000000000000000e+00,-3.062787136294042650e-04,nan,nan,nan,nan,nan,0.000000000000000000e+00,0.000000000000000000e+00,0.000000000000000000e+00,nan,nan,nan
nan,nan,nan,nan,nan,0.000000000000000000e+00,nan,nan,0.000000000000000000e+00,nan,nan,nan,1.576506955177741157e-02,nan,nan,nan,nan,nan,nan,nan,nan,nan,nan,nan,nan,nan,nan,nan,nan,nan,nan,nan,nan,nan,nan,nan,6.182380216383176691e-04,nan,nan,nan,nan,3.091190108191588346e-04,nan,nan,nan,nan,nan,nan,nan,nan,nan,nan,-2.782071097372518145e-03,0.000000000000000000e+00,nan,nan,nan,nan,nan,-9.273570324574986756e-04,-9.273570324574764495e-04,6.182380216383287497e-03,nan,nan,nan
nan,nan,nan,nan,nan,2.450229709035234120e-03,nan,nan,3.062787136294042650e-04,nan,nan,nan,4.594180704441064300e-03,nan,nan,nan,nan,nan,nan,nan,nan,nan,nan,nan,nan,nan,nan,nan,nan,nan,nan,nan,nan,nan,0.000000000000000000e+00,nan,nan,nan,nan,nan,nan,3.062787136294042867e-03,nan,nan,nan,nan,nan,nan,nan,nan,nan,nan,0.000000000000000000e+00,0.000000000000000000e+00,nan,nan,nan,nan,nan,0.000000000000000000e+00,2.450229709035234120e-03,3.981623277182255553e-03,nan,nan,nan
4.159999999999985758e-03,nan,nan,nan,nan,1.599999999999934808e-03,nan,nan,nan,nan,-3.200000000000091877e-04,nan,nan,nan,nan,nan,nan,nan,nan,nan,nan,nan,nan,nan,nan,nan,nan,nan,nan,nan,nan,nan,nan,nan,0.000000000000000000e+00,nan,nan,nan,nan,nan,nan,6.399999999999739231e-04,nan,nan,nan,nan,nan,nan,nan,nan,nan,nan,-6.400000000000183754e-04,0.000000000000000000e+00,nan,nan,nan,nan,nan,6.399999999999739231e-04,9.599999999999608846e-04,4.160000000000008309e-03,nan,nan,nan
nan,nan,nan,nan,nan,1.769911504424737103e-03,nan,nan,nan,nan,nan,nan,1.474926253687280919e-03,nan,nan,nan,nan,nan,nan,nan,nan,nan,nan,nan,nan,nan,nan,nan,nan,nan,nan,nan,nan,nan,1.474926253687280919e-03,nan,nan,nan,nan,nan,nan,2.949852507374561839e-04,nan,nan,nan,nan,nan,nan,nan,nan,nan,nan,5.899705014749123677e-04,-1.179941002949913640e-03,nan,nan,nan,nan,nan,0.000000000000000000e+00,1.769911504424737103e-03,1.769911504424737103e-03,nan,1.887905604719761904e-02,nan
nan,nan,nan,nan,nan,3.048780487804880757e-03,nan,nan,1.432926829268290660e-02,nan,nan,nan,2.378048780487802480e-02,nan,nan,nan,nan,nan,nan,nan,nan,nan,nan,nan,nan,nan,nan,nan,nan,nan,nan,nan,nan,nan,9.146341463414309420e-04,nan,nan,nan,nan,nan,nan,1.524390243902406985e-03,nan,nan,nan,nan,nan,nan,nan,nan,nan,nan,2.134146341463405254e-03,-3.048780487804991887e-04,nan,nan,nan,nan,nan,2.439024390243860370e-03,9.146341463414309420e-04,3.048780487804547907e-04,nan,nan,nan
nan,nan,nan,nan,nan,2.211690363349205855e-03,nan,nan,-1.579778830963607383e-03,nan,nan,nan,nan,nan,nan,nan,nan,nan,nan,nan,nan,nan,nan,nan,nan,nan,nan,nan,nan,nan,nan,nan,nan,nan,3.159557661927436703e-04,nan,nan,nan,nan,nan,nan,-3.159557661927214984e-04,nan,nan,nan,nan,nan,nan,nan,nan,-1.263823064770908111e-03,nan,-2.211690363349094832e-03,1.579778830963718406e-03,nan,nan,nan,nan,nan,9.478672985782310651e-04,9.478672985782310651e-04,2.211690363349205855e-03,nan,nan,nan
nan,nan,nan,nan,nan,1.051004636785164356e-02,nan,nan,1.638330757341579375e-02,nan,nan,nan,1.236476043276664091e-02,nan,nan,nan,nan,nan,nan,nan,nan,nan,nan,nan,nan,nan,nan,nan,nan,nan,nan,nan,nan,nan,0.000000000000000000e+00,nan,nan,nan,nan,nan,nan,nan,nan,nan,nan,nan,nan,nan,nan,nan,1.854714064915019469e-03,nan,-1.236476043276635338e-03,3.091190108191677142e-03,nan,nan,nan,nan,nan,1.236476043276701908e-03,3.709428129830016820e-03,3.091190108191699260e-03,nan,nan,nan
nan,nan,nan,nan,nan,1.515151515151580419e-03,nan,nan,1.606060606060610851e-02,nan,nan,nan,2.212121212121216304e-02,nan,nan,nan,nan,nan,nan,nan,nan,nan,nan,nan,nan,nan,nan,nan,nan,nan,nan,nan,nan,nan,3.030303030303160947e-04,nan,nan,nan,nan,nan,nan,9.090909090909482298e-04,nan,nan,nan,nan,nan,nan,nan,nan,nan,nan,9.090909090909260037e-04,0.000000000000000000e+00,nan,nan,nan,nan,nan,6.060606060606544155e-04,6.060606060606321894e-04,3.030303030303071934e-03,nan,nan,nan
nan,nan,nan,nan,nan,0.000000000000000000e+00,nan,nan,3.076923076923199002e-04,nan,nan,nan,2.461538461538492848e-03,nan,nan,nan,nan,nan,nan,nan,nan,nan,nan,nan,nan,nan,nan,nan,nan,nan,nan,nan,nan,nan,1.230769230769279601e-03,nan,nan,nan,nan,nan,nan,9.230769230769598089e-04,nan,nan,nan,nan,nan,nan,nan,nan,nan,nan,-3.076923076922977282e-04,3.076923076923088196e-03,nan,nan,nan,nan,nan,1.230769230769279601e-03,1.538461538461599609e-03,3.076923076923088196e-03,nan,nan,nan
nan,nan,nan,nan,nan,3.323262839879115478e-03,nan,nan,5.438066465256729924e-03,nan,nan,nan,-4.229607250755318230e-03,nan,nan,nan,nan,nan,nan,nan,nan,nan,nan,nan,nan,nan,nan,nan,nan,nan,nan,nan,nan,nan,nan,nan,-4.531722054380704981e-03,nan,nan,nan,nan,1.812688821752228563e-03,nan,nan,nan,nan,nan,nan,nan,nan,nan,nan,-4.833836858006090864e-03,1.510574018126820128e-03,nan,nan,nan,nan,nan,3.021148036253418104e-04,4.229607250755207208e-03,5.740181268882116675e-03,nan,nan,nan
nan,nan,nan,nan,nan,3.053435114503955106e-04,nan,nan,1.221374045801559925e-03,nan,nan,nan,2.748091603053470691e-03,nan,nan,nan,nan,nan,nan,nan,nan,nan,nan,nan,nan,nan,nan,nan,nan,nan,nan,nan,nan,nan,1.221374045801582042e-03,nan,nan,nan,nan,nan,nan,3.053435114503866201e-03,nan,nan,nan,nan,nan,nan,nan,nan,nan,nan,3.664122137404635104e-03,-1.526717557251866531e-03,nan,nan,nan,nan,nan,0.000000000000000000e+00,1.832061068702350946e-03,2.748091603053470691e-03,nan,nan,nan
nan,nan,nan,nan,nan,1.555209953343683615e-03,nan,nan,-2.177293934681156975e-03,nan,nan,nan,3.732503888024885259e-03,nan,nan,nan,nan,nan,nan,nan,nan,nan,nan,nan,nan,nan,nan,nan,nan,nan,nan,nan,nan,nan,0.000000000000000000e+00,nan,nan,nan,nan,nan,nan,0.000000000000000000e+00,nan,nan,nan,nan,nan,nan,nan,nan,nan,nan,-3.110419906687367231e-03,-1.555209953343683615e-03,nan,nan,nan,nan,nan,0.000000000000000000e+00,-9.331259720062101476e-04,3.732503888024907377e-03,nan,nan,nan
nan,nan,nan,nan,nan,-3.016591251885358815e-04,nan,nan,-4.524886877828038223e-03,nan,nan,nan,-2.413273001508287052e-03,nan,nan,nan,nan,nan,nan,nan,nan,nan,nan,nan,nan,nan,nan,nan,nan,nan,nan,nan,nan,nan,0.000000000000000000e+00,nan,nan,nan,nan,nan,nan,-2.111613876319751171e-03,nan,nan,nan,nan,nan,nan,nan,nan,nan,nan,-6.938159879336325275e-03,1.508295625942679408e-03,nan,nan,nan,nan,nan,-3.016591251885358815e-03,-3.318250377073894697e-03,-1.508295625942679408e-03,nan,nan,nan
nan,nan,nan,nan,nan,4.830917874396089932e-03,nan,nan,1.288244766505641748e-03,nan,nan,nan,4.508856682769702209e-03,nan,nan,nan,nan,nan,nan,nan,nan,nan,nan,nan,nan,nan,nan,nan,nan,nan,nan,nan,nan,nan,nan,nan,nan,nan,nan,nan,nan,4.508856682769723893e-03,nan,nan,nan,nan,nan,nan,nan,nan,3.220611916264082362e-03,nan,3.542673107890448401e-03,2.898550724637694205e-03,nan,nan,nan,nan,nan,3.542673107890470519e-03,6.119162640901709346e-03,6.119162640901687662e-03,nan,nan,nan
nan,nan,nan,nan,nan,0.000000000000000000e+00,nan,nan,-5.572755417956609843e-03,nan,nan,nan,0.000000000000000000e+00,nan,nan,nan,nan,nan,nan,nan,nan,nan,nan,nan,nan,nan,nan,nan,nan,nan,nan,nan,nan,nan,-3.095975232198178379e-04,nan,nan,nan,nan,nan,nan,-9.287925696594534052e-04,nan,nan,nan,nan,nan,nan,nan,nan,nan,nan,-6.501547987616063465e-03,4.334365325077449080e-03,nan,nan,nan,nan,nan,-9.287925696594534052e-04,-5.572755417956609843e-03,3.095975232198178379e-04,nan,nan,nan
nan,nan,nan,nan,nan,1.253918495297767777e-03,nan,nan,-7.836990595611359120e-03,nan,nan,nan,4.702194357366717634e-03,nan,nan,nan,nan,nan,nan,nan,nan,nan,nan,nan,nan,nan,nan,nan,nan,nan,nan,nan,nan,nan,nan,nan,2.351097178683381195e-02,nan,nan,nan,nan,nan,nan,nan,nan,nan,nan,nan,nan,nan,3.761755485893370117e-03,nan,-9.404388714733591392e-03,1.065830721003133662e-02,nan,nan,nan,nan,nan,-9.404388714733924026e-04,-2.821316614420110638e-03,4.388714733542254005e-03,nan,nan,nan
nan,nan,nan,nan,nan,3.647416413373849586e-03,nan,nan,3.647416413373849586e-03,nan,nan,nan,3.039513677811411579e-04,nan,nan,nan,nan,nan,nan,nan,nan,nan,nan,nan,nan,nan,nan,nan,nan,nan,nan,nan,nan,nan,-6.079027355623267681e-04,nan,nan,nan,nan,nan,nan,9.118541033434456999e-04,nan,nan,nan,nan,nan,nan,nan,nan,nan,nan,3.039513677811189860e-04,-1.519756838905816920e-03,nan,nan,nan,nan,nan,-4.440892098500626408e-17,3.039513677811411579e-04,1.823708206686869282e-03,nan,nan,nan
nan,nan,nan,nan,nan,0.000000000000000000e+00,nan,nan,3.144654088050358003e-03,nan,nan,nan,3.459119496855378537e-03,nan,nan,nan,nan,nan,nan,nan,nan,nan,nan,nan,nan,nan,nan,nan,nan,nan,nan,nan,nan,nan,0.000000000000000000e+00,nan,nan,nan,nan,nan,nan,3.144654088050646617e-04,nan,nan,nan,nan,nan,nan,nan,nan,nan,nan,5.660377358490587332e-03,9.433962264151051890e-04,nan,nan,nan,nan,nan,6.289308176100849796e-04,1.886792452830232713e-03,3.144654088050313767e-03,nan,nan,nan
nan,nan,nan,nan,nan,0.000000000000000000e+00,nan,nan,-1.494768310911886999e-03,nan,nan,nan,0.000000000000000000e+00,nan,nan,nan,nan,nan,nan,nan,nan,nan,nan,nan,nan,nan,nan,nan,nan,nan,nan,nan,nan,nan,nan,nan,nan,nan,nan,nan,nan,0.000000000000000000e+00,nan,nan,nan,nan,nan,nan,nan,nan,2.989536621823329693e-04,nan,-2.092675635276597390e-03,1.494768310911775977e-03,nan,nan,nan,nan,nan,0.000000000000000000e+00,-1.793721973094220077e-03,1.793721973094131172e-03,nan,nan,nan
3.105590062111795828e-03,nan,nan,nan,nan,1.552795031055875796e-03,nan,nan,9.937888198757760874e-03,nan,nan,nan,6.211180124223614207e-03,nan,nan,nan,nan,nan,nan,nan,nan,nan,nan,nan,nan,nan,nan,nan,nan,nan,nan,nan,nan,nan,nan,nan,nan,nan,nan,nan,nan,1.242236024844700594e-03,nan,nan,nan,nan,nan,nan,nan,nan,nan,nan,-6.211180124223502968e-04,0.000000000000000000e+00,nan,nan,nan,nan,nan,6.211180124223502968e-04,2.484472049689423305e-03,6.211180124223502968e-04,nan,nan,nan
nan,nan,nan,nan,nan,3.100775193798588564e-04,nan,nan,-3.720930232558106350e-03,nan,nan,nan,0.000000000000000000e+00,nan,nan,nan,nan,nan,nan,nan,nan,nan,nan,nan,nan,nan,nan,nan,nan,nan,nan,nan,nan,nan,3.100775193798588564e-04,nan,nan,nan,nan,nan,nan,1.240310077519390973e-03,nan,nan,nan,nan,nan,nan,nan,nan,nan,nan,-4.651162790697637925e-03,-1.550387596899183151e-03,nan,nan,nan,nan,nan,-1.550387596899183151e-03,1.550387596899249721e-03,4.341085271317823846e-03,nan,nan,nan
nan,nan,nan,nan,nan,1.283255086071985983e-02,nan,nan,9.389671361502482721e-04,nan,nan,nan,5.633802816901400945e-03,nan,nan,nan,nan,nan,nan,nan,nan,nan,nan,nan,nan,nan,nan,nan,nan,nan,nan,nan,nan,nan,nan,nan,nan,nan,nan,nan,nan,0.000000000000000000e+00,nan,nan,nan,nan,nan,nan,nan,nan,-3.755868544600926735e-03,nan,3.755868544600948853e-03,0.000000000000000000e+00,nan,nan,nan,nan,nan,6.259780907668322176e-04,0.000000000000000000e+00,5.946791862284817216e-03,nan,nan,nan
nan,nan,nan,nan,nan,0.000000000000000000e+00,nan,nan,1.104294478527612089e-02,nan,nan,nan,3.067484662576736194e-03,nan,nan,nan,nan,nan,nan,nan,nan,nan,nan,nan,nan,nan,nan,nan,nan,nan,nan,nan,nan,nan,nan,nan,-2.453987730061335526e-03,nan,nan,nan,nan,9.202453987730008222e-04,nan,nan,nan,nan,nan,nan,nan,nan,nan,nan,1.226993865030667763e-03,1.533742331288334704e-03,nan,nan,nan,nan,nan,0.000000000000000000e+00,6.134969325153338815e-04,3.067484662576669407e-04,nan,nan,nan
nan,nan,nan,nan,nan,-1.555209953343683615e-03,nan,nan,-1.555209953343683615e-03,nan,nan,nan,-1.555209953343683615e-03,nan,nan,nan,nan,nan,nan,nan,nan,nan,nan,nan,nan,nan,nan,nan,nan,nan,nan,nan,nan,nan,-1.244167962674946936e-03,nan,nan,nan,nan,nan,nan,0.000000000000000000e+00,nan,nan,nan,nan,nan,nan,nan,nan,nan,nan,-6.220839813374734678e-04,3.110419906687367231e-03,nan,nan,nan,nan,nan,0.000000000000000000e+00,1.555209953343683615e-03,3.110419906687411466e-03,nan,nan,nan
nan,nan,nan,nan,nan,0.000000000000000000e+00,nan,nan,3.110419906687367339e-04,nan,nan,nan,0.000000000000000000e+00,nan,nan,nan,nan,nan,nan,nan,nan,nan,nan,nan,nan,nan,nan,nan,nan,nan,nan,nan,nan,nan,nan,nan,nan,nan,nan,nan,nan,-6.220839813374734678e-04,nan,nan,nan,nan,nan,nan,nan,nan,-6.220839813374734678e-04,nan,0.000000000000000000e+00,6.220839813374734462e-03,nan,nan,nan,nan,nan,0.000000000000000000e+00,0.000000000000000000e+00,6.220839813374734462e-03,nan,nan,nan
nan,nan,nan,nan,nan,-1.584786053882791812e-03,nan,nan,1.141045958795561255e-02,nan,nan,nan,-1.584786053882769694e-03,nan,nan,nan,nan,nan,nan,nan,nan,nan,nan,nan,nan,nan,nan,nan,nan,nan,nan,nan,nan,nan,0.000000000000000000e+00,nan,-9.508716323296751089e-04,nan,nan,nan,nan,nan,nan,nan,nan,nan,nan,nan,nan,nan,nan,nan,-3.169572107765583516e-04,-3.169572107765583516e-04,nan,nan,nan,nan,nan,0.000000000000000000e+00,0.000000000000000000e+00,0.000000000000000000e+00,nan,nan,nan
nan,nan,nan,nan,nan,5.177993527508095890e-03,nan,nan,1.294498381877051728e-03,nan,nan,nan,6.472491909385258641e-04,nan,nan,nan,nan,nan,nan,nan,nan,nan,nan,nan,nan,nan,nan,nan,nan,nan,nan,nan,nan,nan,0.000000000000000000e+00,nan,nan,nan,nan,nan,nan,0.000000000000000000e+00,nan,nan,nan,nan,nan,nan,nan,nan,nan,nan,-9.708737864077887419e-04,0.000000000000000000e+00,nan,nan,nan,nan,nan,1.618122977346314606e-03,2.265372168284796126e-03,6.796116504854366261e-03,nan,nan,nan
nan,nan,nan,nan,nan,2.469135802469146594e-03,nan,nan,-3.086419753086433243e-04,nan,nan,nan,-2.160493827160503595e-03,nan,nan,nan,nan,nan,nan,nan,nan,nan,nan,nan,nan,nan,nan,nan,nan,nan,nan,nan,nan,nan,-6.172839506172866485e-04,nan,nan,nan,nan,nan,nan,9.259259259259300812e-04,nan,nan,nan,nan,nan,nan,nan,nan,nan,nan,-2.469135802469146594e-03,-1.234567901234573297e-03,nan,nan,nan,nan,nan,-1.234567901234573297e-03,-3.395061728395076892e-03,-2.160493827160503595e-03,nan,nan,nan
nan,nan,nan,nan,nan,0.000000000000000000e+00,nan,nan,0.000000000000000000e+00,nan,nan,nan,-2.450229709035234120e-03,nan,nan,nan,nan,nan,nan,nan,nan,nan,nan,nan,nan,nan,nan,nan,nan,nan,nan,nan,nan,nan,0.000000000000000000e+00,nan,5.206738131699783709e-03,nan,nan,nan,nan,nan,nan,nan,nan,nan,nan,nan,nan,nan,nan,nan,-4.900459418070468240e-03,9.188361408882129034e-04,nan,nan,nan,nan,nan,-3.062787136294042650e-04,-1.837672281776425807e-03,0.000000000000000000e+00,nan,nan,nan
nan,nan,nan,nan,nan,5.206738131699873047e-03,nan,nan,-1.225114854517617060e-03,nan,nan,nan,1.837672281776416700e-02,nan,nan,nan,nan,nan,nan,nan,nan,nan,nan,nan,nan,nan,nan,nan,nan,nan,nan,nan,nan,nan,nan,nan,nan,nan,nan,nan,nan,-6.125574272588085300e-04,nan,nan,nan,nan,nan,nan,nan,nan,2.450229709035234120e-03,nan,-2.450229709035234120e-03,4.287901990811660360e-03,nan,nan,nan,nan,nan,9.188361408882129034e-04,-1.837672281776425807e-03,7.044410413476298420e-03,nan,nan,nan
nan,nan,nan,nan,nan,0.000000000000000000e+00,nan,nan,nan,nan,nan,nan,nan,nan,nan,nan,nan,nan,nan,nan,nan,nan,nan,nan,nan,nan,nan,nan,nan,nan,nan,nan,nan,nan,-3.105590062111751484e-04,nan,nan,nan,nan,nan,nan,-9.316770186335254994e-04,nan,nan,nan,nan,nan,nan,nan,nan,nan,nan,-6.211180124223502968e-04,0.000000000000000000e+00,nan,nan,nan,nan,nan,-2.795031055900576607e-03,3.726708074534190902e-03,2.484472049689490092e-03,nan,1.708074534161496683e-02,-3.416149068322926578e-03
nan,nan,nan,nan,nan,0.000000000000000000e+00,nan,nan,nan,nan,nan,nan,nan,nan,nan,nan,nan,nan,nan,nan,nan,nan,nan,nan,nan,nan,nan,nan,nan,nan,nan,nan,nan,nan,5.979073243647103908e-04,nan,nan,nan,nan,nan,nan,-2.989536621823995935e-04,nan,nan,nan,nan,nan,nan,nan,nan,nan,nan,-1.195814648729509686e-03,-2.220446049250313204e-17,nan,nan,nan,nan,nan,-1.494768310911864882e-03,2.092675635276530603e-03,-2.092675635276575272e-03,nan,9.865470852017877573e-03,-1.195814648729509686e-03
nan,nan,nan,nan,nan,4.680187207488306633e-03,nan,nan,1.560062402496094000e-02,nan,nan,nan,1.716068642745702949e-02,nan,nan,nan,nan,nan,nan,nan,nan,nan,nan,nan,nan,nan,nan,nan,nan,nan,nan,nan,nan,nan,nan,nan,4.680187207488306633e-03,nan,nan,nan,nan,3.120124804991908580e-04,nan,nan,nan,nan,nan,nan,nan,nan,nan,nan,3.432137285491365826e-03,0.000000000000000000e+00,nan,nan,nan,nan,nan,3.120124804991908580e-04,-6.240249609984705121e-04,3.432137285491387944e-03,nan,nan,nan
nan,nan,nan,nan,nan,2.150537634408600414e-03,nan,nan,2.457757296466955670e-03,nan,nan,nan,3.686635944700422662e-03,nan,nan,nan,nan,nan,nan,nan,nan,nan,nan,nan,nan,nan,nan,nan,nan,nan,nan,nan,nan,nan,0.000000000000000000e+00,nan,nan,nan,nan,nan,nan,4.301075268817178276e-03,nan,nan,nan,nan,nan,nan,nan,nan,nan,nan,5.222734254992289146e-03,0.000000000000000000e+00,nan,nan,nan,nan,nan,-9.216589861751334212e-04,9.216589861750889689e-04,1.843317972350222390e-03,nan,nan,nan
nan,nan,nan,nan,nan,0.000000000000000000e+00,nan,nan,4.608294930875556084e-03,nan,nan,nan,0.000000000000000000e+00,nan,nan,nan,nan,nan,nan,nan,nan,nan,nan,nan,nan,nan,nan,nan,nan,nan,nan,nan,nan,nan,nan,nan,nan,nan,nan,nan,nan,4.301075268817178276e-03,nan,nan,nan,nan,nan,nan,nan,nan,nan,nan,4.915514592933933891e-03,0.000000000000000000e+00,nan,nan,nan,nan,nan,3.072196620583778071e-04,1.505376344086020203e-02,0.000000000000000000e+00,nan,3.440860215053760662e-02,nan
nan,nan,nan,nan,nan,2.140672782874575211e-03,nan,nan,-4.281345565749305679e-03,nan,nan,nan,-5.198776758409828433e-03,nan,nan,nan,nan,nan,nan,nan,nan,nan,nan,nan,nan,nan,nan,nan,nan,nan,nan,nan,nan,nan,2.446483180428127464e-03,nan,nan,nan,nan,nan,nan,-2.446483180428149582e-03,nan,nan,nan,nan,nan,nan,nan,nan,nan,nan,-4.281345565749305679e-03,1.223241590214030339e-03,nan,nan,nan,nan,nan,-3.058103975535298108e-04,-1.834862385321134413e-03,4.892966360856232377e-03,nan,nan,nan
nan,nan,nan,nan,nan,-1.562500000000022204e-03,nan,nan,8.437500000000031780e-03,nan,nan,nan,9.375000000000133010e-04,nan,nan,nan,nan,nan,nan,nan,nan,nan,nan,nan,nan,nan,nan,nan,nan,nan,nan,nan,nan,nan,nan,nan,1.562500000000022204e-03,nan,nan,nan,nan,0.000000000000000000e+00,nan,nan,nan,nan,nan,nan,nan,nan,nan,nan,0.000000000000000000e+00,-1.562500000000022204e-03,nan,nan,nan,nan,nan,0.000000000000000000e+00,-3.125000000000044517e-04,0.000000000000000000e+00,nan,nan,nan
nan,nan,nan,nan,nan,7.476635514018647663e-03,nan,nan,-2.803738317757042964e-03,nan,nan,nan,-3.738317757009390618e-03,nan,nan,nan,nan,nan,nan,nan,nan,nan,nan,nan,nan,nan,nan,nan,nan,nan,nan,nan,nan,nan,nan,nan,nan,nan,nan,nan,nan,3.115264797507677702e-04,nan,nan,6.230529595015355405e-04,nan,nan,nan,nan,nan,nan,nan,-3.115264797507810626e-03,-3.115264797507899422e-04,nan,nan,nan,nan,nan,3.115264797507677702e-04,6.230529595015355405e-04,1.557632398753838743e-03,nan,nan,nan
nan,nan,nan,nan,nan,9.770992366412257352e-03,nan,nan,3.053435114503955106e-04,nan,nan,nan,5.801526717557248421e-03,nan,nan,nan,nan,nan,nan,nan,nan,nan,nan,nan,nan,nan,nan,nan,nan,nan,nan,nan,nan,nan,nan,nan,nan,nan,nan,nan,nan,6.106870229007910211e-04,nan,nan,nan,nan,nan,nan,nan,nan,-1.221374045801493138e-03,nan,2.442748091603075180e-03,1.221374045801582042e-03,nan,nan,nan,nan,nan,0.000000000000000000e+00,1.526717557251955435e-03,3.053435114503955106e-04,nan,nan,nan
nan,nan,nan,nan,nan,4.629629629629650189e-03,nan,nan,3.950617283950615122e-02,nan,nan,nan,3.641975308641975939e-02,nan,nan,nan,nan,nan,nan,nan,nan,nan,nan,nan,nan,nan,nan,nan,nan,nan,nan,nan,nan,nan,3.086419753086433460e-03,nan,nan,nan,nan,nan,nan,-3.703703703703720325e-03,nan,nan,nan,nan,nan,nan,nan,nan,nan,nan,-5.864197530864223920e-03,-3.086419753086433243e-04,nan,nan,nan,nan,nan,-1.234567901234573297e-03,-2.777777777777790027e-03,-3.086419753086433460e-03,nan,nan,nan
nan,nan,nan,nan,nan,2.150537634408533627e-03,nan,nan,nan,nan,nan,nan,nan,nan,nan,nan,nan,nan,nan,nan,nan,nan,nan,nan,nan,nan,nan,nan,nan,nan,nan,nan,nan,nan,-2.457757296467000339e-03,nan,nan,nan,nan,nan,nan,9.216589861750668512e-04,nan,nan,nan,nan,nan,nan,nan,nan,nan,nan,6.144393241167111618e-04,1.536098310291778013e-03,nan,nan,5.529953917050666953e-03,nan,nan,-4.440892098500626408e-17,-3.072196620584000332e-04,0.000000000000000000e+00,nan,3.072196620583667048e-03,nan
nan,nan,nan,nan,nan,0.000000000000000000e+00,nan,nan,7.680491551459245683e-03,nan,nan,nan,1.843317972350177938e-03,nan,nan,nan,nan,nan,nan,nan,nan,nan,nan,nan,nan,nan,nan,nan,nan,nan,nan,nan,nan,nan,nan,nan,nan,nan,nan,nan,nan,3.379416282642044855e-03,nan,nan,9.216589861750446250e-04,nan,nan,nan,nan,nan,nan,nan,5.837173579109044760e-03,0.000000000000000000e+00,nan,nan,nan,nan,nan,2.150537634408533627e-03,2.150537634408533627e-03,3.379416282642044855e-03,nan,nan,nan
nan,nan,nan,nan,nan,1.234567901234573297e-03,nan,nan,nan,nan,0.000000000000000000e+00,nan,nan,nan,nan,nan,nan,nan,nan,nan,nan,nan,nan,nan,nan,nan,nan,nan,nan,nan,nan,nan,nan,nan,0.000000000000000000e+00,nan,nan,nan,nan,nan,nan,0.000000000000000000e+00,nan,nan,nan,nan,nan,nan,nan,nan,3.395061728394965870e-03,nan,6.481481481481398896e-03,3.086419753086433243e-04,nan,nan,nan,nan,nan,0.000000000000000000e+00,1.543209876543194612e-03,4.938271604938182166e-03,nan,nan,nan
nan,nan,nan,nan,nan,4.056162246489880899e-03,nan,nan,-2.496099843993704239e-03,nan,nan,nan,-3.432137285491387944e-03,nan,nan,nan,nan,nan,nan,nan,nan,nan,nan,nan,nan,nan,nan,nan,nan,nan,nan,nan,nan,nan,nan,nan,4.680187207488329185e-03,nan,nan,nan,nan,0.000000000000000000e+00,nan,nan,nan,nan,nan,nan,nan,nan,nan,nan,-3.432137285491343275e-03,0.000000000000000000e+00,nan,nan,nan,nan,nan,6.240249609984705121e-04,6.240249609984927382e-04,0.000000000000000000e+00,nan,nan,nan
2.163833075734200584e-03,nan,nan,nan,nan,1.545595054095905141e-03,nan,nan,nan,nan,nan,nan,2.220446049250313204e-17,nan,nan,nan,nan,nan,nan,nan,nan,nan,nan,nan,nan,nan,nan,nan,nan,nan,nan,nan,nan,nan,1.545595054095905141e-03,nan,nan,nan,nan,nan,nan,1.545595054095883023e-03,nan,nan,nan,nan,nan,nan,nan,nan,nan,nan,-2.782071097372407122e-03,1.236476043276724026e-03,nan,nan,nan,nan,nan,9.273570324575431279e-04,-1.545595054095794119e-03,3.091190108191810065e-04,nan,nan,nan
nan,nan,nan,nan,nan,1.517450682852805599e-03,nan,nan,nan,nan,0.000000000000000000e+00,nan,2.124430955993927752e-03,nan,nan,nan,nan,nan,nan,nan,nan,nan,nan,nan,nan,nan,nan,nan,nan,nan,nan,nan,nan,nan,0.000000000000000000e+00,nan,nan,nan,nan,nan,nan,1.517450682852805599e-03,nan,nan,nan,nan,nan,nan,nan,nan,nan,nan,0.000000000000000000e+00,3.034901365705611307e-04,nan,nan,nan,nan,nan,0.000000000000000000e+00,6.069802731411222613e-04,-3.034901365705611307e-04,nan,nan,nan
nan,nan,nan,nan,nan,0.000000000000000000e+00,nan,nan,-5.564142194744947818e-03,nan,nan,nan,-5.873261205564106816e-03,nan,nan,nan,nan,nan,nan,nan,nan,nan,nan,nan,nan,nan,nan,nan,nan,nan,nan,nan,nan,nan,6.182380216383620130e-04,nan,nan,nan,nan,nan,nan,1.236476043276701908e-03,nan,nan,nan,nan,nan,nan,nan,nan,nan,nan,-5.564142194744969502e-03,6.182380216383620130e-04,nan,nan,nan,nan,nan,-2.472952086553270677e-03,1.545595054095883023e-03,7.727975270479170086e-03,nan,nan,nan
nan,nan,nan,nan,nan,3.598200899550252178e-03,nan,nan,nan,nan,nan,nan,7.796101949025513282e-03,nan,nan,nan,nan,nan,nan,nan,nan,nan,nan,nan,nan,nan,nan,nan,nan,nan,nan,nan,nan,nan,-1.499250374812577391e-03,nan,nan,nan,nan,nan,nan,0.000000000000000000e+00,nan,nan,-8.995502248875464563e-04,nan,nan,nan,nan,nan,nan,nan,1.199400299850061869e-03,0.000000000000000000e+00,nan,nan,nan,nan,nan,0.000000000000000000e+00,0.000000000000000000e+00,4.497751124437820644e-03,nan,nan,nan
6.134969325153338815e-04,nan,nan,nan,nan,-1.226993865030667763e-03,nan,nan,3.987730061349670230e-03,nan,nan,nan,6.134969325153338815e-04,nan,nan,nan,nan,nan,nan,nan,nan,nan,nan,nan,nan,nan,nan,nan,nan,nan,nan,nan,nan,nan,nan,nan,nan,nan,nan,nan,nan,0.000000000000000000e+00,nan,nan,nan,nan,nan,nan,nan,nan,nan,nan,-3.067484662576669407e-03,3.374233128834336348e-03,nan,nan,nan,nan,nan,-1.533742331288334704e-03,-9.202453987730008222e-04,6.134969325153338815e-04,nan,nan,nan
nan,nan,nan,nan,nan,3.115264797507899422e-04,nan,nan,3.738317757009368501e-03,nan,nan,nan,-1.557632398753838743e-03,nan,nan,nan,nan,nan,nan,nan,nan,nan,nan,nan,nan,nan,nan,nan,nan,nan,nan,nan,nan,nan,3.115264797508121683e-04,nan,nan,nan,nan,nan,nan,-1.557632398753860861e-03,nan,nan,nan,nan,nan,nan,nan,nan,nan,nan,-1.557632398753838743e-03,1.246105919003159769e-03,nan,nan,nan,nan,nan,-2.803738317756998728e-03,2.220446049250313204e-17,3.426791277258600839e-03,nan,nan,nan
2.427921092564489045e-03,nan,nan,nan,nan,6.069802731411222613e-04,nan,nan,nan,nan,nan,nan,nan,nan,nan,nan,nan,nan,nan,nan,nan,nan,nan,nan,nan,nan,nan,nan,nan,nan,nan,nan,nan,nan,9.104704097116833377e-04,nan,nan,nan,nan,nan,nan,1.517450682852805599e-03,nan,nan,nan,nan,nan,nan,nan,nan,nan,nan,1.820940819423366675e-03,1.517450682852805599e-03,nan,nan,2.185128983308039924e-02,nan,nan,1.213960546282244523e-03,4.552352048558416797e-03,-1.517450682852805599e-03,nan,nan,nan
nan,nan,nan,nan,nan,1.232665639445240657e-03,nan,nan,-3.081664098613767886e-04,nan,nan,nan,3.697996918335877230e-03,nan,nan,nan,nan,nan,nan,nan,nan,nan,nan,nan,nan,nan,nan,nan,nan,nan,nan,nan,nan,nan,nan,nan,3.081664098612879382e-04,nan,nan,nan,nan,6.163328197225981025e-04,nan,nan,nan,nan,nan,nan,nan,nan,nan,nan,5.238828967642494838e-03,0.000000000000000000e+00,nan,nan,nan,nan,nan,0.000000000000000000e+00,-1.540832049306661844e-03,4.314329738058497558e-03,nan,nan,nan
-4.354587869362313950e-03,nan,nan,nan,nan,-4.976671850699809427e-03,nan,nan,nan,nan,nan,nan,nan,nan,nan,nan,nan,nan,nan,nan,nan,nan,nan,nan,nan,nan,nan,nan,nan,nan,nan,nan,nan,nan,-1.555209953343683615e-03,nan,nan,nan,nan,nan,nan,-3.732503888024840590e-03,nan,nan,nan,nan,nan,nan,nan,nan,nan,nan,-5.598755832037305771e-03,-6.220839813374734678e-04,nan,nan,nan,nan,nan,0.000000000000000000e+00,-2.488335925349893871e-03,0.000000000000000000e+00,nan,nan,-3.732503888024840590e-03
nan,nan,nan,nan,nan,2.089552238805914008e-03,nan,nan,-1.492537313432862290e-03,nan,nan,nan,-1.194029850746325481e-03,nan,nan,nan,nan,nan,nan,nan,nan,nan,nan,nan,nan,nan,nan,nan,nan,nan,nan,nan,nan,nan,0.000000000000000000e+00,nan,nan,nan,nan,nan,nan,-1.492537313432884625e-03,nan,nan,nan,nan,nan,nan,nan,nan,nan,nan,-5.671641791044845782e-03,0.000000000000000000e+00,nan,nan,nan,nan,nan,-1.194029850746303146e-03,-2.985074626865724581e-03,4.179104477611894804e-03,nan,nan,nan
nan,nan,nan,nan,nan,0.000000000000000000e+00,nan,nan,1.303030303030301360e-02,nan,nan,nan,-3.030303030303071934e-03,nan,nan,nan,nan,nan,nan,nan,nan,nan,nan,nan,nan,nan,nan,nan,nan,nan,nan,nan,nan,nan,nan,nan,6.969696969696936514e-03,nan,nan,nan,nan,9.090909090908816598e-04,nan,nan,nan,nan,nan,nan,nan,nan,nan,nan,6.060606060605877371e-04,1.818181818181763320e-03,nan,nan,nan,nan,nan,-1.515151515151535967e-03,-2.121212121212190382e-03,-3.030303030303160947e-04,nan,nan,nan
-4.900459418070468240e-03,nan,nan,nan,nan,0.000000000000000000e+00,nan,nan,5.819295558958681794e-03,nan,nan,nan,7.350689127105703227e-03,nan,nan,nan,nan,nan,nan,nan,nan,nan,nan,nan,nan,nan,nan,nan,nan,nan,nan,nan,nan,nan,nan,nan,2.143950995405830180e-03,nan,nan,nan,nan,nan,nan,nan,nan,nan,nan,nan,nan,nan,nan,nan,-4.594180704441064300e-03,1.225114854517617060e-03,nan,nan,nan,nan,nan,0.000000000000000000e+00,-3.981623277182255553e-03,3.062787136294042650e-04,nan,nan,nan
nan,nan,nan,nan,nan,1.560062402496065204e-03,nan,nan,2.340093603744146725e-02,nan,nan,nan,-3.120124804992352560e-04,nan,nan,nan,nan,nan,nan,nan,nan,nan,nan,nan,nan,nan,nan,nan,nan,nan,nan,nan,nan,nan,nan,nan,2.527301092043676700e-02,nan,nan,nan,nan,nan,nan,nan,nan,nan,nan,nan,nan,nan,-2.496099843993815261e-03,nan,-2.808112324493028562e-03,0.000000000000000000e+00,nan,nan,nan,nan,nan,-1.248049921996896572e-03,-3.120124804992352560e-04,5.616224648985923551e-03,nan,nan,nan
nan,nan,nan,nan,nan,5.496183206106808675e-03,nan,nan,-2.748091603053470691e-03,nan,nan,nan,9.160305343511398676e-03,nan,nan,nan,nan,nan,nan,nan,nan,nan,nan,nan,nan,nan,nan,nan,nan,nan,nan,nan,nan,nan,nan,nan,nan,nan,nan,nan,nan,3.053435114503288863e-04,nan,nan,nan,nan,nan,nan,nan,nan,-2.220446049250313204e-17,nan,-2.748091603053492808e-03,3.053435114503733061e-03,nan,nan,nan,nan,nan,-3.053435114504177367e-04,-2.748091603053470691e-03,3.053435114503732844e-04,nan,nan,nan
nan,nan,nan,nan,nan,4.135893648449129323e-03,nan,nan,0.000000000000000000e+00,nan,nan,nan,0.000000000000000000e+00,nan,nan,nan,nan,nan,nan,nan,nan,nan,nan,nan,nan,nan,nan,nan,nan,nan,nan,nan,nan,nan,-8.862629246676467787e-04,nan,nan,nan,nan,nan,nan,nan,nan,nan,nan,nan,nan,nan,nan,nan,-2.954209748892155929e-03,nan,-2.067946824224509150e-03,0.000000000000000000e+00,nan,nan,nan,nan,nan,0.000000000000000000e+00,-5.908419497784311858e-04,2.954209748892378190e-04,nan,nan,nan
nan,nan,nan,nan,nan,5.607476635513997457e-03,nan,nan,9.968847352024901715e-03,nan,nan,nan,5.919003115264787236e-03,nan,nan,nan,nan,nan,nan,nan,nan,nan,nan,nan,nan,nan,nan,nan,nan,nan,nan,nan,nan,nan,3.426791277258556170e-03,nan,nan,nan,nan,nan,nan,-3.115264797508121683e-04,nan,nan,nan,nan,nan,nan,nan,nan,nan,nan,1.246105919003071081e-03,1.869158878504628739e-03,nan,nan,nan,nan,nan,1.557632398753860861e-03,5.295950155763206810e-03,4.984423676012439582e-03,nan,nan,nan
nan,nan,nan,nan,nan,0.000000000000000000e+00,nan,nan,9.508716323295863127e-04,nan,-1.584786053882791812e-03,nan,0.000000000000000000e+00,nan,nan,nan,nan,nan,nan,nan,nan,nan,nan,nan,nan,nan,nan,nan,nan,nan,nan,nan,nan,nan,nan,nan,0.000000000000000000e+00,nan,nan,nan,nan,nan,nan,nan,nan,nan,nan,nan,nan,nan,nan,nan,1.901743264659239195e-03,0.000000000000000000e+00,nan,nan,nan,nan,nan,-6.339144215531167031e-04,0.000000000000000000e+00,0.000000000000000000e+00,nan,nan,nan
nan,nan,nan,nan,nan,1.552795031055875796e-03,nan,nan,-6.211180124223947491e-04,nan,nan,nan,-1.863354037267117569e-03,nan,nan,nan,nan,nan,nan,nan,nan,nan,nan,nan,nan,nan,nan,nan,nan,nan,nan,nan,nan,nan,0.000000000000000000e+00,nan,nan,nan,nan,nan,nan,-1.242236024844789498e-03,nan,nan,nan,nan,nan,nan,nan,nan,nan,nan,1.552795031055875796e-03,0.000000000000000000e+00,nan,nan,nan,nan,nan,1.242236024844700594e-03,3.105590062111751484e-04,0.000000000000000000e+00,nan,nan,nan
nan,nan,nan,nan,nan,0.000000000000000000e+00,nan,nan,1.512859304084734902e-03,nan,nan,nan,0.000000000000000000e+00,nan,nan,nan,nan,nan,nan,nan,nan,nan,nan,nan,nan,nan,nan,nan,nan,nan,nan,nan,nan,nan,0.000000000000000000e+00,nan,nan,nan,nan,nan,nan,0.000000000000000000e+00,nan,nan,nan,nan,nan,nan,nan,nan,nan,nan,3.025718608169469803e-04,-1.512859304084734902e-03,nan,nan,nan,nan,nan,0.000000000000000000e+00,0.000000000000000000e+00,4.236006051437257725e-03,nan,nan,nan
nan,nan,nan,nan,nan,-1.515151515151580419e-03,nan,nan,-9.090909090909260037e-04,nan,nan,nan,nan,nan,nan,nan,nan,nan,nan,nan,nan,nan,nan,nan,nan,nan,nan,nan,nan,nan,nan,nan,nan,nan,-3.030303030303160947e-04,nan,nan,nan,nan,nan,nan,-1.212121212121219926e-03,nan,nan,-6.060606060606321894e-04,nan,nan,nan,nan,nan,nan,nan,-2.121212121212168265e-03,0.000000000000000000e+00,nan,nan,nan,nan,nan,0.000000000000000000e+00,0.000000000000000000e+00,0.000000000000000000e+00,nan,nan,nan
nan,nan,nan,nan,nan,1.550387596899183151e-03,nan,nan,-1.550387596899294174e-03,nan,nan,nan,-9.302325581395764608e-04,nan,nan,nan,nan,nan,nan,nan,nan,nan,nan,nan,nan,nan,nan,nan,nan,nan,nan,nan,nan,nan,0.000000000000000000e+00,nan,4.341085271317779611e-03,nan,nan,nan,nan,nan,nan,nan,nan,nan,nan,nan,nan,nan,nan,nan,3.100775193798144041e-04,0.000000000000000000e+00,nan,nan,nan,nan,nan,3.100775193798366303e-04,-1.550387596899272056e-03,4.341085271317779611e-03,nan,nan,nan
nan,nan,nan,nan,nan,3.081664098613101643e-04,nan,nan,1.232665639445262775e-03,nan,nan,nan,-1.232665639445329562e-03,nan,nan,nan,nan,nan,nan,nan,nan,nan,nan,nan,nan,nan,nan,nan,nan,nan,nan,nan,nan,nan,nan,nan,nan,nan,nan,nan,nan,1.232665639445262775e-03,nan,nan,0.000000000000000000e+00,nan,nan,nan,nan,nan,nan,nan,-1.540832049306661844e-03,-6.163328197226647810e-04,nan,nan,nan,nan,nan,0.000000000000000000e+00,1.232665639445262775e-03,1.232665639445240657e-03,nan,nan,nan
nan,nan,nan,nan,nan,0.000000000000000000e+00,nan,nan,3.630862329803363764e-03,nan,0.000000000000000000e+00,nan,-3.025718608169469803e-04,nan,nan,nan,nan,nan,nan,nan,nan,nan,nan,nan,nan,nan,nan,nan,nan,nan,nan,nan,nan,nan,nan,nan,nan,nan,nan,nan,nan,0.000000000000000000e+00,nan,nan,nan,nan,nan,nan,nan,nan,nan,nan,-6.051437216338939606e-04,1.512859304084734902e-03,nan,nan,nan,nan,nan,-1.210287443267787921e-03,-1.512859304084734902e-03,-3.025718608169469803e-04,nan,nan,nan
nan,nan,nan,nan,nan,1.920000000000032792e-03,nan,nan,1.600000000000045830e-03,nan,nan,nan,1.600000000000045830e-03,nan,nan,nan,nan,nan,nan,nan,nan,nan,nan,nan,nan,nan,nan,nan,nan,nan,nan,nan,nan,nan,1.600000000000045830e-03,nan,nan,nan,nan,nan,nan,2.240000000000019753e-03,nan,nan,nan,nan,nan,nan,nan,nan,nan,nan,0.000000000000000000e+00,1.600000000000045830e-03,nan,nan,nan,nan,nan,2.560000000000006715e-03,0.000000000000000000e+00,7.040000000000023669e-03,nan,nan,nan
nan,nan,nan,nan,nan,8.199121522693929992e-03,nan,nan,2.489019033674957221e-02,nan,nan,nan,3.191800878477302206e-02,nan,nan,nan,nan,nan,nan,nan,nan,nan,nan,nan,nan,nan,nan,nan,nan,nan,nan,nan,nan,nan,2.928257686676038812e-04,nan,nan,nan,nan,nan,nan,2.928257686676038812e-04,nan,nan,nan,nan,nan,nan,nan,nan,nan,nan,1.171303074670548882e-03,0.000000000000000000e+00,nan,nan,nan,nan,nan,8.784773060028783220e-04,4.099560761346964996e-03,4.392386530014613655e-03,nan,nan,nan
nan,nan,nan,nan,nan,6.646525679758275192e-03,nan,nan,-1.510574018126931151e-03,nan,nan,nan,-3.021148036254306607e-04,nan,nan,nan,nan,nan,nan,nan,nan,nan,nan,nan,nan,nan,nan,nan,nan,nan,nan,nan,nan,nan,0.000000000000000000e+00,nan,nan,nan,nan,nan,nan,9.063444108760920553e-04,nan,nan,nan,nan,nan,nan,nan,nan,nan,nan,-6.042296072507724169e-04,0.000000000000000000e+00,nan,nan,nan,nan,nan,-6.042296072507724169e-04,3.021148036253418104e-04,2.719033232628364962e-03,nan,nan,nan
2.140672782874664115e-03,nan,nan,nan,nan,5.198776758409850984e-03,nan,nan,3.669724770642246274e-03,nan,nan,nan,1.590214067278292870e-02,nan,nan,nan,nan,nan,nan,nan,nan,nan,nan,nan,nan,nan,nan,nan,nan,nan,nan,nan,nan,nan,nan,nan,nan,nan,nan,nan,nan,3.058103975535231105e-03,nan,nan,nan,nan,nan,nan,nan,nan,nan,nan,4.892966360856299164e-03,1.223241590214119243e-03,nan,nan,nan,nan,nan,0.000000000000000000e+00,3.975535168195798094e-03,5.198776758409850984e-03,nan,nan,nan
nan,nan,nan,nan,nan,4.709576138147597568e-03,nan,nan,4.395604395604424224e-03,nan,nan,nan,0.000000000000000000e+00,nan,nan,nan,nan,nan,nan,nan,nan,nan,nan,nan,nan,nan,nan,nan,nan,nan,nan,nan,nan,nan,nan,nan,2.197802197802212112e-03,nan,nan,nan,nan,1.255886970172692728e-03,nan,nan,nan,nan,nan,nan,nan,nan,nan,nan,0.000000000000000000e+00,0.000000000000000000e+00,nan,nan,nan,nan,nan,0.000000000000000000e+00,3.139717425431731821e-04,0.000000000000000000e+00,nan,nan,nan
nan,nan,nan,nan,nan,-3.225806451612966974e-03,nan,nan,nan,nan,nan,nan,-1.935483870967824550e-03,nan,nan,nan,nan,nan,nan,nan,nan,nan,nan,nan,nan,nan,nan,nan,nan,nan,nan,nan,nan,nan,nan,nan,nan,nan,nan,nan,nan,-2.220446049250313204e-17,nan,nan,nan,nan,nan,nan,nan,nan,nan,nan,0.000000000000000000e+00,0.000000000000000000e+00,nan,nan,nan,nan,nan,-2.220446049250313204e-17,6.451612903225489859e-04,-1.612903225806538998e-03,nan,6.774193548387086143e-03,-6.451612903226155559e-04
nan,nan,nan,nan,nan,-1.564945226917080490e-03,nan,nan,1.251956181533642187e-02,nan,nan,nan,1.909233176838807250e-02,nan,nan,nan,nan,nan,nan,nan,nan,nan,nan,nan,nan,nan,nan,nan,nan,nan,nan,nan,nan,nan,-1.251956181533664435e-03,nan,nan,nan,nan,nan,nan,-1.877934272300496544e-03,nan,nan,nan,nan,nan,nan,nan,nan,nan,nan,-1.564945226917080490e-03,0.000000000000000000e+00,nan,nan,nan,nan,nan,0.000000000000000000e+00,-1.877934272300496544e-03,5.007824726134546718e-03,nan,nan,nan
nan,nan,nan,nan,nan,1.223241590214030339e-03,nan,nan,5.198776758409784197e-03,nan,nan,nan,1.314984709480122513e-02,nan,nan,nan,nan,nan,nan,nan,nan,nan,nan,nan,nan,nan,nan,nan,nan,nan,nan,nan,nan,nan,nan,nan,1.529051987767537923e-03,nan,nan,nan,nan,1.529051987767537923e-03,nan,nan,nan,nan,nan,nan,nan,nan,nan,nan,5.810397553516821918e-03,0.000000000000000000e+00,nan,nan,nan,nan,nan,1.834862385321089960e-03,1.529051987767560041e-03,3.058103975534853585e-04,nan,nan,nan
nan,nan,nan,nan,nan,2.170542635658967434e-03,nan,nan,-1.550387596899183151e-03,nan,nan,nan,-9.302325581394876646e-04,nan,nan,nan,nan,nan,nan,nan,nan,nan,nan,nan,nan,nan,nan,nan,nan,nan,nan,nan,nan,nan,nan,nan,1.240310077519435426e-03,nan,nan,nan,nan,2.790697674418618577e-03,nan,nan,nan,nan,nan,nan,nan,nan,nan,nan,1.240310077519435426e-03,0.000000000000000000e+00,nan,nan,nan,nan,nan,1.860465116279130804e-03,-6.201550387596732605e-04,2.170542635658967434e-03,nan,nan,nan
