nan,nan,nan,nan,nan,nan,nan,nan,nan,nan,nan,3.861003861003853396e-04,nan,nan,5.019305019305008927e-03,nan,nan,nan,nan,nan,nan,nan,1.158301158301164833e-02,1.015444015444015857e-01,nan,nan,nan,nan,nan,-9.266409266409226034e-03,nan,nan,nan,nan,nan,nan,nan,nan,nan,0.000000000000000000e+00,nan,nan,nan,9.266409266409291953e-03,7.722007722007706793e-04,nan,nan,nan,nan,nan,nan,nan,3.861003861003853396e-04,nan,nan,nan,nan,1.119691119691124115e-02,nan,nan,nan,nan,nan,nan,nan
nan,nan,nan,nan,nan,nan,nan,nan,nan,nan,nan,nan,nan,nan,-2.220446049250313204e-17,nan,nan,8.560311284046684746e-03,-2.217898832684823615e-02,-1.322957198443579577e-02,-4.669260700389088470e-03,-6.225680933852117960e-03,-7.392996108949412629e-03,nan,nan,nan,nan,nan,nan,nan,nan,nan,nan,nan,nan,nan,nan,nan,nan,nan,nan,-7.392996108949390077e-03,nan,nan,nan,nan,nan,nan,0.000000000000000000e+00,nan,nan,nan,nan,nan,nan,nan,nan,-7.782101167315147450e-03,nan,nan,nan,nan,nan,nan,nan
nan,nan,-2.925851703406816620e-02,4.008016032063799194e-04,nan,8.416833667334621891e-03,nan,nan,nan,nan,nan,nan,nan,nan,nan,-5.290581162324654863e-02,nan,nan,nan,nan,nan,nan,-1.883767535070142093e-02,nan,nan,nan,nan,nan,nan,nan,nan,nan,-8.016032064128598023e-04,nan,nan,nan,nan,-2.404809619238501561e-03,3.607214428857663437e-03,nan,nan,nan,nan,nan,nan,nan,nan,-1.603206412825664093e-03,nan,nan,nan,nan,nan,nan,nan,nan,nan,nan,nan,1.202404809619206328e-03,nan,nan,nan,nan,nan
nan,nan,nan,nan,4.633204633204624293e-03,-2.200772200772196235e-02,nan,nan,nan,nan,nan,0.000000000000000000e+00,nan,nan,0.000000000000000000e+00,-2.277992277992273509e-02,nan,nan,nan,nan,nan,nan,-2.084942084942080845e-02,nan,nan,nan,nan,nan,nan,1.274131274131271550e-02,nan,nan,nan,nan,nan,nan,nan,nan,nan,nan,nan,-2.200772200772196235e-02,nan,nan,nan,nan,nan,0.000000000000000000e+00,nan,nan,nan,nan,nan,nan,nan,nan,nan,nan,nan,nan,nan,nan,-2.084942084942080845e-02,nan,nan
nan,nan,nan,nan,nan,nan,nan,nan,nan,nan,nan,nan,nan,nan,-2.015503875968984587e-02,-1.395348837209295888e-02,-4.651162790697671578e-02,-2.131782945736426793e-02,-6.317829457364336487e-02,nan,-4.651162790697593689e-03,nan,nan,nan,nan,nan,nan,nan,nan,nan,nan,nan,nan,nan,nan,nan,nan,-7.751937984496049330e-03,nan,nan,nan,nan,nan,nan,nan,nan,nan,nan,nan,nan,nan,-2.093023255813946173e-02,-1.589147286821697078e-02,nan,nan,nan,nan,-1.317829457364332393e-02,nan,nan,nan,nan,nan,nan,nan
nan,nan,-4.186046511627903449e-02,nan,1.007751937984497845e-02,nan,nan,nan,nan,-3.875968992248069009e-04,nan,-1.550387596899227604e-03,nan,nan,-1.162790697674353970e-03,nan,nan,nan,-3.333333333333328430e-02,nan,nan,1.162790697674420757e-03,nan,nan,nan,nan,nan,nan,nan,-7.751937984496071014e-03,nan,nan,nan,nan,nan,nan,nan,-1.124031007751928948e-02,nan,nan,nan,nan,nan,nan,nan,nan,nan,nan,nan,nan,nan,nan,-5.426356589147252052e-03,nan,nan,nan,nan,nan,nan,nan,nan,nan,nan,nan,nan
nan,nan,nan,nan,nan,1.556420233463051608e-03,nan,nan,nan,nan,nan,nan,nan,nan,3.073929961089496427e-02,-6.614785992217875332e-03,nan,nan,nan,nan,nan,nan,1.167315175097278709e-02,nan,nan,nan,nan,nan,nan,nan,-1.128404669260694125e-02,nan,nan,nan,nan,nan,nan,8.560311284046773217e-03,-1.050583657587544906e-02,nan,nan,nan,nan,nan,nan,nan,nan,-7.782101167315147450e-04,nan,nan,nan,nan,5.447470817120691686e-03,nan,nan,nan,nan,-8.560311284046662195e-03,nan,nan,nan,nan,nan,nan,nan
nan,nan,nan,nan,nan,nan,nan,nan,nan,nan,nan,nan,nan,nan,-2.264150943396226086e-03,nan,-2.113207547169810782e-02,nan,nan,nan,nan,nan,nan,-1.283018867924528086e-02,-1.471698113207546912e-02,0.000000000000000000e+00,-1.471698113207546912e-02,-1.169811320754716652e-02,-6.037735849056602606e-03,nan,nan,nan,nan,nan,nan,nan,nan,1.886792452830188260e-03,nan,nan,nan,nan,nan,nan,nan,nan,nan,nan,nan,nan,nan,nan,nan,nan,nan,nan,5.283018867924526955e-03,nan,nan,nan,nan,nan,nan,nan,nan
nan,nan,7.590132827324458376e-03,nan,nan,nan,nan,nan,nan,nan,nan,nan,nan,nan,1.480075901328268238e-02,nan,nan,nan,nan,nan,nan,-1.480075901328279341e-02,nan,1.108159392789373338e-01,nan,nan,nan,2.352941176470581958e-02,nan,nan,nan,8.500948766603413920e-02,1.518026565464847266e-03,nan,nan,nan,nan,1.897533206831112512e-02,nan,nan,nan,nan,nan,nan,nan,nan,nan,nan,nan,nan,nan,nan,nan,nan,nan,nan,nan,1.290322580645153483e-02,9.487666034155540010e-03,nan,nan,nan,nan,nan,nan
nan,nan,nan,nan,nan,0.000000000000000000e+00,nan,nan,nan,nan,nan,nan,nan,nan,nan,-6.589147286821717478e-03,nan,nan,nan,nan,nan,nan,-2.906976744186042655e-02,nan,nan,nan,nan,nan,nan,1.085271317829459257e-02,-3.333333333333332593e-02,nan,nan,nan,nan,nan,nan,nan,6.201550387596910414e-03,nan,nan,nan,nan,nan,nan,nan,nan,0.000000000000000000e+00,8.914728682170558124e-03,nan,nan,nan,nan,nan,nan,nan,nan,2.325581395348841514e-03,nan,1.550387596899227604e-03,nan,nan,nan,nan,nan
nan,nan,-2.978723404255323448e-02,1.315280464216628253e-02,nan,nan,nan,nan,nan,nan,nan,nan,nan,nan,-4.255319148936220590e-03,nan,nan,nan,nan,-4.642166344294063399e-03,nan,-3.752417794970994841e-02,nan,5.531914893617016077e-02,nan,nan,nan,nan,nan,nan,nan,nan,-1.005802707930374476e-02,-2.475822050290139506e-02,nan,nan,nan,-5.029013539651905340e-03,nan,nan,nan,nan,nan,nan,nan,nan,nan,nan,nan,nan,nan,nan,nan,nan,nan,nan,nan,nan,-5.802707930367567539e-03,nan,nan,nan,nan,nan,nan
nan,nan,nan,nan,1.417910447761190282e-02,nan,nan,nan,nan,nan,nan,nan,nan,nan,7.462686567164311452e-04,1.679104477611941329e-02,nan,nan,nan,nan,nan,nan,nan,nan,nan,-2.238805970149271209e-03,-8.582089552238825192e-03,nan,nan,-7.462686567164311452e-04,nan,nan,nan,nan,nan,nan,nan,nan,nan,nan,nan,-1.082089552238809683e-02,nan,nan,2.238805970149271209e-03,nan,nan,nan,nan,nan,nan,nan,nan,nan,nan,nan,nan,1.492537313432840173e-03,nan,1.343283582089551710e-02,nan,nan,nan,nan,nan
nan,nan,-3.872180451127817807e-02,nan,-3.759398496240739965e-04,nan,nan,nan,nan,nan,nan,nan,nan,nan,-1.879699248120281132e-03,2.631578947368451351e-03,nan,nan,-7.067669172932326827e-02,nan,nan,nan,nan,nan,nan,nan,nan,nan,-1.165413533834582828e-02,-1.691729323308268501e-02,nan,nan,nan,nan,nan,nan,nan,nan,nan,nan,nan,4.887218045112806317e-03,nan,nan,4.440892098500626408e-17,nan,nan,nan,nan,nan,nan,nan,nan,nan,nan,nan,nan,8.270676691729362401e-03,nan,nan,nan,nan,nan,nan,nan
nan,nan,nan,nan,nan,nan,nan,nan,nan,nan,nan,nan,nan,nan,-7.561436672967847619e-03,nan,-2.684310018903586156e-02,1.663516068052932687e-02,nan,nan,nan,nan,3.213610586011346471e-02,nan,-1.739130434782605247e-02,1.550094517958415866e-02,nan,6.578449905482046389e-02,nan,nan,nan,1.474480151228740876e-02,nan,nan,nan,nan,nan,4.536862003780761307e-03,nan,nan,nan,nan,nan,nan,nan,nan,nan,nan,nan,nan,nan,nan,-7.183364839319428437e-03,nan,nan,nan,nan,nan,nan,nan,nan,nan,nan,nan,nan
nan,nan,nan,nan,nan,3.968253968253954156e-04,2.420634920634923137e-02,nan,nan,nan,nan,nan,nan,nan,nan,1.587301587301603780e-03,nan,nan,nan,nan,nan,nan,-7.936507936507908312e-04,nan,nan,nan,nan,nan,nan,nan,-5.158730158730117851e-03,nan,nan,nan,nan,nan,nan,1.190476190476186247e-03,0.000000000000000000e+00,nan,nan,nan,nan,nan,nan,nan,nan,4.365079365079349571e-03,nan,nan,nan,nan,nan,nan,nan,nan,4.761904761904767538e-03,nan,nan,4.365079365079372123e-03,nan,nan,nan,nan,nan
nan,nan,nan,nan,nan,0.000000000000000000e+00,nan,nan,nan,nan,nan,1.176470588235289895e-03,nan,nan,0.000000000000000000e+00,0.000000000000000000e+00,nan,nan,nan,nan,nan,nan,-4.156862745098040268e-02,nan,nan,nan,nan,nan,nan,2.745098039215676348e-03,nan,nan,nan,nan,nan,nan,nan,nan,3.921568627450966677e-04,nan,nan,nan,nan,nan,nan,nan,nan,0.000000000000000000e+00,nan,nan,nan,nan,nan,nan,nan,nan,nan,7.843137254901955471e-03,nan,-1.176470588235289895e-03,nan,nan,nan,nan,nan
nan,nan,nan,nan,nan,4.206500956023017865e-03,nan,nan,nan,nan,nan,nan,nan,nan,-2.294455066921585826e-03,3.059273422562180933e-03,nan,nan,nan,nan,nan,nan,-4.435946462715101291e-02,nan,nan,nan,nan,nan,nan,-1.147227533460748461e-03,nan,nan,nan,nan,nan,nan,nan,nan,-7.648183556405285365e-04,nan,1.912045889101388020e-03,-1.147227533460792913e-03,nan,nan,nan,nan,nan,1.529636711281101525e-03,nan,nan,nan,nan,nan,nan,nan,nan,nan,nan,nan,-7.648183556405064188e-04,nan,nan,nan,nan,nan
nan,nan,-2.298850574712638789e-02,6.896551724137989052e-03,nan,nan,nan,nan,nan,nan,nan,nan,nan,nan,5.363984674329547522e-03,nan,nan,nan,nan,nan,nan,nan,nan,7.432950191570886211e-02,nan,nan,nan,nan,nan,nan,nan,-1.724137931034479612e-02,-9.195402298850541625e-03,nan,nan,nan,nan,-7.279693486590010747e-03,nan,nan,nan,nan,nan,nan,nan,nan,nan,nan,nan,1.915708812260552563e-03,nan,nan,nan,nan,nan,nan,nan,4.597701149425326324e-03,-5.747126436781569217e-03,nan,nan,nan,nan,nan,nan
8.661417322834629937e-03,nan,1.102362204724407525e-02,2.755905511811018813e-03,nan,nan,1.102362204724407525e-02,nan,nan,nan,nan,nan,nan,nan,1.062992125984250046e-02,nan,nan,nan,nan,nan,nan,-3.937007874015740930e-04,nan,6.299212598425193987e-02,nan,nan,nan,nan,3.937007874015740930e-04,nan,nan,nan,nan,nan,nan,nan,nan,1.968503937007870519e-03,nan,nan,nan,nan,nan,nan,nan,nan,nan,nan,nan,-1.181102362204722225e-03,nan,nan,nan,nan,nan,nan,nan,nan,nan,nan,nan,nan,nan,nan,nan
nan,nan,-2.466281310211946437e-02,4.624277456647396534e-03,nan,-3.853564547206201002e-04,nan,nan,nan,nan,nan,nan,nan,nan,nan,-7.707129094412402005e-04,nan,nan,nan,nan,nan,nan,-6.936416184971094800e-03,1.348747591522156918e-02,nan,nan,nan,nan,nan,nan,nan,-3.892100192678229348e-02,-1.387283236994221215e-02,nan,nan,nan,nan,nan,nan,nan,nan,nan,nan,nan,nan,nan,nan,-8.477842003853552216e-03,-1.926782273603100393e-03,nan,nan,nan,nan,nan,nan,nan,nan,nan,nan,nan,nan,nan,nan,nan,nan
nan,nan,-5.538461538461543487e-02,nan,nan,nan,nan,nan,nan,nan,nan,nan,7.692307692307442935e-04,nan,-7.692307692307753450e-03,nan,nan,nan,nan,nan,nan,-1.230769230769235278e-02,nan,nan,nan,nan,-4.653846153846159794e-02,nan,nan,-1.461538461538465158e-02,nan,nan,-2.692307692307727325e-03,nan,nan,nan,nan,-7.307692307692325792e-03,nan,nan,nan,nan,nan,nan,nan,nan,nan,nan,nan,nan,nan,nan,nan,nan,nan,nan,nan,1.153846153846149834e-03,3.846153846153832490e-03,nan,nan,nan,nan,nan,nan
nan,nan,nan,nan,nan,nan,nan,nan,nan,nan,nan,nan,nan,nan,8.316831683168235748e-03,5.544554455445505244e-03,nan,nan,-2.495049504950497266e-02,nan,nan,nan,nan,nan,2.693069306930684359e-02,9.900990099009798762e-03,-2.455445544554457626e-02,nan,nan,nan,nan,nan,nan,nan,nan,nan,nan,nan,nan,nan,nan,nan,nan,nan,nan,nan,nan,nan,nan,nan,nan,nan,nan,nan,9.504950495049402370e-03,nan,nan,-4.752475247524756696e-03,4.752475247524668225e-03,nan,nan,nan,nan,nan,1.584158415841585565e-03
nan,nan,-3.137254901960786352e-02,nan,nan,nan,nan,nan,nan,nan,nan,nan,nan,nan,6.666666666666642808e-03,nan,nan,nan,nan,-3.921568627450966677e-04,nan,-8.235294117647095832e-03,nan,1.098039215686272795e-02,nan,nan,nan,nan,nan,nan,nan,-4.705882352941182130e-03,nan,-4.705882352941203814e-03,-3.921568627450966677e-04,nan,nan,-3.137254901960795459e-03,nan,nan,nan,nan,nan,nan,nan,nan,nan,nan,nan,nan,nan,nan,-1.568627450980386671e-03,nan,nan,nan,nan,nan,nan,nan,nan,nan,nan,nan,nan
nan,nan,-1.509433962264150608e-02,nan,nan,nan,nan,nan,nan,nan,nan,nan,nan,nan,-9.811320754716978260e-03,nan,nan,nan,-3.962264150943395347e-02,nan,7.547169811320753258e-04,nan,nan,nan,nan,nan,-2.641509433962263564e-02,-7.547169811320753258e-04,-1.849056603773584564e-02,nan,nan,nan,nan,-7.547169811320753258e-04,nan,nan,nan,nan,nan,nan,nan,nan,nan,nan,nan,nan,nan,nan,0.000000000000000000e+00,nan,nan,nan,nan,nan,nan,nan,nan,2.264150943396226086e-03,nan,nan,nan,nan,nan,nan,nan
nan,nan,nan,nan,nan,nan,nan,nan,nan,nan,nan,nan,nan,nan,3.846153846153899276e-03,9.230769230769287140e-03,nan,-1.923076923076871792e-03,-4.692307692307691458e-02,3.846153846153832598e-04,-3.461538461538449067e-03,7.692307692307887457e-04,3.461538461538493736e-03,nan,nan,nan,nan,nan,nan,nan,nan,nan,nan,nan,nan,nan,nan,nan,nan,nan,nan,-4.615384615384599334e-03,nan,nan,nan,nan,nan,nan,3.461538461538515854e-03,nan,nan,nan,nan,nan,nan,nan,nan,nan,nan,nan,nan,nan,nan,nan,nan
nan,nan,-1.142857142857143203e-02,nan,nan,4.571428571428582180e-03,nan,nan,nan,nan,nan,nan,nan,nan,nan,5.333333333333345298e-03,nan,nan,nan,nan,nan,nan,-1.638095238095238493e-02,2.552380952380952500e-02,nan,nan,nan,nan,nan,nan,nan,7.238095238095243120e-03,3.809523809523929433e-04,nan,nan,nan,nan,nan,1.142857142857156604e-03,nan,nan,nan,nan,nan,nan,nan,nan,7.619047619047858867e-04,nan,nan,nan,nan,nan,nan,nan,nan,nan,nan,nan,7.619047619047858867e-04,nan,nan,nan,nan,nan
nan,nan,nan,nan,nan,2.419354838709630688e-03,nan,nan,nan,nan,nan,nan,nan,nan,1.088709677419350506e-02,1.411290322580640612e-02,nan,nan,nan,nan,nan,nan,4.032258064515792384e-04,nan,nan,nan,nan,nan,nan,6.048387096774155217e-03,4.032258064516081215e-03,nan,nan,nan,nan,nan,nan,nan,-8.064516129032472730e-04,nan,-6.661338147750938996e-17,nan,nan,nan,nan,nan,nan,1.048387096774190327e-02,nan,nan,nan,nan,nan,nan,nan,nan,nan,nan,nan,4.838709677419328163e-03,nan,nan,nan,nan,nan
nan,nan,nan,nan,nan,3.642987249544371803e-04,nan,nan,nan,nan,nan,5.828779599271393871e-03,nan,nan,nan,5.100182149362464216e-03,nan,nan,nan,nan,nan,nan,-9.107468123861572548e-03,nan,nan,8.014571948998173295e-03,-2.258652094717670394e-02,nan,nan,nan,nan,nan,nan,nan,nan,nan,nan,nan,-3.642987249544704653e-04,nan,nan,nan,nan,nan,nan,nan,nan,1.457194899817849595e-02,2.185792349726756005e-03,nan,nan,nan,nan,nan,nan,nan,nan,nan,nan,-3.642987249544815784e-04,nan,nan,nan,nan,nan
nan,nan,nan,nan,nan,1.167315175097272117e-02,nan,nan,nan,nan,nan,nan,nan,nan,nan,3.618677042801552585e-02,nan,nan,nan,nan,nan,8.560311284046662195e-03,1.673151750972756702e-02,nan,nan,nan,-3.346303501945528669e-02,1.361867704280153059e-02,2.178988326848245796e-02,nan,nan,nan,nan,nan,nan,nan,nan,nan,6.614785992217875332e-03,nan,nan,nan,nan,nan,nan,nan,nan,nan,1.789883268482483913e-02,nan,nan,nan,nan,nan,nan,nan,nan,nan,nan,3.112840466926058980e-03,nan,nan,nan,nan,nan
nan,nan,nan,-1.609657947686127287e-03,nan,2.173038229376256236e-02,nan,nan,3.621730382293764008e-03,nan,nan,nan,nan,nan,nan,2.173038229376258318e-02,nan,nan,nan,nan,nan,nan,-1.488933601609660970e-02,nan,nan,nan,nan,nan,nan,nan,-4.426559356136827543e-03,1.327967806841043839e-02,nan,nan,nan,nan,nan,nan,1.609657947686082835e-03,nan,nan,nan,nan,nan,nan,nan,nan,-8.450704225352123969e-03,4.426559356136805859e-03,nan,nan,nan,nan,nan,nan,nan,nan,nan,nan,nan,nan,nan,nan,nan,nan
nan,nan,-5.086705202312136187e-02,nan,nan,3.853564547206200785e-03,nan,nan,nan,nan,nan,nan,nan,nan,nan,-3.853564547206201002e-04,nan,nan,nan,nan,nan,-1.579961464354524489e-02,-4.662813102119456321e-02,7.707129094412623182e-04,nan,nan,nan,nan,nan,nan,nan,-1.734104046242772659e-02,1.926782273603100393e-03,nan,nan,nan,nan,nan,7.707129094412402005e-04,nan,nan,nan,nan,nan,nan,nan,nan,nan,2.220446049250313204e-17,nan,nan,nan,nan,nan,nan,nan,nan,nan,nan,nan,nan,nan,nan,nan,nan
nan,nan,nan,nan,nan,-3.402646502835526745e-03,nan,nan,nan,nan,nan,nan,nan,nan,nan,0.000000000000000000e+00,nan,nan,nan,nan,nan,nan,-9.829867674858184037e-03,nan,nan,nan,nan,nan,nan,-3.780718336483746217e-04,-4.045368620037805701e-02,nan,nan,nan,nan,nan,nan,nan,0.000000000000000000e+00,nan,nan,nan,nan,nan,nan,nan,nan,0.000000000000000000e+00,nan,nan,nan,nan,nan,-1.134215500945168209e-03,nan,nan,nan,-1.134215500945146091e-03,nan,3.780718336483990163e-03,nan,nan,nan,nan,nan
nan,nan,-4.247104247104249719e-02,nan,-8.494208494208477581e-03,nan,nan,nan,nan,nan,nan,1.930501930501926644e-03,nan,nan,-1.158301158301156073e-03,nan,nan,-2.741312741312742357e-02,nan,nan,nan,nan,nan,nan,nan,nan,nan,nan,1.235521235521233087e-02,-2.084942084942082927e-02,nan,nan,nan,nan,nan,nan,nan,-3.861003861003853288e-03,nan,nan,nan,nan,nan,-3.088803088803082717e-03,nan,nan,nan,nan,nan,nan,nan,nan,nan,nan,nan,nan,nan,6.563706563706550937e-03,nan,nan,nan,nan,nan,nan,nan
nan,nan,nan,nan,nan,2.214022140221439013e-03,nan,nan,nan,nan,nan,nan,nan,nan,nan,3.690036900369175971e-04,nan,nan,nan,nan,nan,nan,-9.225092250922495296e-03,nan,nan,-3.690036900368953710e-04,-5.608856088560885272e-02,-1.439114391143911896e-02,nan,-1.845018450184503570e-02,nan,nan,nan,nan,nan,nan,nan,nan,7.380073800738129680e-04,nan,nan,nan,nan,nan,nan,nan,nan,1.771217712177124495e-02,nan,nan,nan,nan,nan,nan,nan,nan,nan,nan,nan,-1.845018450184476855e-03,nan,nan,nan,nan,nan
nan,nan,nan,nan,nan,nan,nan,nan,nan,nan,nan,nan,nan,nan,-1.698113207547169434e-02,nan,-1.471698113207546912e-02,7.547169811320753258e-04,-6.037735849056602433e-02,3.773584905660376629e-04,-2.264150943396226086e-03,-7.169811320754715216e-03,1.094339622641509260e-02,nan,nan,nan,nan,nan,nan,nan,nan,nan,nan,nan,nan,nan,nan,nan,nan,nan,nan,nan,nan,nan,nan,nan,nan,nan,-3.773584905660376629e-04,nan,nan,nan,-3.773584905660376629e-04,nan,nan,nan,nan,nan,nan,nan,nan,nan,nan,nan,nan
nan,nan,nan,nan,nan,4.440892098500626408e-17,nan,nan,nan,nan,nan,nan,nan,nan,nan,-1.050583657587542651e-02,nan,nan,nan,nan,nan,-3.112840466926036862e-03,-2.568093385214003169e-02,nan,nan,nan,nan,nan,nan,-1.439688715953302278e-02,nan,nan,nan,nan,nan,nan,nan,nan,-3.891050583657573725e-03,nan,nan,nan,nan,nan,1.945525291828853432e-03,nan,nan,-5.447470817120580663e-03,5.836575875486427374e-03,nan,nan,nan,nan,nan,nan,nan,nan,nan,nan,-3.891050583657573725e-04,nan,nan,nan,nan,nan
nan,nan,nan,nan,nan,-8.030592734225660764e-03,nan,nan,nan,nan,nan,-3.824091778202642683e-04,-1.491395793499048460e-02,nan,nan,-2.485659655831744599e-02,nan,nan,nan,nan,nan,nan,-1.529636711281074854e-02,nan,nan,nan,nan,nan,nan,nan,nan,nan,nan,nan,nan,nan,nan,nan,-2.103250478011475799e-02,nan,nan,nan,nan,nan,-4.588910133843238440e-03,nan,nan,-3.059273422562180933e-03,nan,nan,nan,nan,nan,nan,nan,nan,nan,-1.070745697896753265e-02,nan,-3.824091778202709686e-03,nan,nan,nan,nan,nan
nan,nan,nan,nan,nan,-2.343749999999999913e-03,nan,nan,-7.812500000000000434e-04,nan,nan,nan,nan,nan,7.421874999999999653e-03,7.812500000000000434e-04,nan,nan,nan,nan,nan,nan,1.406250000000000035e-02,nan,nan,nan,nan,nan,nan,nan,-2.773437499999999861e-02,nan,nan,nan,nan,nan,nan,nan,-1.171874999999999957e-03,nan,nan,nan,nan,nan,nan,nan,nan,-2.734374999999999827e-03,3.125000000000000173e-03,nan,nan,nan,1.562500000000000087e-03,nan,nan,nan,nan,nan,nan,nan,nan,nan,nan,nan,nan
nan,nan,nan,nan,nan,3.921568627450966677e-04,nan,nan,nan,nan,nan,nan,nan,nan,nan,2.980392156862743391e-02,nan,nan,nan,nan,nan,nan,1.058823529411761014e-02,nan,nan,nan,nan,nan,nan,-1.215686274509801892e-02,-4.745098039215685237e-02,nan,nan,nan,nan,nan,nan,nan,-2.745098039215676348e-03,nan,nan,-5.098039215686256571e-03,nan,nan,-7.843137254901933354e-04,nan,nan,-1.176470588235289895e-03,nan,nan,nan,nan,nan,nan,nan,nan,nan,nan,nan,-7.843137254901933354e-04,nan,nan,nan,nan,nan
nan,nan,-4.444444444444446696e-02,nan,nan,1.364522417153994985e-02,nan,-3.898635477582957027e-04,nan,nan,nan,nan,nan,nan,nan,-7.797270955165914053e-04,nan,nan,nan,nan,nan,-8.187134502924010154e-03,nan,1.520467836257306457e-02,nan,nan,nan,nan,nan,nan,nan,1.130604288499021878e-02,nan,nan,nan,nan,nan,nan,nan,nan,nan,-4.678362573099415292e-03,nan,nan,nan,nan,nan,nan,-2.339181286549751881e-03,nan,nan,nan,nan,nan,nan,nan,nan,nan,nan,3.118908382066254599e-03,nan,nan,nan,nan,nan
9.142857142857207728e-03,nan,nan,nan,nan,-3.047619047618987855e-03,nan,nan,nan,nan,nan,nan,nan,nan,nan,0.000000000000000000e+00,nan,nan,nan,nan,nan,nan,-2.666666666666663715e-02,nan,nan,nan,nan,nan,nan,8.761904761904814459e-03,-2.971428571428564799e-02,nan,nan,nan,nan,nan,nan,nan,-3.809523809523773959e-03,nan,nan,nan,nan,nan,nan,nan,nan,-2.666666666666617138e-03,nan,nan,nan,nan,nan,nan,nan,nan,3.428571428571491712e-03,nan,nan,-1.904761904761853586e-03,nan,nan,nan,nan,nan
nan,nan,-1.749502982107360369e-02,3.856858846918485156e-02,nan,-1.590457256461252824e-03,nan,nan,nan,nan,nan,nan,nan,nan,nan,2.067594433399597836e-02,nan,nan,nan,nan,nan,-1.312127236580524700e-02,-3.976143141153132277e-03,8.946322067594429661e-02,nan,nan,nan,nan,nan,nan,nan,nan,-4.373757455268445157e-03,nan,nan,nan,nan,nan,1.590457256461208588e-03,nan,nan,nan,nan,nan,nan,nan,nan,nan,nan,7.952286282305820681e-04,nan,nan,nan,nan,nan,nan,nan,nan,nan,nan,nan,nan,nan,nan,nan
nan,nan,nan,nan,nan,1.433962264150943043e-02,nan,nan,4.528301886792452172e-03,nan,nan,nan,nan,nan,0.000000000000000000e+00,4.150943396226414346e-03,nan,nan,nan,nan,nan,1.622641509433962043e-02,-4.905660377358489130e-03,nan,nan,nan,nan,nan,nan,nan,nan,nan,nan,nan,nan,nan,nan,nan,2.264150943396226086e-03,nan,nan,nan,nan,nan,nan,nan,nan,2.264150943396226086e-03,nan,nan,nan,nan,nan,nan,nan,nan,nan,3.773584905660376521e-03,nan,7.924528301886789999e-03,nan,nan,nan,nan,nan
nan,nan,-4.173228346456685223e-02,nan,nan,2.125984251968511193e-02,nan,nan,nan,nan,nan,nan,nan,nan,6.456692913385828070e-02,2.244094488188983633e-02,nan,nan,nan,nan,nan,nan,-1.141732283464564832e-02,nan,nan,nan,nan,nan,nan,nan,nan,nan,-1.259842519685037097e-02,nan,nan,nan,nan,nan,3.937007874015963191e-04,nan,nan,nan,nan,nan,nan,nan,nan,2.204724409448826153e-02,nan,nan,nan,nan,nan,nan,nan,nan,nan,9.842519685039397698e-03,nan,1.811023622047252049e-02,nan,nan,nan,nan,nan
nan,nan,-1.814671814671810907e-02,2.702702702702697215e-03,-3.088803088803082717e-03,nan,nan,nan,nan,nan,nan,nan,nan,nan,5.405405405405438665e-03,nan,nan,1.544401544401585811e-03,nan,nan,nan,nan,nan,nan,nan,nan,nan,1.081081081081087733e-02,1.660231660231665726e-02,1.544401544401563476e-03,nan,nan,nan,nan,nan,nan,nan,nan,nan,nan,nan,nan,nan,3.474903474903512455e-03,nan,nan,nan,nan,nan,nan,nan,nan,nan,nan,nan,nan,nan,1.003861003861012888e-02,nan,nan,nan,nan,nan,nan,nan
nan,nan,nan,nan,nan,3.853564547206644983e-04,nan,nan,nan,nan,nan,nan,nan,nan,nan,-1.926782273603033823e-03,nan,nan,nan,nan,nan,nan,1.541425818882502519e-03,nan,nan,nan,nan,nan,3.506743737957616208e-02,-1.271676300578030751e-02,nan,nan,nan,nan,nan,nan,nan,nan,6.551059730250541162e-03,nan,nan,nan,nan,nan,nan,nan,nan,-8.092485549132865871e-03,nan,nan,nan,nan,nan,-7.707129094411957482e-04,nan,nan,nan,6.936416184971161587e-03,nan,-9.248554913294727148e-03,nan,nan,nan,nan,nan
nan,-2.666666666666595020e-03,nan,nan,nan,1.333333333333337409e-02,nan,nan,nan,8.761904761904793643e-03,nan,nan,nan,nan,nan,4.190476190476211463e-03,nan,nan,nan,nan,nan,nan,-1.257142857142852163e-02,nan,nan,nan,nan,nan,nan,nan,-2.971428571428564799e-02,nan,nan,nan,0.000000000000000000e+00,nan,nan,nan,2.666666666666706043e-03,nan,nan,nan,nan,nan,nan,nan,nan,1.219047619047626194e-02,nan,nan,nan,nan,nan,nan,nan,nan,nan,nan,nan,9.142857142857185176e-03,nan,nan,nan,nan,nan
nan,nan,-2.084942084942091947e-02,nan,nan,nan,nan,nan,nan,nan,nan,nan,nan,nan,1.544401544401541359e-03,nan,nan,nan,-2.509652509652513658e-02,nan,nan,nan,nan,nan,nan,nan,-2.432432432432438812e-02,4.633204633204601741e-03,1.660231660231657053e-02,-3.861003861003875406e-03,-2.277992277992284612e-02,nan,nan,nan,nan,nan,nan,1.158301158301156073e-03,nan,nan,nan,nan,nan,nan,nan,nan,nan,nan,nan,nan,nan,nan,nan,nan,nan,nan,nan,nan,nan,nan,nan,nan,nan,nan,7.722007722007706793e-04
nan,1.547388781431346949e-03,nan,nan,nan,nan,nan,nan,nan,nan,nan,nan,nan,nan,1.934235976789189324e-03,nan,nan,nan,-1.818181818181814277e-02,-1.934235976789122537e-03,nan,nan,nan,nan,nan,nan,nan,nan,nan,-2.746615087040613773e-02,nan,nan,nan,nan,nan,nan,nan,-1.547388781431302497e-03,nan,nan,nan,-5.802707930367456517e-03,nan,nan,nan,nan,nan,nan,nan,nan,nan,nan,nan,2.707930367504829405e-03,nan,nan,nan,1.779497098646036848e-02,3.094777562862693898e-03,nan,nan,nan,nan,nan,nan
nan,nan,nan,nan,nan,0.000000000000000000e+00,nan,nan,nan,nan,nan,nan,nan,nan,nan,3.571428571428580858e-03,nan,nan,nan,nan,nan,nan,1.190476190476186247e-03,nan,nan,nan,nan,nan,nan,2.380952380952372494e-03,nan,nan,nan,nan,nan,nan,nan,3.571428571428558740e-03,3.968253968253954156e-04,nan,nan,nan,nan,nan,nan,nan,nan,7.936507936507908312e-04,3.015873015873018342e-02,nan,nan,nan,nan,nan,nan,nan,nan,nan,nan,1.587301587301581662e-03,nan,0.000000000000000000e+00,nan,nan,nan
nan,nan,-5.603271983640085996e-02,nan,4.089979550102218649e-03,nan,nan,nan,nan,nan,nan,-6.134969325153405602e-03,nan,nan,-4.440892098500626408e-17,nan,nan,nan,nan,2.862985685071573003e-03,-3.680981595092047524e-03,-1.022494887525566762e-02,nan,1.145194274028629201e-02,nan,nan,nan,nan,nan,nan,nan,nan,nan,2.453987730061346628e-02,nan,nan,nan,nan,nan,nan,nan,nan,nan,nan,nan,nan,nan,nan,-2.044989775051186953e-03,nan,nan,nan,nan,nan,nan,nan,nan,nan,nan,nan,nan,nan,nan,nan,nan
nan,nan,nan,nan,nan,2.702702702702697215e-03,-1.158301158301156073e-03,nan,nan,nan,nan,nan,nan,nan,nan,4.633204633204624293e-03,nan,nan,-4.710424710424714057e-02,nan,nan,nan,1.119691119691117523e-02,nan,nan,nan,nan,nan,nan,nan,-4.671814671814675940e-02,nan,nan,nan,nan,nan,nan,nan,-2.702702702702697215e-03,nan,nan,nan,nan,nan,nan,nan,nan,-5.405405405405416981e-03,3.088803088803082717e-03,nan,nan,nan,nan,nan,nan,nan,nan,nan,nan,7.722007722007706793e-04,nan,nan,nan,nan,nan
nan,nan,nan,nan,nan,nan,nan,nan,nan,nan,nan,nan,nan,nan,-4.440892098500626408e-17,nan,4.678362573099392741e-03,nan,nan,nan,nan,nan,nan,1.033138401559453856e-01,1.637426900584793010e-02,-7.797270955166135230e-04,nan,nan,nan,-1.481481481481485875e-02,nan,nan,nan,nan,nan,nan,nan,-3.898635477582845787e-03,nan,nan,nan,-1.169590643274887000e-03,nan,nan,nan,nan,nan,nan,nan,nan,nan,nan,nan,6.237816764132530882e-03,nan,nan,nan,7.797270955165469530e-04,nan,nan,nan,nan,nan,nan,nan
nan,nan,-8.901734104046239715e-02,nan,nan,2.389210019267826862e-02,nan,nan,nan,nan,nan,3.468208092485580794e-03,nan,nan,nan,1.772639691714845631e-02,nan,nan,nan,nan,nan,nan,1.541425818882502519e-03,nan,nan,nan,nan,nan,nan,5.472061657032760429e-02,nan,nan,nan,nan,nan,nan,nan,nan,4.624277456647440769e-03,nan,nan,nan,nan,-9.633911368015345839e-03,nan,nan,nan,3.468208092485580794e-03,nan,nan,nan,nan,nan,nan,nan,nan,nan,nan,nan,8.092485549132999445e-03,nan,nan,nan,nan,nan
nan,nan,nan,nan,nan,nan,nan,nan,-7.827788649706235880e-04,nan,nan,nan,nan,nan,-9.784735812133061456e-03,nan,nan,nan,-4.814090019569468304e-02,-4.696673189823830433e-03,-1.174168297455935274e-03,-1.565557729941269294e-03,-1.682974559686884961e-02,3.091976516634054040e-02,nan,nan,nan,nan,nan,nan,nan,nan,nan,nan,nan,nan,nan,4.440892098500626408e-17,nan,nan,nan,nan,nan,nan,nan,nan,nan,nan,6.262230919765188197e-03,nan,nan,nan,nan,nan,nan,nan,nan,nan,nan,nan,nan,nan,nan,nan,nan
nan,nan,nan,nan,nan,nan,nan,nan,nan,nan,nan,nan,nan,nan,1.500938086303982245e-03,nan,nan,nan,nan,nan,nan,nan,nan,3.151969981238280510e-02,7.879924953095751583e-03,2.739212007504694332e-02,-1.651031894934327365e-02,6.754221388367787071e-03,1.125703564727986630e-03,nan,nan,1.125703564728008964e-03,nan,nan,nan,nan,nan,nan,nan,nan,nan,2.251407129455951141e-03,nan,nan,nan,nan,nan,nan,6.003752345215796274e-03,nan,nan,nan,nan,nan,nan,nan,nan,nan,nan,nan,nan,nan,nan,nan,nan
nan,nan,nan,nan,nan,7.827788649706235880e-04,nan,nan,nan,nan,nan,nan,nan,2.661448140900193188e-02,nan,2.074363992172210264e-02,nan,nan,nan,nan,nan,nan,-5.675146771037185150e-02,nan,-3.913894324853251297e-03,nan,nan,nan,nan,nan,nan,nan,nan,nan,nan,nan,nan,nan,-3.913894324853561921e-04,nan,nan,nan,nan,nan,1.213307240704497580e-02,nan,nan,1.330724070450093298e-02,5.870841487279831843e-03,nan,nan,nan,nan,nan,nan,nan,nan,nan,nan,1.174168297455966369e-02,nan,nan,nan,nan,nan
nan,nan,nan,nan,nan,nan,nan,nan,nan,nan,nan,nan,nan,nan,3.759398496240518245e-04,nan,-2.669172932330830111e-02,nan,nan,nan,nan,nan,nan,-1.879699248120325584e-03,-1.240601503759402105e-02,2.443609022556385638e-02,-2.706766917293235153e-02,-2.781954887218047665e-02,-1.052631578947369438e-02,nan,nan,nan,nan,nan,nan,nan,nan,-1.127819548872221935e-03,nan,nan,nan,nan,nan,nan,nan,nan,nan,nan,nan,nan,nan,nan,nan,nan,nan,nan,nan,nan,nan,nan,nan,nan,nan,nan,-1.503759398496251534e-03
nan,nan,nan,nan,nan,2.681992337164729092e-03,nan,nan,nan,nan,nan,nan,nan,nan,nan,6.130268199233701934e-03,nan,nan,nan,nan,nan,nan,3.831417624521104908e-04,nan,-4.406130268199233424e-02,nan,nan,nan,nan,nan,nan,-6.896551724137944817e-03,nan,nan,nan,nan,nan,nan,4.214559386973215291e-03,nan,nan,nan,nan,nan,0.000000000000000000e+00,nan,nan,2.298850574712663162e-03,4.980842911877392254e-03,nan,nan,nan,nan,nan,nan,nan,nan,nan,nan,-6.130268199233701934e-03,nan,nan,nan,nan,nan
1.689059500959693219e-02,nan,3.877159309021114414e-02,2.034548944337812720e-02,nan,nan,nan,nan,nan,nan,nan,nan,nan,nan,3.838771593090539833e-04,nan,nan,nan,nan,nan,nan,nan,nan,nan,nan,nan,nan,nan,nan,7.715930902111325929e-02,nan,nan,2.341650671785031751e-02,nan,nan,nan,nan,2.380038387715932569e-02,nan,nan,nan,nan,nan,nan,nan,nan,nan,nan,nan,4.990403071017279757e-03,nan,nan,-1.151631477927006529e-03,nan,nan,nan,nan,1.420345489443379863e-02,nan,nan,nan,nan,nan,nan,nan
nan,nan,-2.907662082514732640e-02,nan,nan,nan,nan,nan,nan,nan,nan,nan,nan,nan,1.611001964636542619e-02,nan,nan,nan,nan,nan,nan,-1.571709233791744945e-02,nan,3.654223968565819408e-02,-1.178781925343797086e-03,-7.858546168958202354e-04,-3.418467583497051404e-02,nan,nan,nan,nan,nan,5.893909626719096018e-03,nan,nan,nan,nan,nan,nan,nan,nan,nan,nan,nan,nan,nan,nan,nan,nan,2.750491159135637267e-03,nan,nan,6.679764243614961031e-03,nan,nan,nan,nan,nan,nan,nan,nan,nan,nan,nan,nan
nan,nan,nan,nan,nan,nan,nan,nan,nan,nan,nan,nan,nan,-2.528735632183911480e-02,5.363984674329458184e-03,nan,nan,nan,-3.831417624521078757e-02,5.363984674329436500e-03,3.831417624520660928e-04,2.681992337164706974e-03,7.662835249041544117e-04,4.329501915708806881e-02,nan,nan,nan,nan,nan,nan,nan,nan,nan,nan,nan,nan,nan,3.065134099616817574e-03,nan,nan,nan,nan,nan,nan,nan,nan,nan,nan,1.149425287356318180e-02,nan,nan,nan,nan,nan,nan,nan,nan,nan,nan,nan,nan,nan,nan,nan,nan
nan,nan,nan,nan,nan,nan,nan,nan,nan,nan,nan,nan,nan,nan,1.886792452830188260e-02,nan,nan,nan,-2.301886792452829608e-02,nan,nan,nan,nan,nan,1.056603773584905391e-02,4.905660377358489130e-03,-1.320754716981131782e-02,1.207547169811320521e-02,3.018867924528301303e-03,nan,-1.245283018867924217e-02,3.773584905660376521e-03,nan,nan,nan,nan,nan,nan,nan,nan,nan,nan,nan,nan,nan,nan,nan,nan,3.396226415094338695e-03,nan,nan,nan,nan,nan,nan,nan,nan,nan,nan,nan,nan,nan,nan,nan,nan
nan,nan,nan,nan,7.677543186180191704e-04,3.838771593090095852e-04,nan,nan,nan,nan,nan,-1.151631477927095217e-03,nan,nan,nan,4.990403071017257206e-03,nan,nan,nan,nan,nan,nan,-3.723608445297510450e-02,nan,nan,nan,nan,nan,nan,2.341650671785027241e-02,nan,nan,nan,nan,nan,nan,nan,nan,1.151631477927028647e-03,nan,nan,nan,nan,nan,nan,nan,nan,-2.220446049250313204e-17,nan,nan,nan,nan,nan,nan,nan,nan,nan,7.293666026871359169e-03,nan,4.222648752399216568e-03,nan,nan,nan,nan,nan
nan,nan,nan,nan,nan,6.949806949806980674e-03,nan,nan,nan,nan,nan,nan,nan,nan,nan,1.312741312741316779e-02,nan,nan,nan,nan,nan,nan,-1.930501930501926644e-03,nan,nan,nan,nan,-7.722007722007684025e-03,nan,-1.274131274131271550e-02,nan,nan,nan,-2.355212355212350436e-02,nan,nan,nan,nan,0.000000000000000000e+00,nan,nan,nan,nan,nan,nan,nan,nan,2.702702702702719333e-03,4.247104247104238790e-03,nan,nan,nan,nan,nan,nan,nan,nan,nan,nan,2.316602316602312146e-03,nan,nan,nan,nan,nan
nan,nan,-1.180952380952387040e-02,nan,nan,nan,nan,nan,nan,nan,nan,nan,nan,nan,nan,nan,nan,nan,nan,nan,nan,nan,nan,7.619047619047414344e-04,nan,nan,nan,-8.000000000000052208e-03,nan,-1.790476190476195800e-02,nan,-3.809523809524373414e-04,nan,-9.904761904761971714e-03,nan,nan,nan,-2.666666666666706043e-03,nan,nan,nan,nan,nan,nan,nan,nan,nan,nan,nan,-1.523809523809571773e-03,nan,nan,nan,nan,nan,nan,nan,9.142857142857096706e-03,8.761904761904703437e-03,nan,nan,nan,nan,nan,nan
nan,nan,nan,nan,nan,nan,-1.529636711281034955e-03,-6.118546845124273395e-03,nan,nan,nan,nan,nan,nan,6.883365200764846384e-03,nan,nan,nan,nan,nan,nan,nan,nan,8.030592734225594845e-03,nan,nan,nan,-1.108986615678775323e-02,3.059273422562136698e-03,nan,-1.720841300191206999e-02,-9.560229445506652352e-03,nan,-4.206500956022951945e-03,nan,nan,nan,nan,nan,nan,nan,nan,nan,nan,nan,nan,nan,nan,2.676864244741872321e-03,nan,nan,nan,nan,nan,nan,nan,nan,nan,nan,nan,nan,nan,nan,nan,nan
nan,nan,nan,nan,nan,1.532567049808419846e-03,nan,nan,nan,nan,nan,nan,nan,nan,nan,1.072796934865898402e-02,nan,nan,nan,nan,nan,nan,-4.252873563218393521e-02,3.371647509578541702e-02,nan,4.214559386973171055e-03,-3.563218390804599039e-02,nan,nan,nan,nan,nan,nan,nan,nan,nan,nan,nan,2.681992337164751210e-03,nan,nan,nan,nan,nan,1.915708812260552563e-03,nan,nan,5.747126436781569217e-03,nan,nan,nan,nan,nan,nan,nan,nan,nan,nan,nan,4.980842911877392254e-03,nan,nan,nan,nan,nan
nan,nan,nan,nan,nan,7.547169811320753258e-04,nan,nan,nan,nan,nan,nan,nan,nan,nan,4.150943396226414346e-03,nan,nan,nan,nan,nan,nan,-2.264150943396226086e-03,nan,nan,1.132075471698112956e-02,nan,nan,nan,nan,nan,nan,nan,nan,nan,nan,nan,-9.811320754716978260e-03,-7.547169811320753258e-04,nan,nan,-1.886792452830188260e-03,nan,nan,nan,nan,nan,1.509433962264150652e-03,nan,nan,nan,nan,nan,nan,nan,nan,nan,nan,1.094339622641509260e-02,-2.264150943396226086e-03,nan,nan,nan,nan,nan
nan,nan,nan,nan,nan,nan,nan,nan,nan,nan,nan,nan,nan,nan,1.323251417769371122e-02,nan,nan,nan,-3.100189035916829303e-02,nan,nan,nan,nan,nan,1.625708884688086345e-02,nan,nan,-2.079395085066166812e-02,1.247637051039691622e-02,-6.049149338374327015e-03,nan,-4.158790170132364676e-03,nan,nan,nan,nan,nan,nan,nan,nan,nan,nan,nan,nan,nan,nan,nan,nan,nan,nan,nan,-1.512287334593609509e-03,nan,3.024574669187063327e-03,nan,nan,nan,8.317580340264618330e-03,nan,nan,nan,nan,nan,nan,nan
nan,nan,nan,nan,nan,1.541425818882391496e-03,nan,nan,nan,nan,nan,nan,nan,nan,nan,2.312138728323693757e-02,nan,nan,nan,nan,nan,nan,3.159922928709051060e-02,nan,nan,nan,nan,nan,nan,2.389210019267817842e-02,1.156069364161793622e-03,nan,nan,nan,nan,nan,nan,nan,8.477842003853508848e-03,nan,nan,1.271676300578030751e-02,nan,nan,nan,nan,nan,6.551059730250430140e-03,nan,nan,nan,nan,nan,nan,nan,nan,nan,6.165703275529810581e-03,nan,1.425818882466276492e-02,nan,nan,nan,nan,nan
nan,nan,nan,nan,nan,nan,nan,nan,nan,nan,nan,nan,nan,nan,7.490636704119868917e-04,nan,nan,nan,nan,nan,nan,nan,nan,nan,3.745318352059934458e-04,2.621722846441931678e-03,-4.531835205992514048e-02,9.737827715355740904e-03,7.865168539325773783e-03,-8.988764044943841833e-03,nan,nan,nan,nan,nan,nan,nan,nan,nan,nan,nan,nan,nan,nan,nan,nan,nan,nan,1.498127340823962594e-02,1.498127340823929331e-03,nan,nan,nan,nan,nan,nan,nan,6.367041198501843802e-03,nan,nan,nan,nan,nan,nan,nan
nan,nan,nan,nan,nan,-1.541425818882458066e-03,nan,nan,nan,nan,nan,nan,nan,nan,nan,-1.849710982658958613e-02,nan,nan,nan,nan,nan,nan,-1.348747591522156918e-02,nan,nan,nan,nan,nan,nan,nan,7.707129094412334784e-03,nan,nan,nan,nan,nan,nan,nan,-4.624277456647396534e-03,nan,nan,nan,nan,nan,-1.156069364161838075e-03,nan,nan,-5.009633911368016959e-03,1.271676300578035088e-02,nan,nan,nan,nan,nan,3.853564547206178668e-03,nan,nan,nan,nan,3.468208092485558676e-03,nan,nan,nan,nan,nan
nan,nan,nan,nan,nan,nan,nan,nan,nan,nan,nan,nan,nan,nan,-6.262230919765143962e-03,nan,nan,nan,-6.066536203522501086e-02,3.131115459882627492e-03,-3.131115459882538588e-03,-9.001956947162392114e-03,-1.839530332681016400e-02,nan,nan,nan,nan,-1.917808219178078824e-02,-1.291585127201562086e-02,nan,nan,nan,nan,nan,nan,nan,nan,-7.827788649706235880e-04,nan,nan,nan,nan,nan,nan,nan,nan,nan,nan,nan,nan,nan,nan,nan,nan,nan,nan,nan,nan,nan,nan,nan,nan,nan,nan,-1.956947162426603097e-03
nan,nan,nan,nan,nan,0.000000000000000000e+00,nan,nan,nan,nan,nan,nan,nan,nan,2.692307692307682656e-03,5.384615384615409547e-03,nan,nan,nan,nan,nan,nan,-1.846153846153841815e-02,6.807692307692310429e-02,nan,nan,nan,nan,nan,-1.076923076923073062e-02,-3.769230769230767081e-02,nan,nan,nan,nan,nan,nan,nan,4.615384615384643570e-03,nan,nan,nan,nan,nan,nan,nan,nan,1.923076923076916245e-03,nan,nan,nan,nan,nan,nan,nan,nan,nan,nan,nan,nan,nan,nan,7.692307692307887457e-04,nan,nan
nan,nan,nan,nan,nan,5.058365758754868394e-03,nan,nan,nan,nan,nan,nan,nan,nan,nan,-5.836575875486360587e-03,nan,nan,nan,nan,nan,-1.167315175097272117e-02,9.338521400778242859e-03,nan,nan,nan,nan,nan,nan,-3.501945525291816352e-03,nan,nan,-1.478599221789880271e-02,nan,nan,nan,nan,nan,5.058365758754845842e-03,nan,nan,nan,nan,nan,nan,nan,nan,1.556420233463029490e-03,-7.392996108949390077e-03,nan,nan,nan,nan,nan,nan,nan,nan,nan,nan,-3.501945525291816352e-03,nan,nan,nan,nan,nan
nan,nan,nan,nan,nan,-8.644400785854645247e-03,nan,nan,nan,nan,nan,nan,nan,nan,nan,4.479371316306481748e-02,nan,nan,nan,nan,nan,nan,-1.964636542239683783e-03,nan,nan,nan,nan,nan,7.622789783889979964e-02,nan,3.772102161100192308e-02,nan,nan,nan,nan,nan,nan,-7.858546168958646877e-04,2.750491159135526244e-03,nan,nan,nan,nan,nan,nan,nan,nan,3.929273084479323439e-04,1.178781925343797086e-03,nan,nan,nan,nan,nan,nan,nan,nan,nan,nan,-5.893909626719073466e-03,nan,nan,nan,nan,nan
nan,nan,2.448979591836735262e-02,nan,nan,nan,nan,nan,nan,nan,nan,nan,nan,nan,-3.710575139146410351e-04,nan,nan,nan,nan,nan,nan,1.410018552875695955e-02,nan,nan,nan,nan,nan,nan,nan,4.749536178107609252e-02,nan,nan,-1.484230055658630710e-03,nan,nan,nan,nan,9.276437847866404046e-03,nan,nan,nan,-1.558441558441554450e-02,9.276437847866424863e-03,nan,nan,nan,nan,nan,nan,nan,nan,nan,1.113172541743967557e-03,nan,nan,nan,nan,1.298701298701299134e-02,nan,nan,nan,nan,nan,nan,nan
nan,nan,nan,nan,nan,1.142857142857134269e-03,nan,nan,nan,nan,nan,nan,nan,nan,-5.714285714285671780e-03,7.619047619047636388e-03,nan,nan,nan,nan,nan,nan,-3.809523809523707172e-04,7.085714285714284077e-02,nan,nan,nan,nan,nan,-1.942857142857139577e-02,-2.285714285714291090e-03,nan,nan,nan,nan,nan,nan,nan,nan,-8.761904761904748540e-03,nan,nan,nan,nan,nan,nan,nan,-1.523809523809504986e-03,nan,nan,nan,nan,nan,nan,nan,nan,nan,nan,nan,nan,nan,nan,-4.571428571428559628e-03,nan,nan
nan,nan,nan,nan,nan,2.015209125475283386e-02,nan,nan,nan,nan,nan,nan,-4.182509505703424502e-03,nan,-2.851711026615966205e-02,-5.703422053231909858e-03,nan,nan,nan,nan,nan,6.844106463878363647e-03,-1.711026615969577641e-02,nan,nan,nan,nan,nan,nan,nan,nan,nan,nan,nan,nan,nan,nan,nan,-7.604562737642428950e-04,nan,nan,nan,nan,nan,1.520912547528530025e-03,nan,nan,1.102661596958176560e-02,nan,nan,nan,nan,nan,nan,nan,nan,nan,nan,nan,3.802281368821658456e-04,nan,nan,nan,nan,nan
nan,nan,nan,nan,nan,3.921568627450966677e-04,nan,nan,nan,nan,nan,nan,nan,nan,nan,1.999999999999999695e-02,nan,nan,nan,nan,nan,nan,-2.666666666666668226e-02,nan,nan,nan,nan,nan,nan,4.705882352941182130e-03,-2.980392156862745473e-02,nan,nan,nan,nan,nan,nan,nan,0.000000000000000000e+00,nan,nan,nan,nan,nan,-7.843137254901933354e-04,nan,nan,2.352941176470579789e-03,nan,nan,nan,nan,nan,nan,nan,nan,nan,1.019607843137251314e-02,nan,1.176470588235289895e-03,nan,nan,nan,nan,nan
nan,nan,3.824091778202420963e-04,nan,7.648183556404619665e-04,nan,nan,3.824091778202642683e-04,nan,nan,nan,nan,nan,nan,nan,nan,nan,nan,-4.015296367112817372e-02,nan,nan,-7.648183556405952150e-04,nan,3.059273422562136524e-02,nan,nan,nan,nan,-2.676864244741916556e-03,nan,nan,1.529636711281034955e-03,nan,nan,nan,nan,nan,nan,nan,-8.030592734225638213e-03,nan,nan,nan,nan,nan,nan,nan,nan,nan,nan,nan,nan,nan,nan,nan,nan,nan,nan,nan,nan,nan,nan,6.118546845124228292e-03,nan,nan
nan,nan,-2.616822429906573433e-03,nan,nan,-7.476635514018781237e-04,nan,nan,nan,nan,nan,nan,nan,nan,nan,1.084112149532709922e-02,nan,nan,nan,nan,nan,1.644859813084107586e-02,-1.570093457943928447e-02,nan,nan,nan,nan,nan,nan,nan,-1.158878504672897734e-02,nan,7.476635514018558975e-04,nan,nan,nan,nan,nan,-2.242990654205634371e-03,nan,nan,nan,nan,nan,2.990654205607445708e-03,nan,nan,4.485981308411201955e-03,nan,nan,nan,nan,nan,nan,nan,nan,nan,nan,nan,nan,nan,nan,nan,nan,nan
nan,nan,-1.207843137254902138e-01,nan,nan,-5.098039215686278255e-03,nan,nan,-3.490196078431373472e-02,nan,nan,nan,-2.784313725490197150e-02,nan,nan,1.176470588235289895e-03,nan,nan,nan,nan,nan,nan,-4.470588235294116475e-02,nan,nan,nan,nan,nan,nan,nan,nan,nan,nan,nan,nan,nan,nan,-1.372549019607843812e-02,-2.588235294117648827e-02,nan,nan,nan,nan,nan,nan,nan,nan,-2.352941176470579789e-03,nan,nan,nan,nan,nan,nan,nan,nan,nan,nan,nan,-7.843137254902043942e-04,nan,nan,nan,nan,nan
nan,nan,-4.510978043912172719e-02,-1.397205588822350054e-02,nan,3.592814371257513177e-03,nan,nan,nan,nan,nan,nan,nan,nan,nan,2.794411177644715721e-02,nan,nan,nan,nan,nan,nan,-2.954091816367265810e-02,nan,nan,nan,nan,nan,nan,nan,nan,2.914171656686630543e-02,nan,nan,nan,nan,nan,nan,-2.395209580838275620e-03,nan,nan,nan,nan,nan,nan,nan,nan,8.782435129740528978e-03,nan,1.197604790419193321e-03,nan,nan,nan,nan,nan,nan,nan,nan,nan,4.790419161676639712e-03,nan,nan,nan,nan,nan
-7.692307692306998412e-04,nan,2.692307692307695927e-02,nan,nan,nan,3.769230769230776101e-02,nan,nan,nan,nan,nan,nan,nan,2.692307692307749443e-03,nan,nan,nan,nan,nan,nan,-2.307692307692254998e-03,nan,nan,nan,nan,nan,nan,nan,-4.230769230769215912e-03,nan,nan,nan,2.923076923076928235e-02,nan,nan,nan,7.307692307692392579e-03,nan,nan,nan,nan,nan,nan,nan,nan,nan,nan,nan,nan,nan,nan,1.153846153846160849e-02,nan,nan,nan,nan,2.115384615384618971e-02,nan,nan,nan,nan,nan,nan,nan
nan,nan,nan,nan,-5.607476635513997457e-03,0.000000000000000000e+00,nan,nan,nan,nan,nan,nan,nan,nan,3.214953271028038462e-02,3.738317757009390618e-04,nan,nan,nan,nan,nan,nan,1.869158878504695309e-03,nan,nan,nan,nan,nan,nan,8.037383177570092685e-02,nan,nan,nan,nan,nan,nan,nan,nan,1.869158878504695309e-03,nan,nan,nan,nan,nan,nan,nan,nan,7.476635514018781237e-04,nan,nan,nan,nan,nan,nan,nan,nan,nan,1.271028037383179453e-02,nan,-3.738317757009390618e-04,nan,nan,nan,nan,nan
2.022900763358779358e-02,nan,nan,nan,nan,-3.816793893129721621e-04,nan,nan,nan,nan,nan,nan,nan,nan,nan,-5.343511450381632603e-03,nan,nan,nan,nan,nan,nan,-2.671755725190838593e-02,nan,nan,nan,nan,nan,nan,nan,nan,nan,nan,nan,nan,nan,nan,nan,2.290076335877855307e-03,nan,nan,nan,nan,nan,nan,nan,nan,3.435114503816816354e-03,nan,nan,nan,nan,nan,nan,-1.832061068702284246e-02,nan,0.000000000000000000e+00,nan,1.145038167938961047e-03,-3.053435114503777296e-03,nan,nan,nan,nan,nan
nan,nan,nan,nan,nan,nan,nan,nan,nan,nan,nan,nan,nan,nan,-7.662835249042187699e-03,nan,nan,nan,nan,nan,nan,nan,nan,nan,-1.532567049808441963e-03,-7.662835249042654340e-04,-1.302681992337169012e-02,-2.681992337164753465e-02,8.812260536398408908e-03,-1.800766283524908237e-02,nan,nan,nan,nan,nan,nan,nan,nan,nan,nan,nan,nan,nan,nan,nan,nan,nan,nan,-6.130268199233746169e-03,nan,nan,nan,8.429118773946319559e-03,nan,nan,nan,nan,9.578544061302629239e-03,nan,nan,nan,nan,nan,nan,nan
nan,nan,nan,nan,nan,nan,nan,nan,nan,nan,nan,nan,nan,nan,9.811320754716978260e-03,nan,-6.415094339622640432e-03,nan,nan,nan,nan,nan,nan,3.811320754716980563e-02,-3.773584905660376629e-04,-3.396226415094338695e-03,-1.886792452830188260e-03,7.169811320754715216e-03,3.396226415094338695e-03,nan,nan,nan,nan,nan,nan,nan,nan,1.132075471698113043e-03,nan,nan,nan,nan,nan,nan,nan,nan,nan,nan,1.886792452830188260e-03,nan,nan,nan,nan,nan,nan,nan,nan,nan,nan,nan,nan,nan,nan,nan,nan
nan,nan,nan,nan,nan,6.415094339622640432e-03,nan,nan,nan,nan,nan,nan,nan,nan,1.999999999999999695e-02,1.283018867924528086e-02,nan,nan,-5.849056603773583607e-02,nan,nan,nan,1.056603773584905391e-02,nan,nan,nan,nan,nan,nan,nan,-3.924528301886791304e-02,nan,nan,nan,nan,nan,nan,nan,3.396226415094338695e-03,nan,nan,nan,nan,nan,nan,nan,nan,3.773584905660376629e-04,1.207547169811320521e-02,nan,nan,nan,2.264150943396226086e-03,nan,nan,nan,nan,nan,nan,nan,nan,nan,nan,nan,nan
nan,-1.117764471057880460e-02,nan,nan,nan,nan,nan,nan,nan,nan,nan,nan,nan,nan,7.984031936127955476e-04,nan,-2.514970059880234851e-02,nan,1.876247504990025128e-02,nan,nan,nan,nan,nan,nan,nan,-4.191616766467061439e-02,1.596806387225568977e-03,-1.996007984031899964e-03,-1.556886227544904654e-02,nan,nan,-9.181636726546860833e-03,nan,nan,nan,nan,nan,nan,nan,nan,nan,nan,nan,nan,nan,nan,nan,-2.395209580838275620e-03,nan,nan,nan,nan,nan,nan,nan,nan,nan,nan,nan,nan,nan,nan,nan,nan
nan,nan,nan,nan,nan,3.676470588235281056e-04,nan,nan,nan,nan,nan,nan,nan,nan,nan,1.066176470588238098e-02,nan,nan,nan,nan,nan,nan,1.544117647058824636e-02,nan,nan,nan,nan,3.566176470588235808e-02,nan,nan,-2.205882352941175226e-02,nan,nan,-4.411764705882337267e-03,nan,nan,nan,nan,0.000000000000000000e+00,nan,nan,nan,nan,nan,nan,nan,nan,-3.676470588235281056e-04,-3.308823529411752951e-03,nan,nan,nan,nan,nan,nan,nan,nan,nan,nan,1.507352941176474080e-02,nan,nan,nan,nan,nan
nan,nan,nan,nan,nan,nan,nan,nan,nan,nan,nan,nan,nan,nan,2.038461538461537950e-02,nan,nan,-8.846153846153882033e-03,-3.730769230769233336e-02,-1.538461538461533039e-03,nan,5.769230769230748734e-03,nan,nan,nan,nan,nan,nan,nan,nan,nan,nan,nan,nan,nan,nan,nan,nan,nan,nan,nan,nan,nan,nan,nan,nan,nan,nan,4.230769230769215912e-03,nan,nan,nan,-8.461538461538454375e-03,nan,nan,nan,-6.923076923076943237e-03,nan,3.461538461538449067e-03,nan,nan,nan,nan,nan,-1.153846153846149834e-03
nan,nan,-4.204545454545460803e-02,nan,nan,3.787878787878762397e-03,nan,nan,nan,nan,nan,nan,nan,nan,nan,-4.545454545454541764e-03,nan,nan,nan,nan,nan,-4.015151515151518108e-02,-3.484848484848488553e-02,4.545454545454541417e-02,nan,nan,nan,nan,nan,nan,nan,nan,-2.045454545454548217e-02,nan,nan,nan,nan,nan,nan,nan,nan,-1.022727272727275150e-02,nan,nan,nan,nan,nan,-4.166666666666696099e-03,nan,-7.575757575757791507e-04,nan,nan,nan,nan,nan,nan,nan,nan,nan,nan,nan,nan,nan,nan,nan
nan,nan,nan,nan,3.155818540433874640e-03,nan,nan,nan,-7.889546351085074743e-04,nan,nan,-3.155818540433940993e-03,nan,nan,-2.761341222879698694e-03,-1.025641025641030844e-02,nan,nan,nan,nan,nan,nan,nan,nan,nan,nan,nan,nan,nan,-1.656804733727814533e-02,nan,5.996055226824452411e-02,nan,nan,nan,nan,nan,-7.889546351085074743e-04,nan,nan,nan,nan,nan,nan,nan,nan,nan,nan,nan,nan,nan,nan,nan,nan,nan,nan,nan,7.100591715976300664e-03,nan,-1.459566074950695638e-02,nan,nan,nan,nan,nan
nan,nan,nan,nan,nan,nan,nan,nan,nan,nan,nan,nan,nan,nan,-3.629032258064546212e-03,nan,nan,nan,-7.741935483870972246e-02,2.016129032258051450e-03,1.209677419354804285e-03,nan,nan,-8.467741935483918611e-03,nan,nan,nan,-2.620967741935489176e-02,-2.822580645161298831e-03,nan,nan,-1.411290322580651714e-02,nan,nan,nan,nan,nan,nan,nan,nan,nan,-5.241935483870974188e-03,nan,nan,nan,nan,nan,nan,3.225806451612878070e-03,nan,nan,nan,nan,nan,nan,nan,nan,nan,nan,nan,nan,nan,nan,nan,nan
nan,nan,nan,nan,nan,nan,nan,nan,-5.088062622309164236e-03,nan,nan,nan,nan,nan,7.827788649706502594e-03,nan,nan,nan,1.448140900195695781e-02,nan,nan,nan,nan,nan,1.448140900195698036e-02,2.739726027397271137e-03,2.220446049250313204e-17,2.113502935420745812e-02,3.913894324853228746e-03,nan,nan,nan,nan,nan,nan,nan,nan,nan,nan,nan,nan,nan,nan,nan,nan,nan,nan,nan,1.956947162426625648e-03,nan,nan,nan,nan,nan,nan,nan,nan,3.522504892367917060e-03,nan,nan,nan,nan,nan,nan,nan
nan,nan,nan,7.633587786259598933e-03,nan,nan,nan,nan,nan,nan,nan,nan,nan,nan,1.068702290076339878e-02,nan,-8.396946564885455003e-03,nan,-2.366412213740452103e-02,nan,nan,nan,nan,nan,nan,nan,-1.908396946564860919e-03,1.030534351145042694e-02,2.671755725190893931e-03,nan,nan,nan,-3.816793893129721837e-03,nan,nan,nan,nan,nan,nan,nan,nan,nan,nan,nan,nan,nan,nan,nan,1.259541984732830480e-02,nan,nan,nan,-2.290076335877833189e-03,nan,nan,nan,nan,nan,nan,nan,nan,nan,nan,nan,nan
nan,nan,nan,nan,nan,-6.525911708253384451e-03,nan,nan,nan,nan,nan,nan,nan,nan,nan,-3.071017274472187704e-03,nan,nan,nan,nan,nan,nan,3.454894433781219298e-03,nan,nan,nan,nan,nan,nan,-6.142034548944352856e-03,-1.074856046065257933e-02,nan,nan,nan,nan,nan,nan,-7.677543186180635143e-04,-1.535508637236084918e-02,nan,nan,nan,nan,nan,nan,nan,nan,-3.454894433781219298e-03,-1.151631477927095217e-03,nan,nan,nan,nan,nan,nan,nan,nan,nan,nan,-8.061420345489445777e-03,nan,nan,nan,nan,nan
