nan,nan,nan,nan,nan,nan,nan,nan,nan,2.245614035087718438e-02,nan,nan,nan,nan,-2.315789473684212035e-02,nan,nan,nan,nan,nan,nan,nan,nan,nan,nan,nan,nan,nan,nan,2.105263157894743300e-03,nan,nan,-2.947368421052631859e-02,nan,nan,nan,-2.105263157894737835e-02,nan,nan,nan,nan,nan,nan,nan,nan,nan,nan,nan,2.807017543859635471e-03,5.614035087719282217e-03,-3.508771929824572311e-03,nan,nan,nan,nan,nan,nan,nan,nan,-5.614035087719304769e-03,nan,nan,-1.263157894736842771e-02,nan,nan
nan,nan,-2.397260273972602260e-02,nan,nan,nan,nan,nan,nan,nan,nan,nan,nan,nan,nan,7.054794520547945369e-02,nan,nan,nan,-1.369863013698629020e-02,nan,nan,nan,-4.109589041095873529e-03,nan,nan,nan,nan,nan,4.041095890410958263e-02,nan,nan,nan,nan,nan,nan,nan,nan,nan,nan,nan,nan,nan,nan,nan,nan,nan,nan,-3.972602739726025650e-02,-2.260273972602738768e-02,0.000000000000000000e+00,nan,nan,nan,nan,nan,nan,nan,-1.027397260273972199e-02,nan,nan,nan,6.712328767123286466e-02,nan,nan
nan,nan,nan,nan,nan,-2.220446049250313204e-17,nan,nan,nan,nan,nan,nan,nan,nan,-2.083333333333337034e-02,nan,nan,nan,nan,nan,nan,nan,nan,nan,1.666666666666664215e-02,1.458333333333330407e-02,nan,nan,nan,1.041666666666662966e-02,nan,nan,nan,nan,nan,nan,nan,nan,nan,nan,nan,nan,nan,nan,nan,nan,-3.472222222222243280e-03,-1.110223024625156602e-17,6.944444444444197511e-04,nan,nan,nan,nan,nan,nan,nan,nan,nan,nan,3.472222222222198611e-03,nan,nan,-1.388888888888891761e-02,nan,nan
nan,nan,-4.372881355932204395e-01,-4.745762711864406902e-02,nan,nan,nan,nan,nan,nan,nan,-1.084745762711865000e-02,nan,nan,nan,nan,nan,nan,nan,nan,nan,nan,nan,nan,-3.525423728813558560e-02,nan,nan,nan,nan,nan,nan,nan,nan,nan,nan,nan,nan,-3.457627118644067410e-02,nan,-7.457627118644072524e-03,nan,nan,nan,nan,nan,nan,nan,nan,-3.389830508474578341e-03,nan,nan,nan,nan,nan,nan,nan,nan,-1.355932203389831250e-03,nan,nan,nan,4.745762711864410024e-03,nan,-8.813559322033903340e-03,nan
nan,nan,nan,nan,nan,nan,nan,nan,nan,nan,nan,nan,nan,nan,nan,nan,nan,nan,nan,nan,nan,nan,nan,9.065743944636676932e-02,nan,nan,nan,1.307958477508650019e-01,nan,nan,nan,1.183391003460207286e-01,nan,nan,nan,nan,nan,-1.730103806228375923e-02,nan,nan,nan,nan,5.536332179930769648e-03,7.612456747404827348e-03,nan,nan,nan,nan,-1.107266435986162777e-02,-4.844290657439476351e-03,nan,nan,nan,nan,nan,nan,nan,-1.107266435986160522e-02,nan,2.352941176470586468e-02,nan,nan,nan,nan,nan
nan,nan,nan,nan,nan,nan,nan,nan,nan,nan,nan,nan,nan,nan,-2.807017543859648828e-02,-9.824561403508780960e-03,nan,nan,nan,nan,nan,nan,nan,nan,-2.175438596491228310e-02,nan,nan,nan,nan,7.017543859649145056e-04,nan,nan,nan,nan,nan,nan,nan,nan,nan,nan,nan,nan,nan,nan,nan,nan,nan,-1.122807017543859739e-02,-2.315789473684212035e-02,-9.122807017543855396e-03,nan,nan,nan,nan,nan,nan,nan,-9.122807017543865804e-03,nan,-2.245614035087719479e-02,nan,nan,-1.192982456140350214e-02,nan,nan
nan,nan,-2.582781456953638782e-02,nan,nan,nan,nan,nan,nan,nan,nan,nan,nan,nan,-3.443708609271520921e-02,nan,nan,nan,nan,nan,nan,-5.562913907284765258e-02,nan,nan,nan,nan,-6.622516556291357763e-03,nan,nan,1.258278145695368444e-02,nan,nan,-5.033112582781453653e-02,nan,nan,nan,nan,2.119205298013248154e-02,1.192052980132453019e-02,nan,nan,nan,nan,-1.721854304635759420e-02,nan,nan,nan,nan,nan,nan,1.986754966887419732e-02,nan,nan,nan,nan,nan,nan,nan,nan,nan,nan,nan,nan,nan,nan
nan,nan,nan,nan,nan,nan,nan,nan,nan,nan,nan,nan,8.135593220338976223e-03,nan,nan,nan,nan,-9.288135593220339659e-02,-3.457627118644068798e-02,2.711864406779662499e-03,1.898305084745760540e-02,nan,nan,-1.898305084745762483e-01,nan,nan,nan,nan,nan,nan,nan,nan,nan,nan,nan,nan,nan,nan,nan,nan,nan,nan,nan,nan,nan,nan,nan,nan,-8.542372881355937697e-02,-3.389830508474578341e-03,nan,nan,nan,nan,nan,nan,nan,2.305084745762708831e-02,nan,nan,nan,nan,nan,nan,1.423728813559319538e-02
nan,1.324503311258274849e-02,-5.298013245033128191e-03,nan,nan,nan,nan,nan,nan,1.125827814569533257e-02,nan,nan,nan,nan,-2.185430463576162191e-02,-1.456953642384107780e-02,nan,nan,nan,nan,nan,nan,nan,nan,nan,nan,nan,nan,nan,-2.649006622516569733e-03,nan,nan,nan,nan,nan,nan,nan,nan,nan,nan,nan,-1.456953642384107780e-02,nan,nan,nan,nan,nan,nan,-1.324503311258279359e-02,nan,nan,nan,nan,nan,nan,nan,nan,nan,nan,nan,nan,nan,-6.622516556291413274e-03,nan,-3.311258278145700999e-03
nan,nan,2.185430463576159069e-02,nan,nan,nan,nan,nan,nan,nan,nan,nan,nan,nan,nan,nan,nan,nan,nan,nan,nan,nan,nan,3.377483443708610700e-02,nan,nan,nan,-6.622516556291424333e-04,2.649006622516558718e-02,-1.192052980132449723e-02,nan,2.516556291390727867e-02,-1.986754966887427191e-03,nan,nan,nan,nan,1.192052980132454233e-02,nan,1.986754966887427191e-03,nan,nan,7.947019867549642846e-03,nan,nan,nan,nan,nan,nan,nan,nan,nan,nan,nan,nan,nan,nan,nan,nan,nan,nan,nan,nan,nan,nan
nan,nan,4.729729729729736931e-03,nan,nan,nan,nan,nan,nan,nan,nan,nan,nan,nan,nan,nan,nan,nan,nan,nan,nan,nan,nan,1.756756756756756507e-02,nan,nan,nan,-8.108108108108091211e-03,2.027027027027039716e-03,nan,nan,-3.378378378378399383e-03,nan,6.081081081081074480e-03,nan,nan,nan,nan,nan,nan,nan,nan,nan,nan,nan,nan,nan,nan,-4.054054054054079433e-03,-1.351351351351359666e-03,-6.756756756756798332e-04,nan,nan,nan,nan,nan,nan,nan,nan,nan,nan,nan,nan,-1.081081081081081141e-02,nan
nan,nan,nan,nan,nan,nan,nan,nan,nan,nan,nan,nan,nan,nan,8.813559322033903340e-03,1.898305084745764010e-02,nan,nan,nan,nan,nan,1.627118644067797673e-02,-4.813559322033895971e-02,nan,nan,nan,nan,nan,nan,4.881355932203392672e-02,nan,nan,nan,nan,nan,nan,nan,nan,nan,nan,nan,nan,nan,nan,nan,nan,nan,nan,-4.610169491525421132e-02,-2.915254237288131961e-02,-3.389830508474578341e-03,nan,nan,nan,nan,nan,nan,nan,nan,nan,nan,nan,4.203389830508477004e-02,nan,-3.118644067796606453e-02
nan,nan,nan,nan,nan,nan,nan,nan,nan,nan,nan,nan,-4.810996563573866069e-03,nan,nan,nan,nan,nan,nan,nan,nan,nan,nan,2.130584192439866076e-02,-2.817869415807561229e-02,nan,nan,-9.621993127147732139e-03,1.786941580756018499e-02,nan,nan,9.621993127147777242e-03,nan,nan,nan,nan,nan,-6.872852233676951528e-04,nan,nan,nan,nan,nan,2.061855670103085458e-03,nan,nan,nan,nan,-1.099656357388312244e-02,nan,nan,nan,nan,nan,nan,nan,nan,-4.810996563573866069e-03,nan,nan,nan,nan,nan,nan,nan
nan,nan,nan,-3.189368770764121341e-02,-4.651162790697683028e-03,nan,nan,nan,nan,nan,nan,nan,-1.926910299003323918e-02,nan,-5.315614617940200848e-02,nan,nan,nan,nan,nan,nan,nan,nan,nan,nan,nan,nan,nan,nan,-5.980066445182741393e-03,nan,nan,nan,nan,nan,nan,-3.255813953488373436e-02,nan,nan,nan,nan,nan,-6.644518272425259733e-03,-2.192691029900332295e-02,nan,nan,nan,nan,nan,nan,nan,nan,nan,nan,nan,nan,nan,-1.993355481727587981e-03,nan,nan,nan,nan,-1.661129568106314153e-02,nan,nan
nan,nan,-1.254355400696861508e-02,nan,nan,nan,2.787456445993053041e-03,nan,nan,2.857142857142861564e-02,nan,nan,nan,nan,nan,nan,nan,nan,nan,nan,nan,nan,nan,nan,nan,nan,nan,nan,nan,6.968641114982743190e-04,nan,nan,nan,nan,nan,nan,nan,nan,nan,nan,nan,nan,1.110223024625156602e-17,1.672473867595820549e-02,nan,nan,4.041811846689898763e-02,nan,-1.533101045296164644e-02,nan,nan,nan,nan,nan,nan,nan,nan,nan,2.787456445993053041e-03,nan,nan,nan,1.533101045296169154e-02,nan,nan
nan,nan,-1.805054151624546632e-02,nan,-1.227436823104691675e-02,nan,nan,nan,nan,nan,nan,nan,nan,nan,-2.815884476534292677e-02,nan,nan,nan,2.888086642599307745e-03,nan,nan,nan,nan,nan,nan,nan,nan,nan,nan,5.054151624548738203e-02,nan,nan,-1.010830324909746045e-02,nan,nan,nan,2.527075812274370836e-02,2.599277978339352771e-02,nan,nan,nan,nan,nan,nan,nan,nan,nan,nan,nan,nan,nan,nan,nan,nan,nan,nan,nan,2.888086642599296903e-03,nan,nan,nan,nan,3.104693140794225620e-02,nan,nan
nan,nan,nan,nan,nan,nan,nan,nan,nan,nan,nan,nan,nan,nan,nan,2.653061224489798933e-02,nan,nan,nan,nan,nan,nan,nan,4.625850340136054145e-02,-4.761904761904767538e-03,-2.040816326530614597e-03,-6.122448979591843359e-03,1.224489795918368672e-02,3.537414965986396265e-02,nan,nan,nan,nan,nan,nan,nan,nan,-3.401360544217690851e-03,nan,nan,nan,nan,nan,nan,nan,nan,nan,nan,-6.122448979591843359e-03,nan,3.401360544217690851e-03,nan,nan,nan,nan,nan,nan,nan,nan,nan,nan,nan,nan,nan,nan
nan,nan,-6.801346801346803972e-02,nan,1.077441077441075937e-02,nan,nan,nan,nan,nan,nan,nan,nan,nan,8.148148148148146031e-02,nan,nan,nan,nan,nan,nan,nan,nan,nan,nan,-3.771043771043773585e-02,-1.414141414141415441e-02,2.020202020202018639e-02,nan,8.552188552188551285e-02,nan,nan,nan,nan,nan,nan,nan,nan,nan,4.107744107744105977e-02,nan,nan,nan,nan,nan,nan,nan,nan,-9.023569023569026626e-02,nan,nan,nan,nan,nan,nan,nan,nan,nan,nan,nan,nan,nan,nan,nan,-3.299663299663302407e-02
nan,nan,5.940594059405934595e-03,-4.620462046204643070e-03,nan,nan,nan,nan,nan,-1.110223024625156602e-17,nan,nan,nan,nan,-1.188118811881190215e-02,nan,nan,nan,nan,nan,nan,nan,nan,nan,nan,nan,nan,2.838283828382836063e-02,5.280528052805277990e-03,3.300330033003297941e-02,nan,nan,nan,nan,nan,nan,nan,nan,nan,7.920792079207927827e-03,nan,nan,nan,1.188118811881186919e-02,nan,nan,nan,nan,nan,nan,nan,nan,nan,nan,nan,nan,nan,nan,nan,nan,nan,nan,-1.254125412541254835e-02,nan,nan
nan,nan,-6.405693950177915146e-03,nan,nan,nan,nan,nan,nan,nan,nan,nan,nan,nan,nan,nan,nan,nan,-1.637010676156586131e-02,nan,nan,-4.982206405693956168e-03,nan,nan,nan,nan,nan,2.348754448398574640e-02,4.768683274021352780e-02,nan,nan,3.772241992882561373e-02,nan,nan,nan,nan,nan,-6.405693950177937697e-03,nan,nan,nan,nan,nan,nan,nan,nan,nan,nan,-9.964412811387912336e-03,-8.540925266903909990e-03,nan,nan,nan,nan,nan,nan,nan,-4.270462633451943719e-03,nan,nan,nan,nan,nan,nan,nan
nan,nan,nan,nan,nan,nan,nan,nan,nan,nan,nan,nan,nan,nan,nan,nan,1.070234113712373834e-02,4.013377926421401662e-03,6.020066889632103360e-03,-2.675585284280934586e-03,5.351170568561869172e-03,-1.605351170568562053e-02,nan,nan,2.006688963210700831e-03,nan,nan,nan,nan,nan,nan,nan,nan,nan,nan,nan,nan,1.337792642140467293e-03,nan,nan,nan,nan,nan,nan,nan,nan,nan,nan,4.013377926421401662e-03,nan,nan,nan,nan,nan,nan,nan,nan,-6.020066889632103360e-03,nan,nan,nan,nan,nan,nan,nan
nan,nan,nan,nan,nan,nan,nan,nan,nan,nan,nan,nan,nan,nan,nan,nan,nan,nan,nan,nan,nan,nan,nan,4.429530201342281315e-02,nan,-1.208053691275170517e-02,3.355704697986538945e-03,9.395973154362358137e-03,5.302013422818789568e-02,nan,nan,5.100671140939595782e-02,nan,nan,nan,nan,nan,-4.026845637583931214e-03,nan,nan,nan,nan,nan,nan,nan,nan,nan,nan,-4.697986577181234580e-03,-4.697986577181234580e-03,nan,nan,nan,nan,nan,nan,nan,6.040268456375797075e-03,nan,nan,nan,nan,nan,nan,nan
nan,nan,1.806020066889630835e-02,6.688963210702336465e-04,nan,nan,nan,nan,nan,nan,nan,8.695652173913038380e-03,nan,nan,nan,nan,nan,nan,nan,nan,nan,nan,nan,4.147157190635449020e-02,nan,nan,nan,-4.682274247491635850e-03,nan,-2.073578595317733184e-02,nan,1.605351170568560665e-02,nan,5.150501672240799522e-02,nan,nan,nan,nan,nan,nan,nan,nan,nan,nan,nan,nan,nan,nan,nan,nan,nan,nan,nan,nan,nan,nan,nan,8.695652173913038380e-03,1.337792642140467293e-03,nan,nan,nan,nan,nan,nan
nan,nan,nan,nan,nan,nan,nan,nan,2.533333333333335352e-02,3.733333333333335030e-02,nan,nan,nan,nan,-4.733333333333332449e-02,nan,1.733333333333334642e-02,nan,nan,nan,nan,nan,nan,nan,nan,nan,nan,nan,nan,nan,nan,nan,nan,nan,nan,nan,nan,nan,nan,nan,nan,nan,nan,nan,nan,nan,2.800000000000001446e-02,nan,-9.333333333333304616e-03,1.333333333333353021e-03,nan,nan,nan,nan,nan,nan,nan,-4.666666666666641032e-03,nan,-3.266666666666663554e-02,nan,nan,-5.333333333333312339e-03,nan,nan
nan,nan,nan,nan,nan,nan,nan,nan,nan,nan,nan,nan,nan,nan,nan,nan,nan,nan,nan,nan,nan,nan,nan,2.781456953642387139e-02,-1.059602649006616791e-02,-1.456953642384102229e-02,nan,-1.456953642384104484e-02,4.900662251655631824e-02,nan,nan,1.390728476821194784e-02,nan,nan,nan,nan,nan,-2.649006622516547615e-03,nan,nan,nan,nan,nan,nan,nan,nan,nan,nan,-1.920529801324497715e-02,-6.622516556291424333e-04,nan,nan,nan,nan,nan,nan,nan,-9.271523178807927063e-03,nan,nan,nan,nan,nan,nan,nan
nan,nan,-2.253333333333333022e-01,-2.066666666666666652e-02,nan,nan,nan,nan,nan,nan,nan,nan,nan,nan,-2.186666666666666481e-01,nan,nan,nan,nan,-1.933333333333333431e-02,-6.666666666666487551e-04,nan,-6.866666666666666752e-02,nan,nan,nan,nan,nan,nan,nan,nan,nan,-2.399999999999998662e-02,nan,nan,nan,nan,-5.733333333333331255e-02,nan,nan,nan,nan,-2.266666666666665789e-02,nan,nan,nan,nan,nan,nan,nan,nan,nan,nan,nan,nan,nan,nan,3.333333333333343522e-03,nan,nan,nan,nan,nan,nan,nan
nan,nan,1.879194630872484811e-02,1.275167785234898599e-02,nan,nan,nan,nan,nan,nan,nan,nan,nan,nan,nan,nan,nan,nan,nan,nan,nan,2.013422818791954332e-03,nan,5.838926174496644750e-02,nan,nan,nan,6.040268456375841311e-03,6.577181208053692330e-02,-4.026845637583893744e-02,nan,nan,nan,nan,nan,nan,nan,0.000000000000000000e+00,nan,nan,nan,nan,nan,nan,nan,nan,nan,nan,nan,nan,nan,nan,nan,nan,nan,nan,nan,-6.711409395973144676e-03,6.711409395973033654e-04,nan,nan,nan,nan,nan,nan
nan,nan,nan,nan,nan,nan,nan,nan,nan,nan,nan,nan,nan,nan,nan,nan,1.463414634146342763e-02,nan,nan,nan,nan,nan,nan,3.902439024390243899e-02,1.114982578397213410e-02,2.090592334494778722e-03,-1.114982578397210114e-02,9.756097560975618421e-03,5.574912891986064795e-02,nan,nan,nan,nan,nan,nan,nan,nan,1.672473867595819508e-02,nan,nan,nan,nan,nan,nan,nan,nan,nan,nan,-6.968641114982565381e-03,nan,nan,nan,nan,nan,nan,nan,nan,-1.114982578397208900e-02,nan,nan,nan,nan,nan,nan,nan
nan,nan,nan,nan,nan,nan,nan,nan,nan,nan,nan,nan,nan,nan,nan,nan,nan,1.265822784810125522e-02,-2.341772151898734514e-02,6.329113924050556051e-04,1.898734177215188890e-02,nan,nan,6.835443037974683889e-02,nan,nan,nan,nan,nan,nan,nan,nan,nan,nan,nan,nan,nan,-3.330669073875469498e-17,nan,nan,nan,nan,nan,nan,nan,nan,nan,nan,-3.417721518987341944e-02,-2.341772151898735554e-02,nan,nan,nan,nan,nan,nan,nan,2.341772151898732085e-02,nan,nan,nan,nan,nan,nan,3.797468354430366590e-03
nan,nan,nan,nan,nan,nan,nan,nan,nan,nan,nan,nan,nan,nan,nan,nan,nan,nan,4.140350877192983114e-02,-1.403508771929806677e-03,-6.315789473684196506e-03,-2.666666666666665103e-02,-1.403508771929823373e-02,nan,nan,nan,nan,nan,nan,nan,nan,nan,-4.070175438596490558e-02,nan,nan,nan,nan,nan,nan,nan,nan,nan,nan,nan,nan,nan,nan,nan,-1.066666666666666458e-01,nan,nan,nan,nan,nan,nan,nan,nan,1.110223024625156602e-17,nan,nan,nan,1.052631578947368397e-02,nan,1.824561403508773161e-02,nan
nan,nan,4.225352112676050709e-03,nan,nan,nan,nan,nan,nan,nan,nan,nan,nan,nan,nan,nan,nan,1.401408450704225150e-01,-3.309859154929577219e-02,3.521126760563379754e-02,nan,1.478873239436620003e-02,nan,nan,nan,nan,nan,nan,nan,nan,nan,nan,nan,nan,nan,nan,nan,1.070422535211267567e-01,nan,nan,nan,nan,nan,nan,nan,nan,nan,nan,-3.450704225352113630e-02,nan,nan,nan,nan,nan,nan,nan,nan,6.338028169014076063e-03,nan,1.345070422535211141e-01,nan,nan,nan,nan,-4.999999999999997502e-02
nan,nan,1.245674740484428202e-02,nan,nan,nan,nan,nan,nan,nan,nan,-1.730103806228372454e-02,nan,nan,nan,nan,nan,nan,nan,nan,nan,nan,nan,3.875432525951554019e-02,nan,nan,nan,-4.013840830449828811e-02,nan,-6.920415224913490249e-04,nan,-6.228373702422141008e-03,nan,nan,nan,nan,nan,-1.384083044982698050e-03,nan,nan,nan,nan,-2.768166089965396100e-03,1.176470588235293234e-02,nan,nan,nan,nan,nan,nan,nan,nan,nan,nan,nan,nan,nan,-2.768166089965396100e-03,nan,nan,nan,nan,nan,nan,nan
nan,nan,-3.457627118644064634e-02,nan,nan,nan,nan,nan,nan,nan,nan,nan,-5.423728813559292039e-03,nan,-5.220338983050844955e-02,nan,nan,1.762711864406780668e-02,nan,nan,1.152542372881356671e-02,nan,nan,nan,nan,nan,nan,nan,nan,nan,nan,nan,nan,nan,nan,nan,nan,nan,nan,nan,nan,nan,-2.033898305084724974e-03,-1.355932203389820191e-03,nan,nan,nan,nan,2.033898305084757933e-03,nan,nan,nan,nan,nan,nan,nan,nan,nan,0.000000000000000000e+00,nan,nan,nan,2.305084745762713341e-02,nan,nan
nan,nan,nan,nan,nan,nan,nan,nan,nan,nan,nan,nan,1.768707482993199173e-02,nan,nan,nan,nan,nan,nan,nan,nan,nan,nan,4.081632653061229021e-02,-6.122448979591821674e-03,-6.802721088435381702e-03,6.802721088435381702e-03,nan,4.081632653061229021e-02,nan,nan,nan,nan,nan,nan,nan,nan,-1.768707482993190500e-02,nan,nan,nan,nan,nan,nan,nan,nan,1.496598639455784009e-02,nan,nan,nan,nan,nan,nan,nan,nan,nan,nan,-4.081632653061229195e-03,nan,nan,nan,nan,4.081632653061229195e-03,nan,nan
nan,nan,nan,nan,nan,nan,nan,nan,nan,1.979522184300339799e-02,nan,nan,nan,nan,-4.095563139931740482e-02,nan,nan,nan,nan,nan,nan,-6.825938566552891334e-04,7.508532423208180359e-03,nan,nan,nan,nan,nan,nan,-8.873720136518770119e-03,nan,nan,nan,nan,nan,nan,nan,nan,-6.143344709897613151e-03,nan,nan,nan,nan,nan,nan,nan,1.911262798634810745e-02,nan,-5.460750853242335619e-03,nan,nan,nan,nan,nan,nan,nan,nan,nan,nan,-1.638225255972698344e-02,nan,nan,1.365187713310578267e-03,nan,nan
nan,nan,nan,nan,nan,nan,nan,nan,nan,nan,nan,nan,nan,nan,nan,nan,nan,nan,nan,nan,nan,nan,nan,3.466666666666671365e-02,nan,-7.999999999999974146e-03,-3.999999999999981001e-03,1.200000000000003321e-02,nan,nan,nan,2.400000000000003172e-02,nan,nan,nan,nan,nan,-2.133333333333330487e-02,nan,nan,nan,nan,3.333333333333354798e-03,nan,nan,nan,nan,nan,-1.866666666666663005e-02,nan,nan,nan,nan,nan,-6.666666666666487551e-04,nan,nan,2.000000000000023894e-03,nan,nan,nan,nan,nan,nan,nan
nan,nan,-2.458471760797340672e-02,-2.458471760797338243e-02,nan,nan,nan,nan,nan,1.461794019933558911e-02,nan,-6.644518272425181237e-04,nan,nan,-2.724252491694347661e-02,nan,nan,nan,nan,nan,nan,nan,nan,nan,nan,nan,nan,nan,nan,1.594684385382062405e-02,nan,nan,-1.926910299003319407e-02,nan,nan,nan,nan,nan,nan,nan,nan,nan,nan,nan,nan,nan,nan,nan,nan,nan,9.302325581395376464e-03,nan,nan,nan,nan,nan,nan,1.262458471760800026e-02,nan,6.644518272425292910e-04,nan,nan,nan,nan,nan
nan,nan,nan,nan,nan,nan,nan,nan,nan,nan,nan,nan,nan,nan,nan,nan,nan,2.061855670103085458e-03,-2.061855670103085458e-03,-2.749140893470791887e-03,-7.560137457044679640e-03,5.498281786941572498e-03,nan,2.130584192439863994e-02,nan,nan,nan,nan,4.398625429553265631e-02,nan,nan,nan,nan,nan,nan,nan,nan,-1.374570446735390306e-03,nan,nan,nan,nan,nan,nan,nan,nan,nan,nan,-8.934707903780069946e-03,nan,nan,nan,nan,nan,nan,nan,nan,-1.374570446735401364e-03,nan,nan,nan,nan,nan,nan,nan
nan,nan,-4.511784511784511231e-02,nan,-1.077441077441074722e-02,nan,nan,nan,nan,-3.097643097643095617e-02,nan,nan,-1.885521885521883670e-02,nan,nan,nan,nan,nan,nan,nan,8.080808080808099883e-03,nan,nan,nan,nan,nan,nan,-1.683501683501681390e-02,-2.289562289562290312e-02,-5.589225589225589597e-02,nan,nan,nan,nan,nan,nan,nan,3.030303030303033163e-02,nan,nan,nan,nan,nan,nan,nan,nan,nan,nan,nan,nan,nan,nan,nan,nan,nan,nan,nan,nan,nan,nan,nan,nan,-4.579124579124577155e-02,nan,nan
nan,nan,nan,nan,nan,nan,nan,nan,nan,-1.088435374149661003e-02,nan,nan,nan,nan,nan,nan,nan,nan,nan,nan,nan,nan,nan,1.700680272108845426e-02,nan,nan,nan,-2.653061224489792341e-02,2.040816326530614511e-02,-1.700680272108843344e-02,nan,-2.040816326530614597e-03,-8.163265306122458390e-03,nan,nan,nan,nan,-1.156462585034014924e-02,nan,nan,nan,nan,nan,nan,nan,nan,nan,nan,-5.442176870748305015e-03,nan,nan,nan,nan,nan,nan,nan,nan,2.040816326530614597e-03,nan,nan,nan,nan,nan,nan,nan
nan,nan,-1.569965870307165126e-02,nan,nan,nan,nan,nan,-1.092150170648462613e-02,nan,nan,nan,nan,nan,nan,-4.095563139931734584e-03,nan,nan,nan,nan,nan,nan,nan,nan,nan,nan,nan,nan,nan,4.095563139931757135e-03,nan,nan,-1.638225255972693833e-02,nan,nan,nan,nan,nan,nan,nan,nan,nan,nan,nan,nan,nan,nan,nan,nan,nan,6.143344709897624427e-03,nan,nan,nan,-3.412969283276445775e-03,nan,nan,nan,-5.460750853242313067e-03,nan,7.508532423208225462e-03,nan,3.412969283276457051e-03,nan,nan
nan,nan,-1.398601398601397906e-02,-1.608391608391610689e-02,-5.594405594405582258e-03,-2.377622377622378227e-02,nan,nan,nan,nan,nan,-6.993006993006978256e-03,nan,nan,nan,nan,nan,nan,nan,2.797202797202791129e-03,nan,nan,nan,nan,nan,nan,nan,nan,nan,-6.993006993006977822e-04,nan,nan,nan,nan,nan,nan,-9.790209790209791069e-03,nan,nan,nan,nan,nan,-1.818181818181819828e-02,-3.006993006993006340e-02,nan,nan,nan,nan,nan,nan,nan,nan,nan,nan,nan,nan,nan,nan,nan,nan,nan,nan,nan,nan,nan
nan,nan,1.672025723472663275e-02,nan,nan,nan,nan,nan,nan,nan,nan,9.646302250803784686e-03,nan,nan,nan,nan,nan,nan,nan,nan,nan,nan,nan,nan,nan,nan,nan,nan,nan,1.028938906752405701e-02,nan,nan,1.350482315112537871e-02,nan,nan,nan,nan,nan,nan,nan,nan,nan,1.543408360128612974e-02,nan,nan,nan,nan,nan,nan,nan,nan,nan,nan,nan,4.115755627009645146e-01,nan,nan,3.832797427652732680e-01,1.299035369774919346e-01,nan,nan,nan,1.350482315112535615e-02,4.379421221864950864e-01,nan
nan,nan,nan,nan,nan,nan,nan,nan,nan,nan,nan,nan,nan,nan,nan,3.642611683848797494e-02,nan,nan,nan,nan,nan,nan,nan,7.353951890034364502e-02,-6.872852233676951528e-04,1.030927835051547239e-02,8.934707903780082089e-03,8.934707903780082089e-03,nan,nan,nan,5.773195876288661488e-02,nan,nan,nan,nan,nan,1.099656357388316755e-02,nan,nan,nan,nan,nan,nan,nan,nan,nan,nan,3.436426116838475764e-03,nan,nan,nan,nan,nan,nan,nan,nan,6.185567010309278926e-03,nan,nan,nan,nan,nan,nan,nan
nan,nan,1.192982456140354551e-02,-1.964912280701749253e-02,nan,nan,nan,nan,nan,nan,nan,nan,nan,nan,nan,nan,nan,nan,nan,nan,nan,nan,nan,3.368421052631583035e-02,nan,nan,nan,-3.719298245614031245e-02,3.157894736842110917e-02,nan,nan,9.122807017543910907e-03,nan,nan,nan,nan,nan,1.122807017543863209e-02,nan,-4.210526315789398129e-03,nan,nan,nan,nan,nan,nan,nan,nan,1.122807017543863209e-02,nan,nan,nan,nan,nan,nan,nan,nan,7.017543859649366233e-04,nan,nan,nan,nan,nan,nan,nan
nan,nan,-2.006688963210701837e-01,nan,nan,nan,nan,nan,nan,nan,nan,nan,nan,nan,nan,nan,nan,nan,2.742474916387963729e-02,nan,nan,1.137123745819401677e-02,nan,3.545150501672243715e-02,nan,nan,nan,nan,2.408026755852846895e-02,nan,nan,nan,nan,nan,nan,nan,nan,-1.471571906354514001e-02,nan,nan,nan,nan,nan,nan,nan,nan,nan,nan,-2.046822742474915802e-01,nan,nan,nan,nan,nan,nan,nan,nan,3.545150501672243715e-02,nan,-3.879598662207354998e-02,nan,nan,nan,nan,1.404682274247495179e-02
nan,nan,-1.926910299003319407e-02,-9.966777408637850569e-03,nan,6.644518272425403499e-04,nan,nan,nan,6.644518272425281417e-03,nan,nan,nan,nan,-4.518272425249168084e-02,nan,nan,nan,nan,nan,nan,nan,nan,nan,nan,nan,nan,nan,nan,1.993355481727610099e-03,nan,nan,6.644518272425270142e-03,-2.059800664451823943e-02,nan,nan,nan,nan,nan,nan,nan,nan,nan,-7.308970099667744247e-03,nan,nan,nan,nan,nan,nan,nan,nan,nan,nan,nan,nan,nan,nan,nan,nan,nan,nan,-2.657807308970083771e-03,nan,nan
nan,nan,nan,nan,nan,-1.110223024625156602e-17,nan,nan,nan,nan,nan,-7.482993197278920046e-03,nan,nan,-1.020408163265307255e-02,nan,nan,nan,nan,nan,nan,nan,nan,nan,nan,nan,nan,nan,nan,6.802721088435337467e-03,nan,nan,nan,nan,nan,nan,nan,nan,nan,nan,nan,-1.496598639455784009e-02,nan,nan,nan,nan,nan,nan,-3.401360544217690851e-03,3.401360544217657458e-03,-3.401360544217690851e-03,nan,nan,nan,nan,nan,nan,nan,nan,-4.761904761904767538e-03,nan,nan,-1.972789115646260763e-02,nan,nan
nan,nan,-1.279461279461275788e-02,-1.346801346801329525e-03,nan,nan,nan,nan,nan,nan,nan,nan,nan,nan,nan,nan,nan,nan,nan,nan,nan,nan,nan,4.040404040404045605e-02,nan,nan,nan,-1.077441077441072467e-02,3.434343434343439805e-02,-2.356902356902355195e-02,nan,nan,nan,nan,nan,nan,nan,-2.962962962962960647e-02,nan,-6.734006734006481743e-04,nan,nan,nan,1.750841750841756334e-02,nan,nan,nan,nan,nan,nan,nan,nan,nan,nan,nan,nan,nan,-1.346801346801342926e-02,nan,nan,nan,nan,nan,nan,nan
nan,nan,nan,nan,-6.428571428571405906e-03,nan,nan,nan,-7.857142857142829923e-03,nan,nan,nan,nan,nan,-4.357142857142858039e-02,nan,nan,nan,nan,nan,nan,nan,nan,nan,nan,nan,nan,nan,nan,2.357142857142859732e-02,nan,nan,nan,nan,nan,nan,nan,nan,nan,nan,nan,nan,nan,2.142857142857157275e-03,nan,nan,nan,nan,-4.999999999999981889e-03,4.285714285714325826e-03,1.142857142857144417e-02,nan,nan,nan,nan,nan,nan,-7.142857142857117481e-03,nan,-1.142857142857140948e-02,nan,nan,nan,nan,nan
nan,nan,nan,nan,nan,nan,nan,nan,nan,nan,nan,nan,nan,nan,nan,nan,-1.718309859154929509e-01,-2.894366197183098621e-01,3.169014084507042195e-02,nan,-2.394366197183098871e-02,nan,nan,3.661971830985916165e-02,nan,nan,nan,nan,nan,nan,nan,nan,nan,nan,nan,nan,nan,nan,nan,nan,nan,nan,nan,nan,nan,nan,nan,nan,4.014084507042253724e-02,nan,nan,nan,nan,nan,-2.816901408450703942e-02,nan,nan,-3.309859154929577219e-02,-5.633802816901400945e-03,nan,nan,nan,nan,nan,2.535211267605635976e-02
nan,nan,nan,nan,nan,-1.837455830388693562e-02,nan,nan,nan,nan,nan,nan,nan,nan,nan,nan,nan,-2.826855123674898527e-03,-6.360424028268541093e-03,nan,-3.533568904593631290e-03,nan,nan,nan,nan,nan,nan,nan,nan,2.968197879858658350e-02,nan,nan,nan,nan,nan,nan,nan,nan,nan,nan,nan,nan,nan,nan,nan,nan,nan,nan,-2.756183745583039649e-02,nan,2.544169611307420947e-02,nan,nan,nan,nan,nan,nan,-7.067137809187273856e-03,nan,6.643109540636042698e-02,nan,nan,nan,nan,-2.544169611307417478e-02
nan,nan,nan,nan,nan,nan,nan,nan,nan,nan,nan,nan,nan,nan,nan,nan,nan,-1.225806451612903095e-02,-7.032258064516125340e-02,-1.161290322580643686e-02,-2.387096774193548862e-02,nan,-6.580645161290323009e-02,nan,nan,nan,nan,nan,nan,nan,nan,nan,nan,nan,nan,nan,nan,nan,nan,nan,nan,nan,nan,nan,nan,nan,nan,nan,-2.832258064516129381e-01,nan,nan,nan,nan,nan,5.032258064516128421e-02,nan,nan,3.677419354838708937e-02,nan,nan,nan,0.000000000000000000e+00,nan,nan,1.290322580645164542e-03
nan,nan,-6.993006993006978256e-03,nan,nan,nan,nan,nan,nan,2.797202797202802405e-03,nan,nan,nan,nan,-2.447552447552447941e-02,nan,nan,nan,nan,nan,nan,nan,nan,nan,nan,nan,nan,nan,nan,1.398601398601395564e-03,nan,nan,nan,nan,nan,nan,nan,nan,nan,nan,nan,nan,nan,nan,nan,nan,nan,nan,-9.790209790209780660e-03,nan,2.097902097902104405e-03,nan,nan,nan,nan,nan,nan,nan,nan,9.090909090909083529e-03,nan,0.000000000000000000e+00,-1.258741258741257266e-02,nan,-1.048951048951047779e-02
1.944444444444437536e-02,nan,1.041666666666662966e-02,7.638888888888861750e-03,nan,nan,nan,nan,nan,nan,nan,nan,nan,nan,nan,nan,nan,nan,nan,7.638888888888861750e-03,-1.458333333333339255e-02,4.861111111111093841e-03,nan,-2.569444444444450928e-02,nan,nan,nan,nan,-4.722222222222227650e-02,nan,nan,-8.750000000000002220e-02,nan,nan,nan,nan,nan,2.083333333333303814e-03,nan,nan,nan,nan,nan,nan,nan,nan,nan,nan,nan,nan,nan,nan,nan,nan,nan,nan,nan,nan,nan,nan,nan,nan,nan,nan,nan
nan,nan,-3.300330033003273482e-03,1.320132013201358312e-03,nan,nan,nan,nan,nan,nan,nan,nan,nan,nan,nan,nan,nan,nan,nan,-5.280528052805211203e-03,-1.056105610561053343e-02,nan,nan,2.904290429042908489e-02,nan,nan,nan,nan,3.630363036303631968e-02,nan,nan,1.914191419141919592e-02,nan,nan,nan,nan,nan,-1.980198019801937721e-03,nan,-1.188118811881182582e-02,nan,nan,nan,nan,nan,nan,nan,nan,nan,nan,nan,nan,nan,nan,nan,nan,nan,1.980198019802026192e-03,nan,nan,nan,nan,nan,nan,nan
nan,nan,1.110223024625156602e-17,nan,nan,nan,nan,nan,nan,nan,nan,nan,nan,nan,nan,nan,nan,nan,nan,nan,-6.600660066006569515e-03,nan,-7.920792079207917419e-03,-6.600660066006592067e-03,nan,-1.254125412541253794e-02,nan,-1.320132013201319454e-02,6.600660066006613751e-03,nan,nan,nan,nan,nan,nan,nan,nan,-1.914191419141914041e-02,nan,nan,nan,nan,nan,nan,nan,nan,nan,nan,-3.960396039603952638e-03,nan,nan,nan,nan,nan,nan,nan,nan,1.980198019801981957e-03,nan,nan,nan,nan,nan,nan,nan
nan,nan,-1.297658862876253649e-01,nan,-3.344481605351171810e-02,nan,nan,nan,nan,nan,nan,nan,nan,nan,-1.337792642140467336e-02,-4.682274247491639146e-02,nan,nan,1.137123745819397166e-02,nan,nan,nan,nan,nan,nan,nan,nan,8.628762541806020425e-02,1.591973244147157351e-01,nan,nan,nan,-1.204013377926421019e-01,nan,nan,nan,nan,-1.658862876254180441e-01,nan,nan,nan,nan,nan,nan,nan,nan,nan,nan,nan,nan,nan,nan,nan,nan,nan,nan,nan,1.137123745819397166e-02,nan,nan,nan,nan,nan,nan,nan
nan,nan,-2.154882154882157425e-02,nan,nan,nan,nan,nan,nan,6.734006734006714630e-03,nan,nan,nan,nan,-1.279461279461282554e-02,nan,nan,nan,nan,nan,nan,nan,nan,nan,nan,nan,nan,nan,nan,1.750841750841749395e-02,nan,nan,nan,nan,nan,nan,nan,nan,nan,nan,nan,nan,nan,nan,nan,nan,nan,nan,-1.481481481481482579e-02,-4.713804713804736930e-03,nan,nan,nan,nan,nan,nan,nan,-9.427609427609440901e-03,nan,1.414141414141411104e-02,nan,nan,6.734006734006714630e-03,nan,-1.077441077441078018e-02
nan,nan,nan,nan,nan,nan,nan,nan,nan,7.482993197278920046e-03,nan,nan,nan,nan,nan,0.000000000000000000e+00,nan,1.292517006802722593e-02,nan,nan,nan,nan,nan,nan,nan,nan,nan,nan,nan,nan,nan,nan,nan,nan,nan,nan,nan,1.904761904761907015e-02,nan,nan,nan,nan,nan,nan,nan,nan,-2.721088435374152507e-03,nan,-3.401360544217690851e-03,nan,nan,nan,nan,nan,nan,nan,nan,5.442176870748305015e-03,nan,-1.836734693877552921e-02,nan,nan,-1.360544217687076340e-02,nan,-6.122448979591843359e-03
nan,nan,nan,-8.602150537634422472e-03,nan,nan,nan,nan,nan,1.433691756272398310e-02,nan,nan,nan,nan,-2.437275985663085384e-02,-7.885304659498238236e-03,nan,nan,nan,nan,nan,nan,nan,nan,nan,nan,nan,nan,nan,nan,nan,nan,nan,nan,nan,nan,nan,nan,nan,nan,8.602150537634379104e-03,nan,nan,nan,nan,nan,4.301075268817189552e-03,nan,nan,nan,nan,nan,nan,nan,nan,nan,2.867383512544785518e-03,2.007168458781359924e-02,nan,-2.365591397849465746e-02,nan,nan,-1.362007168458784223e-02,nan,nan
nan,nan,-3.573883161512030060e-02,-2.542955326460483167e-02,nan,nan,nan,nan,nan,nan,nan,-9.621993127147777242e-03,nan,nan,nan,nan,nan,nan,nan,nan,nan,nan,nan,nan,nan,nan,nan,nan,nan,1.649484536082471836e-02,nan,nan,nan,nan,nan,nan,nan,4.261168384879723131e-02,nan,nan,nan,nan,-1.649484536082474959e-02,nan,nan,nan,nan,nan,nan,nan,nan,nan,nan,nan,nan,nan,nan,-4.810996563573899029e-03,2.749140893470769335e-03,-6.872852233676995763e-03,nan,nan,-4.948453608247423835e-02,nan,nan
nan,nan,2.622950819672154130e-03,nan,7.213114754098392742e-03,nan,nan,nan,nan,nan,nan,nan,nan,nan,2.622950819672142855e-03,1.967213114754100614e-02,nan,nan,nan,nan,7.213114754098382334e-03,nan,nan,nan,nan,nan,nan,nan,nan,3.278688524590167575e-02,nan,nan,nan,nan,nan,nan,nan,nan,nan,nan,nan,nan,-7.868852459016372619e-03,nan,nan,nan,nan,nan,-1.049180327868850550e-02,nan,nan,nan,nan,nan,nan,nan,nan,nan,nan,1.245901639344264636e-02,nan,nan,-9.180327868852432988e-03,nan,nan
nan,nan,nan,nan,nan,nan,nan,nan,nan,nan,nan,nan,nan,nan,nan,nan,nan,2.709677419354842437e-02,-7.741935483870932173e-03,-1.612903225806450180e-02,-6.451612903225767415e-03,-2.516129032258062129e-02,-2.258064516129027963e-02,nan,2.774193548387100458e-02,nan,nan,nan,nan,nan,nan,nan,nan,nan,nan,nan,nan,-1.354838709677417229e-02,nan,nan,nan,nan,nan,nan,nan,nan,nan,nan,-4.516129032258042394e-03,nan,nan,nan,nan,nan,nan,nan,nan,9.032258064516152443e-03,nan,nan,nan,nan,nan,nan,nan
nan,nan,nan,-5.517241379310355680e-03,nan,nan,nan,nan,nan,nan,nan,nan,nan,nan,-8.275862068965533086e-03,nan,nan,nan,nan,nan,nan,nan,nan,nan,2.482758620689654722e-02,nan,nan,nan,-8.275862068965533086e-03,2.068965517241377894e-02,nan,nan,nan,nan,nan,nan,nan,nan,2.758620689655177840e-03,nan,nan,nan,6.896551724137944600e-04,3.448275862068972408e-03,nan,nan,nan,nan,nan,nan,nan,nan,nan,nan,nan,nan,nan,nan,nan,-1.103448275862071136e-02,nan,nan,1.379310344827588920e-03,nan,nan
nan,nan,nan,nan,-1.273885350318471055e-02,nan,nan,nan,nan,-1.656050955414012371e-02,nan,nan,nan,nan,-2.675159235668789215e-02,5.095541401273884219e-03,nan,nan,nan,nan,nan,nan,nan,nan,nan,nan,nan,5.095541401273884219e-03,nan,1.910828025477706582e-02,nan,nan,nan,nan,nan,nan,nan,nan,nan,nan,nan,nan,-9.554140127388532910e-03,nan,nan,nan,nan,-6.369426751592355274e-04,-9.554140127388532910e-03,nan,nan,nan,nan,nan,nan,nan,nan,nan,nan,nan,nan,nan,-1.273885350318471055e-03,nan,nan
nan,nan,-5.797101449275332899e-03,nan,nan,nan,nan,nan,nan,-1.159420289855070917e-02,nan,nan,nan,nan,nan,-1.449275362318802650e-03,nan,nan,nan,nan,nan,nan,nan,nan,nan,nan,nan,nan,nan,7.246376811594223803e-03,nan,nan,nan,nan,nan,nan,nan,nan,nan,nan,nan,-2.173913043478237044e-03,nan,nan,nan,nan,4.347826086956540874e-03,nan,-6.521739130434756233e-03,1.449275362318847103e-03,nan,nan,nan,nan,nan,nan,nan,nan,nan,-1.666666666666664215e-02,nan,nan,-1.376811594202896963e-02,nan,nan
nan,nan,6.666666666666631533e-03,nan,nan,nan,nan,nan,nan,nan,nan,nan,nan,nan,nan,nan,nan,-9.333333333333370535e-03,nan,nan,-2.600000000000002309e-02,nan,nan,nan,nan,nan,nan,3.599999999999996259e-02,6.599999999999996148e-02,nan,nan,nan,nan,6.399999999999997358e-02,nan,nan,nan,nan,nan,nan,nan,nan,nan,nan,nan,nan,nan,nan,1.333333333333297510e-03,6.666666666666642808e-03,5.999999999999982778e-03,nan,nan,nan,nan,nan,3.333333333333310562e-03,nan,nan,nan,nan,nan,nan,nan,nan
nan,nan,nan,nan,nan,nan,nan,nan,2.567567567567563547e-02,nan,nan,nan,nan,nan,2.027027027026972929e-03,1.148648648648644723e-02,nan,nan,nan,nan,nan,nan,nan,nan,nan,nan,nan,1.168918918918918914e-01,1.054054054054053974e-01,nan,nan,1.148648648648648435e-01,2.027027027027021935e-02,nan,nan,nan,nan,3.175675675675672383e-02,nan,nan,nan,nan,nan,nan,nan,nan,nan,nan,nan,nan,nan,nan,nan,nan,nan,nan,nan,8.716216216216213231e-02,nan,5.405405405405394430e-03,nan,nan,nan,nan,nan
nan,nan,nan,nan,nan,nan,nan,nan,nan,nan,nan,nan,nan,nan,-4.440892098500626408e-17,6.143344709897547232e-03,nan,nan,nan,nan,nan,nan,nan,nan,1.365187713310578310e-02,4.095563139931690348e-03,6.825938566552780746e-04,8.191126279863448351e-03,nan,1.774744027303751942e-02,nan,nan,nan,nan,nan,nan,nan,nan,nan,nan,nan,nan,nan,nan,nan,nan,nan,nan,2.730375426621112298e-03,nan,nan,nan,nan,nan,nan,nan,nan,nan,nan,-2.220446049250313204e-17,nan,nan,-1.160409556313992709e-02,nan,nan
nan,nan,-7.172413793103446511e-02,-9.655172413793103314e-02,nan,nan,nan,nan,nan,nan,nan,nan,nan,nan,-1.103448275862065585e-02,nan,nan,nan,nan,nan,nan,nan,nan,nan,nan,nan,nan,4.620689655172416366e-02,nan,2.827586206896554044e-02,nan,nan,-9.448275862068963860e-02,4.482758620689657192e-02,nan,nan,nan,-2.137931034482757481e-02,-1.448275862068964040e-02,nan,nan,nan,nan,nan,nan,nan,nan,nan,nan,nan,nan,nan,nan,nan,nan,nan,nan,-1.655172413793102454e-02,nan,nan,nan,nan,nan,nan,nan
nan,nan,-2.887323943661969025e-02,nan,-1.760563380281687795e-02,nan,nan,nan,nan,-4.225352112676050709e-03,nan,nan,nan,nan,7.746478873239437575e-03,nan,-1.478873239436617748e-02,nan,nan,nan,nan,nan,nan,nan,nan,nan,nan,nan,nan,4.366197183098592671e-02,nan,nan,nan,nan,nan,nan,nan,nan,nan,nan,nan,nan,nan,nan,nan,nan,nan,nan,-2.183098591549292866e-02,-7.042253521126751181e-03,nan,nan,nan,nan,nan,nan,nan,nan,nan,5.774647887323947071e-02,nan,nan,4.859154929577465948e-02,nan,nan
nan,nan,nan,nan,nan,nan,nan,nan,nan,-1.374570446735412423e-03,nan,nan,nan,nan,-1.649484536082477387e-02,nan,nan,nan,nan,nan,nan,nan,nan,-2.817869415807561229e-02,nan,nan,nan,nan,nan,nan,nan,-2.336769759450174622e-02,nan,nan,nan,nan,nan,nan,nan,nan,nan,-6.872852233676995763e-03,nan,nan,nan,nan,6.872852233676962803e-03,nan,-4.810996563573899029e-03,-2.061855670103107576e-03,nan,nan,nan,nan,nan,nan,nan,nan,nan,-6.872852233677284378e-04,nan,nan,-1.443298969072167627e-02,nan,nan
nan,nan,nan,nan,nan,nan,nan,nan,nan,nan,nan,nan,5.723684210526314153e-02,nan,nan,nan,nan,nan,-3.289473684210553021e-03,4.605263157894712127e-03,nan,2.894736842105258973e-02,nan,4.999999999999997502e-02,nan,nan,nan,-3.552631578947371832e-02,6.052631578947362950e-02,nan,nan,nan,nan,nan,nan,nan,nan,1.578947368421050948e-02,nan,nan,nan,nan,nan,nan,nan,nan,nan,nan,-9.210526315789512725e-03,nan,nan,nan,nan,nan,nan,nan,nan,5.263157894736814231e-03,nan,nan,nan,nan,nan,nan,nan
nan,nan,-3.436426116838509157e-03,nan,nan,nan,nan,nan,nan,-1.099656357388320051e-02,nan,nan,nan,nan,nan,nan,nan,2.061855670103091009e-02,nan,nan,nan,nan,nan,nan,nan,nan,nan,nan,nan,8.247422680412341833e-03,nan,nan,nan,nan,nan,nan,nan,nan,nan,nan,nan,nan,nan,1.168384879725082801e-02,nan,nan,nan,nan,-8.934707903780092497e-03,nan,nan,nan,nan,nan,nan,nan,nan,nan,-6.185567010309311886e-03,-1.305841924398628597e-02,nan,nan,-6.185567010309300610e-03,nan,-1.030927835051548280e-02
nan,nan,8.609271523178817914e-03,nan,nan,nan,nan,nan,nan,nan,nan,nan,-5.298013245033083955e-03,nan,-2.715231788079468592e-02,nan,nan,nan,nan,nan,nan,nan,nan,-1.059602649006622342e-02,nan,nan,nan,6.622516556291413274e-03,nan,1.125827814569537767e-02,nan,nan,nan,nan,nan,nan,nan,2.251655629139074494e-02,nan,nan,nan,nan,nan,nan,nan,nan,nan,nan,nan,nan,nan,nan,nan,nan,nan,nan,nan,6.622516556291413274e-03,nan,1.324503311258278318e-02,nan,nan,-1.854304635761587841e-02,nan,nan
nan,nan,nan,nan,nan,nan,nan,nan,nan,nan,nan,nan,nan,nan,4.615384615384615641e-02,nan,nan,nan,nan,nan,nan,1.748251748251746646e-02,-1.000000000000000056e-01,nan,nan,nan,nan,nan,nan,nan,nan,nan,nan,nan,nan,nan,nan,-1.888111888111889541e-02,nan,nan,nan,nan,2.657342657342657427e-02,-2.097902097902115681e-03,nan,nan,nan,nan,-9.230769230769231282e-02,-6.293706293706302808e-03,nan,nan,nan,nan,nan,nan,nan,9.090909090909071386e-03,nan,4.055944055944053772e-02,nan,nan,nan,nan,nan
nan,nan,nan,nan,nan,nan,nan,nan,nan,nan,nan,nan,nan,nan,5.217391304347822334e-02,nan,-4.214046822742477383e-02,nan,-1.872909698996659891e-02,nan,nan,nan,nan,nan,nan,nan,nan,nan,3.745819397993308680e-02,nan,nan,nan,nan,nan,nan,nan,nan,nan,nan,nan,nan,nan,nan,nan,nan,nan,nan,nan,-5.953177257525085059e-02,-2.006688963210706556e-02,-4.682274247491635850e-03,nan,nan,nan,nan,nan,nan,nan,nan,4.882943143812705500e-02,nan,nan,4.080267558528425514e-02,nan,0.000000000000000000e+00
nan,nan,nan,nan,nan,nan,nan,nan,nan,nan,nan,nan,nan,nan,-4.660194174757283786e-02,nan,nan,nan,nan,nan,nan,nan,nan,nan,nan,nan,nan,nan,nan,7.766990291262121718e-03,nan,nan,nan,nan,nan,nan,-3.236245954692573701e-03,nan,nan,nan,-6.472491909385369229e-04,nan,nan,nan,nan,nan,1.423948220064722402e-02,nan,-1.100323624595472838e-02,nan,nan,nan,nan,nan,nan,nan,nan,nan,-5.825242718446621212e-03,-1.618122977346281299e-02,nan,nan,-1.941747572815555366e-03,nan,-6.472491909385258641e-04
nan,nan,nan,nan,-6.993006993006978256e-03,nan,nan,nan,nan,nan,nan,nan,nan,nan,-3.216783216783216520e-02,nan,7.202797202797203702e-02,nan,nan,nan,nan,nan,nan,nan,2.587412587412587367e-02,7.902097902097902915e-02,-7.692307692307697939e-03,nan,nan,-2.237762237762238454e-02,nan,nan,nan,nan,nan,nan,nan,nan,nan,nan,nan,nan,nan,nan,nan,nan,nan,nan,-5.034965034965034614e-02,nan,1.188811188811187379e-02,nan,nan,nan,nan,nan,nan,3.496503496503489128e-03,nan,nan,nan,nan,nan,nan,nan
nan,nan,nan,nan,nan,nan,nan,nan,nan,nan,nan,nan,nan,nan,nan,nan,nan,2.943143812709028001e-02,-2.006688963210701004e-02,3.344481605351168341e-03,9.364548494983271701e-03,nan,nan,4.013377926421405478e-02,nan,nan,nan,nan,nan,nan,nan,nan,nan,nan,nan,nan,nan,3.411371237458192540e-02,nan,nan,nan,nan,nan,nan,nan,nan,nan,nan,-1.070234113712373834e-02,-1.337792642140467336e-02,nan,nan,nan,nan,nan,nan,nan,1.337792642140467336e-02,nan,nan,nan,nan,nan,nan,-7.357859531772570003e-03
nan,nan,nan,2.838283828382835022e-02,nan,nan,nan,nan,nan,nan,nan,nan,nan,nan,nan,nan,nan,9.900990099009887233e-03,-3.366336633663369327e-02,-3.960396039603986465e-03,nan,2.442244224422439672e-02,nan,nan,nan,nan,nan,nan,nan,nan,nan,nan,nan,-9.570957095709571594e-02,nan,nan,nan,nan,nan,nan,nan,nan,nan,nan,nan,nan,nan,nan,3.696369636963694333e-02,3.696369636963694333e-02,nan,nan,nan,nan,nan,nan,nan,-1.320132013201347253e-03,nan,nan,nan,nan,nan,nan,1.386138613861384074e-02
nan,nan,nan,nan,nan,nan,nan,nan,nan,nan,nan,nan,nan,nan,nan,1.548821548821548502e-02,nan,nan,nan,nan,nan,nan,nan,3.030303030303031081e-02,-7.407407407407395547e-03,-2.693602693602681168e-03,6.734006734006702920e-04,nan,5.252525252525251653e-02,nan,nan,4.444444444444443920e-02,nan,nan,nan,nan,nan,-7.407407407407373863e-03,nan,nan,nan,nan,nan,nan,nan,nan,nan,nan,-1.346801346801340584e-03,nan,nan,nan,nan,nan,nan,nan,nan,-6.734006734006702920e-04,nan,nan,nan,nan,nan,nan,nan
nan,nan,-1.319444444444445308e-02,nan,-5.555555555555535818e-03,nan,nan,nan,nan,nan,nan,nan,-2.291666666666666158e-02,nan,-4.444444444444443226e-02,nan,nan,nan,nan,nan,nan,nan,nan,nan,nan,nan,nan,nan,nan,0.000000000000000000e+00,nan,nan,nan,nan,nan,nan,nan,nan,-1.250000000000001110e-02,nan,nan,nan,nan,nan,nan,nan,nan,nan,-7.638888888888873026e-03,nan,-6.944444444444419773e-04,nan,nan,nan,nan,nan,nan,nan,nan,-1.319444444444444267e-02,nan,nan,-2.361111111111112784e-02,nan,nan
nan,nan,nan,nan,nan,nan,nan,nan,nan,3.999999999999998002e-02,nan,nan,nan,nan,-2.105263157894737835e-02,nan,nan,nan,nan,nan,nan,nan,nan,nan,1.684210526315789089e-02,7.719298245614014675e-03,4.210526315789475324e-03,nan,nan,nan,nan,nan,-2.807017543859658022e-03,nan,nan,nan,nan,nan,nan,nan,nan,nan,nan,nan,nan,nan,3.508771929824559127e-02,nan,-2.035087719298246320e-02,nan,nan,nan,nan,nan,nan,nan,nan,nan,nan,-1.403508771929829011e-03,nan,nan,-2.807017543859658022e-03,nan,nan
nan,nan,nan,nan,nan,nan,nan,nan,nan,nan,nan,nan,nan,nan,nan,nan,nan,1.428571428571430088e-02,8.571428571428596141e-03,-7.142857142857006241e-04,nan,7.142857142857339092e-04,nan,nan,1.357142857142860058e-02,nan,nan,2.642857142857144709e-02,nan,nan,nan,5.500000000000001416e-02,nan,nan,nan,nan,nan,-2.142857142857113040e-03,nan,nan,nan,nan,nan,nan,nan,nan,nan,nan,9.285714285714308583e-03,nan,nan,nan,nan,nan,nan,nan,nan,3.571428571428592134e-03,nan,nan,nan,nan,nan,nan,nan
nan,nan,nan,nan,nan,nan,nan,nan,nan,nan,nan,nan,nan,nan,nan,nan,nan,nan,nan,-2.745098039215684155e-02,-1.568627450980392135e-02,2.941176470588235947e-02,1.111111111111112715e-02,3.594771241830065772e-02,nan,1.699346405228758725e-02,nan,nan,nan,nan,nan,nan,nan,nan,nan,nan,nan,-5.228758169934633222e-03,nan,nan,nan,nan,nan,nan,nan,nan,nan,nan,-3.202614379084964963e-02,-1.045751633986926644e-02,nan,nan,nan,nan,nan,nan,nan,2.614379084967333091e-03,nan,nan,nan,nan,nan,nan,nan
nan,nan,nan,nan,nan,nan,nan,nan,nan,nan,nan,nan,nan,nan,nan,nan,nan,2.090592334494776466e-02,-2.578397212543551836e-02,1.324041811846692410e-02,nan,-2.787456445993008371e-03,nan,nan,nan,nan,nan,nan,5.923344947735194321e-02,nan,nan,nan,nan,nan,nan,nan,nan,nan,nan,nan,nan,nan,nan,nan,nan,nan,nan,nan,-1.742160278745642429e-02,-2.787456445993008371e-03,nan,nan,nan,nan,nan,nan,nan,-3.484320557491271848e-03,2.090592334494778722e-03,nan,nan,nan,nan,nan,1.811846689895473331e-02
nan,nan,nan,nan,nan,nan,nan,nan,nan,nan,nan,nan,nan,nan,nan,nan,nan,1.754385964912281645e-02,nan,-8.421052631578950648e-03,nan,nan,nan,nan,nan,nan,nan,nan,nan,nan,nan,-6.245614035087720950e-02,nan,nan,nan,nan,nan,nan,nan,nan,-4.210526315789475324e-03,nan,nan,nan,nan,nan,nan,nan,-3.929824561403508915e-02,2.105263157894743300e-03,1.192982456140349000e-02,nan,nan,nan,nan,nan,nan,1.333333333333333072e-02,nan,nan,-1.110223024625156602e-17,nan,nan,nan,1.192982456140350214e-02
nan,nan,nan,nan,nan,nan,nan,nan,nan,nan,nan,nan,nan,nan,nan,nan,nan,-1.196013289036543768e-02,-2.126245847176077078e-02,2.126245847176081588e-02,nan,2.259136212624587164e-02,nan,nan,nan,nan,nan,nan,nan,nan,nan,6.578073089700998966e-02,nan,nan,nan,nan,nan,-1.262458471760795689e-02,nan,nan,nan,nan,nan,nan,nan,nan,nan,nan,4.318936877076413883e-02,nan,nan,nan,nan,nan,nan,nan,nan,-3.986710963455130860e-03,2.657807308970117164e-03,nan,nan,nan,nan,nan,-1.328903654485036247e-03
nan,nan,nan,nan,nan,nan,nan,nan,nan,nan,nan,nan,nan,nan,nan,2.605863192182389289e-03,nan,nan,nan,nan,nan,nan,-2.019543973941368906e-02,1.693811074918561907e-02,-3.061889250814333469e-02,-2.866449511400652808e-02,1.563517915309441467e-02,2.540716612377845809e-02,nan,nan,nan,nan,nan,nan,nan,nan,nan,-9.120521172638441226e-03,nan,nan,nan,nan,nan,nan,nan,nan,nan,nan,-1.824104234527688245e-02,nan,nan,nan,nan,nan,nan,nan,nan,-9.771986970684043428e-03,nan,nan,nan,nan,nan,nan,nan
nan,nan,nan,nan,nan,-3.257328990228014476e-03,nan,nan,nan,1.433224755700326404e-02,nan,nan,nan,nan,nan,nan,nan,nan,7.817589576547235089e-03,6.514657980456028518e-04,1.498371335504886624e-02,nan,nan,nan,nan,nan,nan,nan,nan,3.257328990228014476e-03,nan,nan,nan,nan,nan,nan,nan,3.778501628664496931e-02,nan,nan,nan,nan,nan,nan,nan,nan,nan,nan,0.000000000000000000e+00,nan,nan,nan,nan,nan,nan,nan,nan,nan,nan,-5.211726384364822814e-03,nan,nan,-9.771986970684043428e-03,nan,nan
nan,nan,-7.667731629392948896e-03,-3.833865814696483382e-02,-3.194888178913724008e-03,nan,nan,nan,nan,1.725239616613421026e-02,nan,nan,nan,nan,-2.428115015974437879e-02,nan,nan,nan,nan,nan,nan,nan,nan,nan,nan,nan,nan,nan,nan,1.022364217252397234e-02,nan,nan,-5.495207667731626111e-02,nan,nan,nan,nan,2.811501597444090311e-02,nan,nan,nan,nan,nan,nan,2.555910543131012600e-03,nan,nan,nan,nan,nan,nan,nan,nan,nan,nan,nan,nan,nan,nan,-1.789137380191690996e-02,nan,nan,nan,nan,nan
nan,nan,-1.023890784982939284e-02,nan,nan,nan,nan,nan,nan,-7.508532423208225462e-03,nan,5.460750853242313067e-03,nan,nan,-1.911262798634815255e-02,nan,nan,nan,nan,nan,nan,nan,nan,nan,nan,nan,nan,nan,nan,1.228668941979519334e-02,nan,nan,nan,nan,nan,nan,nan,nan,nan,nan,nan,nan,nan,nan,nan,nan,nan,nan,5.460750853242301792e-03,4.095563139931734584e-03,2.047781569965867292e-03,nan,nan,nan,nan,nan,nan,4.095563139931724175e-03,nan,3.003412969283273531e-02,nan,nan,nan,nan,nan
nan,1.176470588235293234e-02,nan,nan,nan,nan,nan,nan,nan,nan,nan,nan,nan,nan,nan,nan,nan,nan,1.176470588235293234e-02,-1.384083044982709109e-03,nan,nan,nan,nan,nan,nan,nan,-1.799307958477510544e-02,nan,nan,nan,1.522491349480967725e-02,nan,nan,1.453287197231832931e-02,nan,nan,-1.868512110726644471e-02,nan,nan,nan,nan,nan,nan,nan,nan,nan,nan,-2.006920415224916487e-02,nan,nan,nan,-6.228373702422152283e-03,nan,nan,nan,nan,-9.688581314878897191e-03,nan,nan,nan,nan,nan,nan,nan
nan,nan,nan,nan,nan,nan,nan,nan,-1.357142857142856762e-02,1.857142857142856165e-02,nan,nan,nan,nan,-2.928571428571429339e-02,nan,nan,nan,nan,nan,nan,nan,nan,nan,nan,5.714285714285704740e-03,nan,nan,nan,7.142857142857117481e-03,nan,nan,nan,nan,nan,nan,nan,nan,nan,nan,nan,nan,nan,nan,nan,nan,nan,1.499999999999999077e-02,7.142857142857228503e-04,-1.428571428571434642e-03,-1.428571428571434642e-03,nan,nan,nan,nan,nan,nan,nan,nan,-2.428571428571429935e-02,nan,nan,nan,nan,nan
nan,nan,-1.351535836177474581e-01,-4.505119453924917583e-02,nan,nan,nan,nan,nan,-9.078498293515362139e-02,nan,nan,nan,nan,-1.979522184300341603e-01,nan,nan,nan,nan,nan,nan,nan,nan,nan,nan,nan,nan,-4.914675767918093297e-02,nan,nan,nan,nan,nan,nan,nan,nan,nan,nan,nan,nan,nan,nan,nan,nan,nan,nan,nan,nan,nan,nan,nan,nan,nan,-1.110223024625156602e-17,4.095563139931738400e-02,nan,4.027303754266209346e-02,1.843003412969281690e-02,nan,nan,nan,nan,-1.822525597269624709e-01,nan,nan
nan,nan,1.999999999999957541e-03,nan,nan,nan,nan,-2.000000000000046012e-03,nan,nan,nan,nan,nan,nan,nan,nan,nan,nan,nan,nan,nan,nan,nan,nan,nan,nan,nan,nan,1.493333333333332624e-01,1.533333333333326484e-02,nan,1.026666666666666144e-01,-2.666666666666706043e-03,nan,nan,nan,nan,1.666666666666662827e-02,nan,2.666666666666617138e-03,nan,nan,1.266666666666662645e-02,nan,nan,nan,nan,nan,nan,nan,nan,nan,nan,nan,nan,nan,nan,1.199999999999994474e-02,nan,nan,nan,nan,nan,nan,nan
nan,nan,nan,nan,nan,nan,nan,nan,nan,nan,nan,nan,nan,nan,nan,1.414790996784566143e-02,nan,1.138263665594855534e-01,nan,nan,-9.003215434083588695e-03,nan,nan,2.057877813504823544e-02,nan,nan,nan,nan,nan,nan,nan,nan,nan,nan,nan,nan,nan,-8.231511254019291401e-02,nan,nan,nan,nan,nan,nan,nan,nan,nan,nan,1.929260450160785734e-03,nan,-7.717041800643087424e-03,nan,nan,nan,nan,nan,nan,-3.151125401929259773e-02,nan,nan,nan,2.572347266881025527e-03,nan,nan,-1.414790996784564062e-02
nan,nan,nan,nan,nan,nan,nan,nan,nan,nan,nan,nan,nan,nan,nan,nan,nan,-2.576271186440679678e-02,-3.050847457627120507e-02,-1.152542372881356671e-02,1.355932203389831250e-03,nan,nan,nan,nan,nan,nan,nan,nan,nan,nan,nan,nan,nan,nan,nan,nan,-2.033898305084747091e-03,nan,nan,nan,nan,nan,nan,nan,nan,nan,nan,-5.491525423728814415e-02,-6.779661016949156682e-03,4.067796610169494183e-03,nan,nan,nan,nan,nan,nan,-1.762711864406780668e-02,nan,nan,nan,nan,nan,nan,-2.508474576271187834e-02
