nan,nan,5.721649484536080188e-02,nan,nan,nan,nan,nan,nan,nan,nan,nan,nan,nan,nan,nan,nan,nan,nan,nan,nan,nan,nan,-5.670103092783573481e-03,nan,nan,nan,2.061855670103063341e-03,nan,nan,nan,1.082474226804119866e-02,nan,3.917525773195873473e-02,nan,nan,nan,nan,nan,nan,nan,nan,nan,-2.061855670103107576e-03,nan,nan,-5.154639175257935907e-04,nan,nan,-5.154639175257713646e-04,nan,nan,1.030927835051542729e-03,nan,nan,nan,nan,nan,nan,1.030927835051542729e-02,nan,nan,nan,nan,nan
nan,nan,1.000000000000003143e-02,nan,nan,nan,nan,nan,nan,nan,nan,nan,nan,nan,nan,nan,nan,nan,nan,nan,nan,nan,nan,1.052631578947371650e-03,nan,nan,nan,3.684210526315801100e-03,nan,nan,nan,8.947368421052658699e-03,nan,6.315789473684230333e-03,nan,nan,nan,nan,nan,nan,nan,nan,nan,-1.052631578947371650e-03,nan,nan,-1.578947368421057583e-03,nan,nan,-2.631578947368429233e-03,nan,nan,-2.105263157894743300e-03,nan,nan,nan,nan,nan,nan,5.789473684210543966e-03,nan,nan,nan,nan,nan
nan,nan,6.824146981627299095e-03,nan,nan,nan,nan,nan,nan,nan,nan,nan,nan,nan,nan,nan,nan,nan,nan,nan,nan,nan,nan,-1.574803149606229802e-03,nan,nan,nan,-6.299212598425163803e-03,nan,nan,nan,-4.199475065616775291e-03,nan,9.973753280839936508e-03,nan,nan,nan,nan,nan,nan,nan,nan,nan,3.674540682414728469e-03,nan,nan,4.199475065616820393e-03,nan,nan,-2.624671916010457018e-03,nan,nan,6.299212598425208039e-03,nan,nan,nan,nan,nan,nan,3.149606299212659530e-03,nan,nan,nan,nan,nan
nan,nan,8.860759493670886111e-02,nan,nan,nan,nan,nan,nan,nan,nan,nan,nan,nan,nan,nan,nan,nan,nan,nan,nan,nan,nan,1.113924050632912957e-02,nan,nan,nan,-8.607594936708862915e-03,1.822784810126583041e-02,nan,nan,-8.101265822784853993e-03,nan,4.303797468354431111e-02,nan,nan,nan,nan,nan,nan,nan,nan,nan,-1.518987341772159907e-03,nan,nan,-1.215189873417721333e-02,nan,nan,0.000000000000000000e+00,nan,nan,-4.556962025316480154e-03,nan,nan,nan,nan,nan,nan,nan,nan,nan,nan,nan,nan
nan,nan,2.099737532808387645e-03,nan,nan,nan,nan,nan,nan,nan,nan,nan,nan,nan,nan,nan,nan,nan,nan,nan,nan,nan,nan,-5.774278215223116115e-03,nan,nan,nan,2.099737532808365528e-03,nan,nan,nan,-5.774278215223116115e-03,nan,5.249343832020980823e-03,nan,nan,nan,nan,nan,nan,nan,nan,nan,0.000000000000000000e+00,nan,nan,0.000000000000000000e+00,nan,nan,-7.874015748031482076e-03,nan,nan,-3.149606299212637413e-03,nan,nan,nan,nan,nan,nan,0.000000000000000000e+00,nan,nan,nan,nan,nan
nan,nan,2.056555269922877294e-02,nan,nan,nan,nan,nan,nan,nan,nan,nan,nan,nan,nan,nan,nan,nan,nan,nan,nan,nan,nan,-3.598971722365074295e-03,nan,nan,nan,-6.169665809768698668e-03,nan,nan,nan,-6.169665809768698668e-03,nan,9.254498714652914862e-03,nan,nan,nan,nan,nan,nan,nan,nan,nan,0.000000000000000000e+00,nan,nan,-3.084832904884349334e-03,nan,nan,0.000000000000000000e+00,nan,nan,-7.712082262210828883e-03,nan,nan,nan,nan,nan,nan,2.056555269922833058e-03,nan,nan,nan,nan,nan
nan,nan,1.018867924528302077e-01,nan,nan,nan,nan,nan,nan,nan,nan,nan,nan,nan,nan,nan,nan,nan,nan,nan,nan,nan,nan,-7.008086253369261512e-03,nan,nan,nan,-4.312668463611846366e-03,nan,nan,nan,7.008086253369283196e-03,nan,6.253369272237199739e-02,nan,nan,nan,nan,nan,nan,nan,nan,nan,-2.695417789757392595e-03,nan,nan,-1.347708894878702976e-02,nan,nan,0.000000000000000000e+00,nan,nan,-9.164420485175206813e-03,nan,nan,nan,nan,-1.671159029649595812e-02,nan,nan,nan,nan,nan,nan,nan
nan,nan,1.370277078085641864e-01,nan,nan,nan,nan,nan,nan,nan,nan,nan,nan,nan,nan,nan,nan,nan,nan,nan,nan,nan,nan,-2.518891687657465357e-03,nan,nan,nan,2.619647355163723379e-02,nan,nan,nan,9.068010075566701814e-03,nan,1.163727959697732628e-01,nan,nan,nan,nan,nan,nan,nan,nan,nan,-3.526448362720468847e-03,nan,nan,3.526448362720335707e-03,nan,nan,-5.037783375315019619e-04,nan,nan,-5.037783375315019619e-04,nan,nan,nan,nan,-8.060453400503809346e-03,nan,nan,nan,nan,nan,nan,nan
nan,nan,8.614609571788416076e-02,nan,nan,nan,nan,nan,nan,nan,nan,nan,nan,nan,nan,nan,nan,nan,2.015113350125944947e-01,nan,nan,nan,nan,3.526448362720402494e-03,nan,nan,nan,4.685138539042823375e-02,nan,nan,nan,3.979848866498743309e-02,nan,-4.030226700251882122e-03,nan,nan,nan,nan,nan,nan,nan,nan,nan,1.511335012594483551e-03,nan,nan,-3.526448362720380376e-03,nan,nan,-2.518891687657398570e-03,nan,nan,-5.037783375314797358e-04,nan,nan,nan,nan,nan,nan,nan,nan,nan,nan,nan,nan
nan,nan,6.666666666666673513e-02,nan,nan,nan,nan,nan,nan,nan,nan,nan,nan,nan,nan,nan,nan,nan,nan,nan,nan,nan,nan,-8.785529715762251807e-03,nan,nan,nan,-2.635658914728675889e-02,nan,nan,nan,-2.222222222222216409e-02,nan,6.976744186046517082e-02,nan,nan,nan,nan,nan,nan,nan,nan,nan,0.000000000000000000e+00,nan,nan,-3.617571059431501368e-03,nan,nan,-1.033591731266136991e-03,nan,nan,-1.550387596899205269e-03,nan,nan,nan,nan,nan,nan,7.751937984496182037e-03,nan,nan,nan,nan,nan
nan,nan,1.614583333333336965e-02,nan,nan,nan,nan,nan,nan,nan,nan,nan,nan,nan,nan,nan,nan,nan,nan,nan,nan,nan,nan,-5.729166666666629833e-03,nan,nan,nan,-1.197916666666662931e-02,nan,nan,nan,-7.291666666666652037e-03,nan,5.208333333333370341e-03,nan,nan,nan,nan,nan,nan,nan,nan,nan,-4.687499999999978142e-03,nan,nan,-8.854166666666630006e-03,nan,nan,0.000000000000000000e+00,nan,nan,-5.729166666666607281e-03,nan,nan,nan,nan,nan,nan,4.687500000000022378e-03,nan,nan,nan,nan,nan
nan,nan,1.483375959079282803e-02,nan,nan,nan,nan,nan,nan,nan,nan,nan,nan,nan,nan,nan,nan,nan,nan,nan,nan,nan,nan,-2.046035805626633848e-03,nan,nan,nan,0.000000000000000000e+00,nan,nan,nan,-4.092071611253200909e-03,nan,1.227621483375960186e-02,nan,nan,nan,nan,nan,nan,nan,nan,nan,5.115089514066584620e-04,nan,nan,3.069053708439906103e-03,nan,nan,0.000000000000000000e+00,nan,nan,-1.023017902813316924e-03,nan,nan,nan,nan,nan,nan,3.069053708439906103e-03,nan,nan,nan,nan,nan
nan,nan,2.543640897755614777e-02,nan,nan,nan,nan,nan,nan,nan,nan,nan,nan,nan,nan,nan,nan,nan,nan,nan,nan,nan,nan,-4.987531172069292751e-04,nan,nan,nan,1.147132169576061712e-02,nan,nan,nan,6.483790523690835181e-03,nan,3.142144638403991663e-02,nan,nan,nan,nan,nan,nan,nan,nan,nan,5.985037406483817435e-03,nan,nan,1.296758104738155934e-02,nan,nan,-1.496259351620920965e-03,nan,nan,9.975062344140140248e-04,nan,nan,nan,nan,nan,nan,1.995012468827932553e-02,nan,nan,nan,nan,nan
nan,nan,1.453634085213029170e-02,nan,nan,nan,nan,nan,nan,nan,nan,nan,nan,nan,nan,nan,nan,nan,1.052631578947367183e-02,nan,nan,nan,nan,-1.203007518796994635e-02,nan,nan,nan,-1.503759398496245028e-02,nan,nan,nan,-1.654135338345867970e-02,nan,3.007518796992436714e-03,nan,nan,nan,nan,nan,nan,nan,nan,nan,-2.005012531328365013e-03,nan,nan,-4.511278195488755034e-03,nan,nan,0.000000000000000000e+00,nan,nan,0.000000000000000000e+00,nan,nan,nan,nan,nan,nan,nan,nan,nan,nan,nan,nan
nan,nan,1.838961038961039463e-01,nan,nan,nan,nan,nan,nan,nan,nan,nan,nan,nan,nan,nan,nan,nan,nan,nan,nan,nan,nan,1.350649350649351169e-02,nan,nan,nan,-4.155844155844157575e-03,5.350649350649352293e-02,nan,nan,4.675324675324677055e-03,nan,1.729870129870130502e-01,nan,nan,nan,nan,nan,nan,nan,nan,nan,1.558441558441558874e-03,nan,nan,1.454545454545455065e-02,nan,nan,-1.558441558441558874e-03,nan,nan,-7.272727272727275323e-03,nan,nan,nan,nan,nan,nan,nan,nan,nan,nan,nan,nan
nan,nan,8.835978835978838819e-02,nan,nan,nan,nan,nan,nan,nan,nan,nan,nan,nan,nan,nan,nan,nan,nan,nan,nan,nan,nan,-8.994708994708977209e-03,nan,nan,nan,-9.523809523809489974e-03,nan,nan,nan,-1.428571428571425751e-02,nan,6.296296296296295669e-02,nan,nan,nan,nan,nan,nan,nan,nan,nan,0.000000000000000000e+00,nan,nan,-1.322751322751318862e-02,nan,nan,0.000000000000000000e+00,nan,nan,-6.349206349206349201e-03,nan,nan,nan,nan,nan,nan,-4.232804232804210538e-03,nan,nan,nan,nan,nan
nan,nan,2.025316455696146711e-03,nan,nan,nan,nan,nan,nan,nan,nan,nan,nan,nan,nan,nan,nan,nan,nan,nan,nan,nan,nan,5.063291139240089223e-04,nan,nan,nan,1.518987341772093337e-03,nan,nan,nan,-2.531645569620266656e-03,nan,2.531645569620177751e-03,nan,nan,nan,nan,nan,nan,nan,nan,nan,-2.531645569620266656e-03,nan,nan,-4.050632911392426996e-03,nan,nan,-2.531645569620266656e-03,nan,nan,-6.582278481012693652e-03,nan,nan,nan,nan,nan,nan,-2.220446049250313204e-17,nan,nan,nan,nan,nan
nan,nan,8.797953964194378529e-02,nan,nan,nan,nan,nan,nan,nan,nan,nan,nan,nan,nan,nan,nan,nan,nan,nan,nan,nan,nan,2.199488491048597755e-02,nan,nan,nan,-1.227621483375955849e-02,1.176470588235298785e-02,nan,nan,-9.207161125319652389e-03,nan,4.092071611253202817e-02,nan,nan,nan,nan,nan,nan,nan,nan,nan,2.557544757033269976e-03,nan,nan,3.580562659846586900e-03,nan,nan,-1.023017902813294589e-03,nan,nan,0.000000000000000000e+00,nan,nan,nan,nan,nan,nan,nan,nan,nan,nan,nan,nan
nan,nan,9.816272965879269119e-02,nan,nan,nan,nan,nan,nan,nan,nan,nan,nan,nan,nan,nan,nan,nan,nan,nan,nan,nan,nan,1.574803149606340824e-03,nan,nan,nan,-6.824146981627232308e-03,nan,nan,nan,-6.824146981627232308e-03,nan,6.719160104986880711e-02,nan,nan,nan,nan,nan,nan,nan,nan,nan,6.299212598425252274e-03,nan,nan,4.199475065616864629e-03,nan,nan,-1.049868766404182764e-03,nan,nan,-2.624671916010434900e-03,nan,nan,nan,nan,nan,nan,1.259842519685045945e-02,nan,nan,nan,nan,nan
nan,nan,8.437500000000001943e-02,nan,nan,nan,nan,nan,nan,nan,nan,nan,nan,nan,nan,nan,nan,nan,nan,nan,nan,nan,nan,-2.083333333333303814e-03,nan,nan,nan,-1.979166666666663105e-02,nan,nan,nan,-1.979166666666663105e-02,nan,5.625000000000002220e-02,nan,nan,nan,nan,nan,nan,nan,nan,nan,-1.041666666666607455e-03,nan,nan,5.208333333333925235e-04,nan,nan,-1.562499999999977752e-03,nan,nan,-2.083333333333303814e-03,nan,nan,nan,nan,2.083333333333392719e-03,nan,nan,nan,nan,nan,nan,nan
nan,nan,6.466165413533830897e-02,nan,nan,nan,nan,nan,nan,nan,nan,nan,nan,nan,nan,nan,nan,nan,nan,nan,nan,nan,nan,1.002506265664158090e-02,nan,nan,nan,-2.005012531328365013e-03,nan,nan,nan,5.012531328320469094e-04,nan,6.215538847117792198e-02,nan,nan,nan,nan,nan,nan,nan,nan,nan,-1.503759398496273868e-03,nan,nan,-8.020050125313326478e-03,nan,nan,-1.503759398496251534e-03,nan,nan,-2.005012531328342895e-03,nan,nan,nan,nan,nan,nan,1.102756892230571939e-02,nan,nan,nan,nan,nan
nan,nan,8.297872340425531401e-02,nan,nan,nan,nan,nan,nan,nan,nan,nan,nan,nan,nan,nan,nan,nan,nan,nan,nan,nan,nan,1.755319148936169624e-02,nan,nan,nan,-1.595744680851063314e-03,1.170212765957447977e-02,nan,nan,-2.659574468085090706e-03,nan,4.202127659574468599e-02,nan,nan,nan,nan,nan,nan,nan,nan,nan,5.851063829787261569e-03,nan,nan,1.117021276595744385e-02,nan,nan,-1.063829787234027392e-03,nan,nan,0.000000000000000000e+00,nan,nan,nan,nan,nan,nan,nan,nan,nan,nan,nan,nan
nan,nan,-5.194805194805196969e-04,nan,nan,nan,nan,nan,nan,nan,nan,nan,nan,nan,nan,nan,nan,nan,nan,nan,nan,nan,nan,0.000000000000000000e+00,nan,nan,nan,-1.766233766233766753e-02,nan,nan,nan,-1.246753246753247099e-02,nan,-6.753246753246755843e-03,nan,nan,nan,nan,nan,nan,nan,nan,nan,-1.038961038961039394e-03,nan,nan,-1.402597402597403030e-02,nan,nan,-2.597402597402598268e-03,nan,nan,-4.155844155844157575e-03,nan,nan,nan,nan,nan,nan,-6.753246753246755843e-03,nan,nan,nan,nan,nan
nan,nan,1.253132832080203728e-02,nan,nan,nan,nan,nan,nan,nan,nan,nan,nan,nan,nan,nan,nan,nan,nan,nan,nan,nan,nan,7.518796992481213866e-03,nan,nan,nan,2.220446049250313204e-17,2.220446049250313204e-17,nan,nan,-1.002506265664160389e-03,nan,1.353383458646617576e-02,nan,nan,nan,nan,nan,nan,nan,nan,nan,2.506265664160434257e-03,nan,nan,3.007518796992503067e-03,nan,nan,0.000000000000000000e+00,nan,nan,4.440892098500626408e-17,nan,nan,nan,nan,nan,nan,nan,nan,nan,nan,nan,nan
nan,nan,1.343669250645995183e-01,nan,nan,nan,nan,nan,nan,nan,nan,nan,nan,nan,nan,nan,nan,nan,2.056847545219638584e-01,nan,nan,nan,nan,-6.718346253229956141e-03,nan,nan,nan,5.426356589147292298e-02,nan,nan,nan,2.894056847545223299e-02,nan,3.669250645994834997e-02,nan,nan,nan,nan,nan,nan,nan,nan,nan,4.651162790697704712e-03,nan,nan,1.085271317829459257e-02,nan,nan,-2.583979328165342260e-03,nan,nan,3.617571059431545603e-03,nan,nan,nan,nan,nan,nan,nan,nan,nan,nan,nan,nan
nan,nan,7.481296758104738834e-03,nan,nan,nan,nan,nan,nan,nan,nan,nan,nan,nan,nan,nan,nan,nan,nan,nan,nan,nan,nan,1.496259351620987752e-03,nan,nan,nan,2.992518703241908717e-03,nan,nan,nan,-2.992518703241886600e-03,nan,3.990024937655900841e-03,nan,nan,nan,nan,nan,nan,nan,nan,nan,4.488778054862851800e-03,nan,nan,-1.995012468827894909e-03,nan,nan,2.493765586034957325e-03,nan,nan,-1.496259351620943300e-03,nan,nan,nan,nan,nan,nan,2.220446049250313204e-17,nan,nan,nan,nan,nan
nan,nan,6.558265582655826986e-02,nan,nan,nan,nan,nan,nan,nan,nan,nan,nan,nan,nan,nan,nan,nan,nan,nan,nan,nan,nan,-4.878048780487831762e-03,nan,nan,nan,-5.420054200542256950e-04,nan,nan,nan,-8.672086720867232951e-03,nan,8.888888888888886453e-02,nan,nan,nan,nan,nan,nan,nan,nan,nan,-5.962059620596238049e-03,nan,nan,-2.276422764227645917e-02,nan,nan,0.000000000000000000e+00,nan,nan,-1.355013550135506471e-02,nan,nan,nan,nan,nan,nan,-4.336043360433606067e-03,nan,nan,nan,nan,nan
nan,nan,7.505938242280278672e-02,nan,nan,nan,nan,nan,nan,nan,nan,nan,nan,nan,nan,nan,nan,nan,nan,nan,nan,nan,nan,-1.662707838479815514e-02,nan,nan,nan,-4.275534441805230873e-02,nan,nan,nan,-3.420427553444183033e-02,nan,4.988123515439424338e-02,nan,nan,nan,nan,nan,nan,nan,nan,nan,4.750593824228044218e-04,nan,nan,-9.026128266033283526e-03,nan,nan,0.000000000000000000e+00,nan,nan,0.000000000000000000e+00,nan,nan,nan,nan,-4.750593824228044326e-03,nan,nan,nan,nan,nan,nan,nan
nan,nan,2.767624020887731254e-02,nan,nan,nan,nan,nan,nan,nan,nan,nan,nan,nan,nan,nan,nan,nan,nan,nan,nan,nan,nan,1.827676240208879824e-02,nan,nan,nan,-1.984334203655353443e-02,nan,nan,nan,-1.932114882506525896e-02,nan,2.976501305483030338e-02,nan,nan,nan,nan,nan,nan,nan,nan,nan,-1.566579634464759828e-03,nan,nan,-2.610966057441222073e-03,nan,nan,0.000000000000000000e+00,nan,nan,-8.355091383811963368e-03,nan,nan,nan,nan,nan,nan,6.788511749347292228e-03,nan,nan,nan,nan,nan
nan,nan,5.522788203753344061e-02,nan,nan,nan,nan,nan,nan,nan,nan,nan,nan,nan,nan,nan,nan,nan,nan,nan,nan,nan,nan,9.115281501340444237e-03,nan,nan,nan,-5.361930294906169792e-03,nan,nan,nan,-1.126005361930297946e-02,nan,2.734584450402135353e-02,nan,nan,nan,nan,nan,nan,nan,nan,nan,-1.072386058981234002e-03,nan,nan,-6.970509383378020903e-03,nan,nan,0.000000000000000000e+00,nan,nan,5.361930294906170008e-04,nan,nan,nan,nan,nan,nan,4.289544235924913455e-03,nan,nan,nan,nan,nan
nan,nan,1.023136246786632286e-01,nan,nan,nan,nan,nan,nan,nan,nan,nan,nan,nan,nan,nan,nan,nan,1.758354755784061474e-01,nan,nan,nan,nan,1.028277634961436392e-02,nan,nan,nan,4.113110539845756669e-02,nan,nan,nan,1.696658097686376543e-02,nan,-3.598971722365051744e-03,nan,nan,nan,nan,nan,nan,nan,nan,nan,-5.141388174807204510e-03,nan,nan,1.028277634961427588e-03,nan,nan,-3.598971722365074295e-03,nan,nan,-1.028277634961449706e-03,nan,nan,nan,nan,nan,nan,nan,nan,nan,nan,nan,nan
nan,nan,5.115089514066539951e-03,nan,nan,nan,nan,nan,nan,nan,nan,nan,nan,nan,nan,nan,nan,nan,nan,nan,nan,nan,nan,0.000000000000000000e+00,nan,nan,nan,-6.649616368286403664e-03,nan,nan,nan,-6.649616368286426216e-03,nan,5.626598465473153961e-03,nan,nan,nan,nan,nan,nan,nan,nan,nan,0.000000000000000000e+00,nan,nan,1.534526854219953051e-03,nan,nan,-2.557544757033181071e-03,nan,nan,5.115089514066584620e-04,nan,nan,nan,nan,nan,nan,3.069053708439928221e-03,nan,nan,nan,nan,nan
nan,nan,1.471204188481675668e-01,nan,nan,nan,nan,nan,nan,nan,nan,nan,nan,nan,nan,nan,nan,nan,nan,nan,nan,nan,nan,4.188481675392719157e-03,nan,nan,nan,3.664921465968593722e-02,nan,nan,nan,2.670157068062832886e-02,nan,9.476439790575923172e-02,nan,nan,nan,nan,nan,nan,nan,nan,nan,1.570680628272280634e-03,nan,nan,1.570680628272280634e-03,nan,nan,-5.235602094240787274e-04,nan,nan,-5.235602094240566096e-04,nan,nan,nan,nan,nan,nan,-5.759162303664866651e-03,nan,nan,nan,nan,nan
nan,nan,4.477611940298453948e-03,nan,nan,nan,nan,nan,nan,nan,nan,nan,nan,nan,nan,nan,nan,nan,nan,nan,nan,nan,nan,1.492537313432795720e-03,nan,nan,nan,-4.477611940298586654e-03,-3.980099502487610512e-03,nan,nan,-4.477611940298564970e-03,nan,4.975124378108874545e-04,nan,nan,nan,nan,nan,nan,nan,nan,nan,-4.477611940298586654e-03,nan,nan,-4.975124378109496877e-03,nan,nan,4.975124378109319068e-04,nan,nan,-2.487562189054770556e-03,nan,nan,nan,nan,nan,nan,nan,nan,nan,nan,nan,nan
nan,nan,1.363636363636366866e-02,nan,nan,nan,nan,nan,nan,nan,nan,nan,nan,nan,nan,nan,nan,nan,nan,nan,nan,nan,nan,-5.050505050505016240e-03,nan,nan,nan,-5.555555555555513267e-03,nan,nan,nan,5.050505050505415877e-04,nan,1.363636363636364611e-02,nan,nan,nan,nan,nan,nan,nan,nan,nan,-1.010101010100994488e-03,nan,nan,-1.515151515151469397e-03,nan,nan,-5.050505050504972438e-04,nan,nan,-2.020202020201988975e-03,nan,nan,nan,nan,nan,nan,5.555555555555624289e-03,nan,nan,nan,nan,nan
nan,nan,3.655352480417817240e-03,nan,nan,nan,nan,nan,nan,nan,nan,nan,nan,nan,nan,nan,nan,nan,nan,nan,nan,nan,nan,5.221932114882754661e-04,nan,nan,nan,-5.221932114882088961e-04,nan,nan,nan,2.610966057441266308e-03,nan,7.310704960835567694e-03,nan,nan,nan,nan,nan,nan,nan,nan,nan,-3.133159268929408634e-03,nan,nan,7.310704960835546010e-03,nan,nan,-1.044386422976484362e-03,nan,nan,2.610966057441266308e-03,nan,nan,nan,nan,nan,nan,4.440892098500626408e-17,nan,nan,nan,nan,nan
nan,nan,5.555555555555513267e-03,nan,nan,nan,nan,nan,nan,nan,nan,nan,nan,nan,nan,nan,nan,nan,nan,nan,nan,nan,nan,-2.525252525252574907e-03,nan,nan,nan,4.040404040403999635e-03,-2.525252525252552789e-03,nan,nan,7.575757575757546478e-03,nan,7.070707070707027767e-03,nan,nan,nan,nan,nan,nan,nan,nan,nan,5.050505050504972438e-04,nan,nan,5.050505050504750177e-04,nan,nan,-2.525252525252597025e-03,nan,nan,-2.020202020202077446e-03,nan,nan,nan,nan,nan,nan,nan,nan,nan,nan,nan,nan
nan,nan,5.305039787798370918e-03,nan,nan,nan,nan,nan,nan,nan,nan,nan,nan,nan,nan,nan,nan,nan,nan,nan,nan,nan,nan,1.061007957559634328e-03,nan,nan,nan,-2.122015915119423914e-03,nan,nan,nan,2.122015915119335010e-03,nan,5.835543766578221367e-03,nan,nan,nan,nan,nan,nan,nan,nan,nan,-5.305039787798504491e-04,nan,nan,-5.835543766578288154e-03,nan,nan,0.000000000000000000e+00,nan,nan,1.061007957559656446e-03,nan,nan,nan,nan,nan,nan,3.183023872678991673e-03,nan,nan,nan,nan,nan
nan,nan,7.792207792207794803e-03,nan,nan,nan,nan,nan,nan,nan,nan,nan,nan,nan,nan,nan,nan,nan,nan,nan,nan,nan,nan,0.000000000000000000e+00,nan,nan,nan,-1.038961038961039394e-03,nan,nan,nan,-1.558441558441558874e-03,nan,1.038961038961039307e-02,nan,nan,nan,nan,nan,nan,nan,nan,nan,8.311688311688315151e-03,nan,nan,8.831168831168833763e-03,nan,nan,0.000000000000000000e+00,nan,nan,5.194805194805196969e-04,nan,nan,nan,nan,2.597402597402598268e-03,nan,nan,nan,nan,nan,nan,nan
nan,nan,1.402597402597403030e-02,nan,nan,nan,nan,nan,nan,nan,nan,nan,nan,nan,nan,nan,nan,nan,nan,nan,nan,nan,nan,2.597402597402598268e-03,nan,nan,nan,1.038961038961039394e-03,nan,nan,nan,-5.194805194805196969e-04,nan,1.610389610389610995e-02,nan,nan,nan,nan,nan,nan,nan,nan,nan,7.792207792207794803e-03,nan,nan,8.311688311688315151e-03,nan,nan,-2.077922077922078788e-03,nan,nan,2.597402597402598268e-03,nan,nan,nan,nan,nan,nan,6.753246753246755843e-03,nan,nan,nan,nan,nan
nan,nan,6.963350785340319260e-02,nan,nan,nan,nan,nan,nan,nan,nan,nan,nan,nan,nan,nan,nan,nan,nan,nan,nan,nan,nan,1.727748691099479858e-02,nan,nan,nan,1.047120418848201907e-03,2.198952879581155331e-02,nan,nan,1.047120418848201907e-03,nan,6.178010471204191389e-02,nan,nan,nan,nan,nan,nan,nan,nan,nan,-3.664921465968551308e-03,nan,nan,-1.047120418848135337e-03,nan,nan,5.235602094240787274e-04,nan,nan,0.000000000000000000e+00,nan,nan,nan,nan,nan,nan,nan,nan,nan,nan,nan,nan
nan,nan,9.027027027027026418e-02,nan,nan,nan,nan,nan,nan,nan,nan,nan,nan,nan,nan,nan,nan,nan,nan,nan,nan,nan,nan,1.081081081081070039e-03,nan,nan,nan,1.567567567567567169e-02,nan,nan,nan,2.162162162162160201e-02,nan,1.891891891891890262e-02,nan,nan,nan,nan,nan,nan,nan,nan,nan,0.000000000000000000e+00,nan,nan,1.081081081081078886e-02,nan,nan,-5.405405405405350194e-04,nan,nan,2.162162162162140078e-03,nan,nan,nan,nan,nan,nan,9.729729729729718821e-03,nan,nan,nan,nan,nan
nan,nan,8.762886597938113198e-03,nan,nan,nan,nan,nan,nan,nan,nan,nan,nan,nan,nan,nan,nan,nan,nan,nan,nan,nan,nan,-2.577319587628856823e-03,nan,nan,nan,0.000000000000000000e+00,-2.061855670103107576e-03,nan,nan,-3.092783505154650305e-03,nan,1.030927835051542729e-02,nan,nan,nan,nan,nan,nan,nan,nan,nan,5.154639175257713646e-04,nan,nan,-3.092783505154650305e-03,nan,nan,-2.577319587628856823e-03,nan,nan,0.000000000000000000e+00,nan,nan,nan,nan,nan,nan,nan,nan,nan,nan,nan,nan
nan,nan,5.263157894736858466e-03,nan,nan,nan,nan,nan,nan,nan,nan,nan,nan,nan,nan,nan,nan,nan,nan,nan,nan,nan,nan,-5.789473684210543966e-03,nan,nan,nan,-2.631578947368429233e-03,nan,nan,nan,-1.578947368421057583e-03,nan,3.157894736842115167e-03,nan,nan,nan,nan,nan,nan,nan,nan,nan,0.000000000000000000e+00,nan,nan,0.000000000000000000e+00,nan,nan,0.000000000000000000e+00,nan,nan,-2.631578947368429233e-03,nan,nan,nan,nan,-1.052631578947371650e-03,nan,nan,nan,nan,nan,nan,nan
nan,nan,1.088082901554407976e-02,nan,nan,nan,nan,nan,nan,nan,nan,nan,nan,nan,nan,nan,nan,nan,nan,nan,nan,nan,nan,1.554404145077725773e-03,nan,nan,nan,1.036269430051817110e-03,-1.554404145077714627e-02,nan,nan,-5.181347150259085549e-04,nan,9.326424870466355072e-03,nan,nan,nan,nan,nan,nan,nan,nan,nan,2.072538860103634219e-03,nan,nan,-5.699481865284928075e-03,nan,nan,-5.181347150258974743e-03,nan,nan,-4.145077720207201652e-03,nan,nan,nan,nan,nan,nan,nan,nan,nan,nan,nan,nan
nan,nan,1.053984575835475168e-01,nan,nan,nan,nan,nan,nan,nan,nan,nan,nan,nan,nan,nan,nan,nan,nan,nan,nan,nan,nan,9.768637532133616838e-03,nan,nan,nan,1.850899742930585054e-02,nan,nan,nan,1.439588688946007514e-02,nan,4.832904884318763028e-02,nan,nan,nan,nan,nan,nan,nan,nan,nan,-1.079691516709517865e-02,nan,nan,6.683804627249290489e-03,nan,nan,1.028277634961405253e-03,nan,nan,0.000000000000000000e+00,nan,nan,nan,nan,nan,nan,-4.113110539845821374e-03,nan,nan,nan,nan,nan
nan,nan,9.000000000000030545e-03,nan,nan,nan,nan,nan,nan,nan,nan,nan,nan,nan,nan,nan,nan,nan,nan,nan,nan,nan,nan,-1.049999999999997637e-02,nan,nan,nan,-8.499999999999974590e-03,nan,nan,nan,-7.499999999999973702e-03,nan,2.000000000000001776e-03,nan,nan,nan,nan,nan,nan,nan,nan,nan,3.500000000000014384e-03,nan,nan,-1.299999999999996644e-02,nan,nan,0.000000000000000000e+00,nan,nan,-5.499999999999971925e-03,nan,nan,nan,nan,nan,nan,2.000000000000046012e-03,nan,nan,nan,nan,nan
nan,nan,1.231552162849872400e-01,nan,nan,nan,nan,nan,nan,nan,nan,nan,nan,nan,nan,nan,nan,nan,nan,nan,nan,nan,nan,1.475826972010174654e-02,nan,nan,nan,4.580152671755710614e-03,nan,nan,nan,8.142493638676806533e-03,nan,6.768447837150123880e-02,nan,nan,nan,nan,nan,nan,nan,nan,nan,-2.544529262086548012e-03,nan,nan,-9.160305343511487147e-03,nan,nan,0.000000000000000000e+00,nan,nan,-6.106870229007665615e-03,nan,nan,nan,nan,nan,nan,-2.035623409669229389e-03,nan,nan,nan,nan,nan
nan,nan,1.108179419525068266e-02,nan,nan,nan,nan,nan,nan,nan,nan,nan,nan,nan,nan,nan,nan,nan,nan,nan,nan,nan,nan,-6.332453825857520431e-03,nan,nan,nan,-4.749340369393117989e-03,nan,nan,nan,0.000000000000000000e+00,nan,8.443271767810012207e-03,nan,nan,nan,nan,nan,nan,nan,nan,nan,5.277044854881341113e-04,nan,nan,-3.693931398416894218e-03,nan,nan,-2.638522427440648330e-03,nan,nan,1.055408970976268223e-03,nan,nan,nan,nan,1.583113456464402225e-03,nan,nan,nan,nan,nan,nan,nan
nan,nan,6.521739130434767509e-03,nan,nan,nan,nan,nan,nan,nan,nan,nan,nan,nan,nan,nan,nan,nan,nan,nan,nan,nan,nan,-1.630434782608736113e-03,nan,nan,nan,0.000000000000000000e+00,nan,nan,nan,-3.804347826086984432e-03,nan,4.347826086956496638e-03,nan,nan,nan,nan,nan,nan,nan,nan,nan,5.434782608695343242e-04,nan,nan,-1.630434782608713995e-03,nan,nan,0.000000000000000000e+00,nan,nan,2.173913043478226201e-03,nan,nan,nan,nan,nan,nan,-2.173913043478292555e-03,nan,nan,nan,nan,nan
nan,nan,9.268292682926829174e-02,nan,nan,nan,nan,nan,nan,nan,nan,nan,nan,nan,nan,nan,nan,nan,nan,nan,nan,nan,nan,3.252032520325198912e-03,nan,nan,nan,7.588075880758804112e-03,nan,nan,nan,1.355013550135502134e-02,nan,4.281842818428185232e-02,nan,nan,nan,nan,nan,nan,nan,nan,nan,-5.962059620596238049e-03,nan,nan,-7.046070460704623520e-03,nan,nan,-2.168021680216813876e-03,nan,nan,4.878048780487809211e-03,nan,nan,nan,nan,nan,nan,1.300813008130081647e-02,nan,nan,nan,nan,nan
nan,nan,1.018181818181818493e-01,nan,nan,nan,nan,nan,nan,nan,nan,nan,nan,nan,nan,nan,nan,nan,nan,nan,nan,nan,nan,1.038961038961039394e-03,nan,nan,nan,-6.753246753246755843e-03,nan,nan,nan,1.558441558441558874e-03,nan,3.896103896103897402e-02,nan,nan,nan,nan,nan,nan,nan,nan,nan,-2.077922077922078788e-03,nan,nan,-2.597402597402598268e-03,nan,nan,0.000000000000000000e+00,nan,nan,5.194805194805196969e-04,nan,nan,nan,nan,nan,nan,7.272727272727275323e-03,nan,nan,nan,nan,nan
nan,nan,7.760416666666665464e-02,nan,nan,nan,nan,nan,nan,nan,nan,nan,nan,nan,nan,nan,nan,nan,1.770833333333332871e-01,nan,nan,nan,nan,-6.250000000000044582e-03,nan,nan,nan,2.083333333333328014e-02,nan,nan,nan,4.166666666666651864e-03,nan,-5.208333333333702974e-04,nan,nan,nan,nan,nan,nan,nan,nan,nan,0.000000000000000000e+00,nan,nan,-4.166666666666696099e-03,nan,nan,-4.687500000000044062e-03,nan,nan,1.562499999999955634e-03,nan,nan,nan,nan,nan,nan,nan,nan,nan,nan,nan,nan
nan,nan,4.948453608247423141e-02,nan,nan,nan,nan,nan,nan,nan,nan,nan,nan,nan,nan,nan,nan,nan,nan,nan,nan,nan,nan,-6.185567010309300610e-03,nan,nan,nan,1.494845360824739212e-02,nan,nan,nan,1.701030927835047585e-02,nan,2.061855670103087540e-02,nan,nan,nan,nan,nan,nan,nan,nan,nan,0.000000000000000000e+00,nan,nan,-4.123711340206193468e-03,nan,nan,-1.546391752577314094e-03,nan,nan,5.154639175257713646e-04,nan,nan,nan,nan,nan,nan,6.701030927835027740e-03,nan,nan,nan,nan,nan
nan,nan,6.894736842105268770e-02,nan,nan,nan,nan,nan,nan,nan,nan,nan,nan,nan,nan,nan,nan,nan,nan,nan,nan,nan,nan,-3.684210526315778549e-03,nan,nan,nan,-3.157894736842093049e-03,nan,nan,nan,1.578947368421057583e-03,nan,2.315789473684213423e-02,nan,nan,nan,nan,nan,nan,nan,nan,nan,1.578947368421057583e-03,nan,nan,1.578947368421057583e-03,nan,nan,-2.631578947368429233e-03,nan,nan,3.157894736842115167e-03,nan,nan,nan,nan,nan,nan,4.210526315789486600e-03,nan,nan,nan,nan,nan
nan,nan,8.465346534653472865e-02,nan,nan,nan,nan,nan,nan,nan,nan,nan,nan,nan,nan,nan,nan,nan,nan,nan,nan,nan,nan,1.782178217821783761e-02,nan,nan,nan,-1.237623762376232131e-02,1.089108910891090076e-02,nan,nan,-8.415841584158378214e-03,nan,5.792079207920797224e-02,nan,nan,nan,nan,nan,nan,nan,nan,nan,0.000000000000000000e+00,nan,nan,-1.980198019801981957e-03,nan,nan,-2.475247524752477446e-03,nan,nan,0.000000000000000000e+00,nan,nan,nan,nan,nan,nan,nan,nan,nan,nan,nan,nan
nan,nan,8.992248062015509302e-02,nan,nan,nan,nan,nan,nan,nan,nan,nan,nan,nan,nan,nan,nan,nan,nan,nan,nan,nan,nan,2.067183462532318217e-03,nan,nan,nan,5.684754521963863820e-03,nan,nan,nan,5.167958656331128392e-04,nan,1.136950904392765305e-01,nan,nan,nan,nan,nan,nan,nan,nan,nan,-1.033591731266114656e-03,nan,nan,2.583979328165409046e-03,nan,nan,0.000000000000000000e+00,nan,nan,-3.100775193798410538e-03,nan,nan,nan,nan,nan,nan,1.808785529715763868e-02,nan,nan,nan,nan,nan
nan,nan,9.900990099009909784e-03,nan,nan,nan,nan,nan,nan,nan,nan,nan,nan,nan,nan,nan,nan,nan,nan,nan,nan,nan,nan,0.000000000000000000e+00,nan,nan,nan,-6.930693069306936849e-03,nan,nan,nan,-1.039603960396040527e-02,nan,3.465346534653468424e-03,nan,nan,nan,nan,nan,nan,nan,nan,nan,0.000000000000000000e+00,nan,nan,-1.485148514851486468e-03,nan,nan,-4.455445544554459403e-03,nan,nan,0.000000000000000000e+00,nan,nan,nan,nan,1.485148514851486468e-03,nan,nan,nan,nan,nan,nan,nan
nan,nan,1.757105943152450361e-02,nan,nan,nan,nan,nan,nan,nan,nan,nan,nan,nan,nan,nan,nan,nan,nan,nan,nan,nan,nan,-1.550387596899272056e-03,nan,nan,nan,-7.751937984496160353e-03,nan,nan,nan,-5.684754521963863820e-03,nan,9.302325581395320953e-03,nan,nan,nan,nan,nan,nan,nan,nan,nan,0.000000000000000000e+00,nan,nan,-3.617571059431568155e-03,nan,nan,0.000000000000000000e+00,nan,nan,0.000000000000000000e+00,nan,nan,nan,nan,nan,nan,3.100775193798433089e-03,nan,nan,nan,nan,nan
nan,nan,7.124681933842258626e-03,nan,nan,nan,nan,nan,nan,nan,nan,nan,nan,nan,nan,nan,nan,nan,nan,nan,nan,nan,nan,3.053435114503799848e-03,nan,nan,nan,-1.170483460559799092e-02,nan,nan,nan,-6.106870229007643931e-03,nan,4.580152671755710614e-03,nan,nan,nan,nan,nan,nan,nan,nan,nan,-1.017811704834592577e-03,nan,nan,-2.035623409669207271e-03,nan,nan,-5.089058524173050921e-03,nan,nan,2.544529262086481225e-03,nan,nan,nan,nan,-5.089058524172962884e-04,nan,nan,nan,nan,nan,nan,nan
nan,nan,7.979274611398970429e-02,nan,nan,nan,nan,nan,nan,nan,nan,nan,nan,nan,nan,nan,nan,nan,1.658031088082901894e-01,nan,nan,nan,nan,-1.554404145077659203e-03,nan,nan,nan,3.575129533678760019e-02,nan,nan,nan,2.176165803108811442e-02,nan,2.072538860103634219e-03,nan,nan,nan,nan,nan,nan,nan,nan,nan,-1.554404145077659203e-03,nan,nan,-7.253886010362631080e-03,nan,nan,0.000000000000000000e+00,nan,nan,-1.554404145077659203e-03,nan,nan,nan,nan,nan,nan,nan,nan,nan,nan,nan,nan
nan,nan,1.079283887468031333e-01,nan,nan,nan,nan,nan,nan,nan,nan,nan,nan,nan,nan,nan,nan,nan,nan,nan,nan,nan,nan,2.915601023017908716e-02,nan,nan,nan,1.125319693094633047e-02,6.445012787723791714e-02,nan,nan,8.695652173913081748e-03,nan,8.439897698209722354e-02,nan,nan,nan,nan,nan,nan,nan,nan,nan,2.557544757033269976e-03,nan,nan,4.092071611253245145e-03,nan,nan,0.000000000000000000e+00,nan,nan,5.115089514067028059e-04,nan,nan,nan,nan,nan,nan,nan,nan,nan,nan,nan,nan
nan,nan,1.278772378516619332e-02,nan,nan,nan,nan,nan,nan,nan,nan,nan,nan,nan,nan,nan,nan,nan,nan,nan,nan,nan,nan,-7.161125319693151248e-03,nan,nan,nan,-1.125319693094633047e-02,nan,nan,nan,-1.329923273657291835e-02,nan,5.626598465473109725e-03,nan,nan,nan,nan,nan,nan,nan,nan,nan,-2.557544757033292093e-03,nan,nan,5.115089514066362359e-04,nan,nan,0.000000000000000000e+00,nan,nan,-1.023017902813339042e-03,nan,nan,nan,nan,nan,nan,8.184143222506334164e-03,nan,nan,nan,nan,nan
nan,nan,1.185567010309277886e-01,nan,nan,nan,nan,nan,nan,nan,nan,nan,nan,nan,nan,nan,nan,nan,nan,nan,nan,nan,nan,4.690721649484530520e-02,nan,nan,nan,-1.030927835051553831e-02,2.783505154639174389e-02,nan,nan,-6.701030927835071975e-03,nan,6.752577319587627080e-02,nan,nan,nan,nan,nan,nan,nan,nan,nan,-2.577319587628856823e-03,nan,nan,3.608247422680399552e-03,nan,nan,-1.030927835051542729e-03,nan,nan,0.000000000000000000e+00,nan,nan,nan,nan,nan,nan,nan,nan,nan,nan,nan,nan
nan,nan,4.623376623376625194e-02,nan,nan,nan,nan,nan,nan,nan,nan,nan,nan,nan,nan,nan,nan,nan,nan,nan,nan,nan,nan,-5.194805194805196969e-04,nan,nan,nan,-7.792207792207794803e-03,nan,nan,nan,-6.753246753246755843e-03,nan,3.272727272727273679e-02,nan,nan,nan,nan,nan,nan,nan,nan,nan,-5.194805194805196969e-04,nan,nan,-2.077922077922078788e-03,nan,nan,-2.597402597402598268e-03,nan,nan,-3.636363636363637662e-03,nan,nan,nan,nan,nan,nan,3.636363636363637662e-03,nan,nan,nan,nan,nan
nan,nan,1.117206982543640786e-01,nan,nan,nan,nan,nan,nan,nan,nan,nan,nan,nan,nan,nan,nan,nan,nan,nan,nan,nan,nan,1.995012468827961263e-03,nan,nan,nan,9.975062344139695725e-03,nan,nan,nan,1.346633416458853372e-02,nan,1.995012468827932553e-02,nan,nan,nan,nan,nan,nan,nan,nan,nan,-1.496259351620943300e-03,nan,nan,8.977556109725703601e-03,nan,nan,0.000000000000000000e+00,nan,nan,1.995012468827961263e-03,nan,nan,nan,nan,-1.396508728179548554e-02,nan,nan,nan,nan,nan,nan,nan
nan,nan,5.612244897959128669e-03,nan,nan,nan,nan,nan,nan,nan,nan,nan,nan,nan,nan,nan,nan,nan,nan,nan,nan,nan,nan,-2.220446049250313204e-17,nan,nan,nan,-7.653061224489832171e-03,nan,nan,nan,-1.275510204081635804e-02,nan,1.326530612244893916e-02,nan,nan,nan,nan,nan,nan,nan,nan,nan,0.000000000000000000e+00,nan,nan,2.551020408163218265e-03,nan,nan,-1.020408163265318358e-03,nan,nan,-2.040816326530658833e-03,nan,nan,nan,nan,nan,nan,-3.571428571428625527e-03,nan,nan,nan,nan,nan
nan,nan,8.695652173913104299e-03,nan,nan,nan,nan,nan,nan,nan,nan,nan,nan,nan,nan,nan,nan,nan,nan,nan,nan,nan,nan,-5.115089514066362359e-04,nan,nan,nan,-6.138107416879767970e-03,nan,nan,nan,-4.603580562659836603e-03,nan,1.125319693094633047e-02,nan,nan,nan,nan,nan,nan,nan,nan,nan,2.046035805626611297e-03,nan,nan,2.046035805626611297e-03,nan,nan,-2.557544757033181071e-03,nan,nan,-5.115089514066140097e-04,nan,nan,nan,nan,nan,nan,3.580562659846586900e-03,nan,nan,nan,nan,nan
nan,nan,6.733167082294264083e-02,nan,nan,nan,nan,nan,nan,nan,nan,nan,nan,nan,nan,nan,nan,nan,nan,nan,nan,nan,nan,4.488778054862851800e-03,nan,nan,nan,1.546134663341645031e-02,nan,nan,nan,7.481296758104760518e-03,nan,6.334164588528676254e-02,nan,nan,nan,nan,nan,nan,nan,nan,nan,-2.493765586034868420e-03,nan,nan,-4.987531172069803627e-03,nan,nan,-4.987531172069737274e-04,nan,nan,-5.486284289276777137e-03,nan,nan,nan,nan,nan,nan,7.980049875311734028e-03,nan,nan,nan,nan,nan
nan,nan,6.212121212121209102e-02,nan,nan,nan,nan,nan,nan,nan,nan,nan,nan,nan,nan,nan,nan,nan,nan,nan,nan,nan,nan,-1.515151515151513849e-03,nan,nan,nan,-5.050505050505016240e-03,nan,nan,nan,-5.050505050505193615e-04,nan,2.828282828282828801e-02,nan,nan,nan,nan,nan,nan,nan,nan,nan,-2.020202020202011093e-03,nan,nan,-1.010101010101016605e-03,nan,nan,-3.030303030303005581e-03,nan,nan,1.010101010100994488e-03,nan,nan,nan,nan,nan,nan,2.020202020202033211e-03,nan,nan,nan,nan,nan
nan,nan,1.460000000000000464e-01,nan,nan,nan,nan,nan,nan,nan,nan,nan,nan,nan,nan,nan,nan,nan,nan,nan,nan,nan,nan,-4.499999999999948486e-03,nan,nan,nan,3.000000000000024782e-03,nan,nan,nan,1.650000000000004935e-02,nan,3.500000000000005190e-02,nan,nan,nan,nan,nan,nan,nan,nan,nan,-2.499999999999946709e-03,nan,nan,1.500000000000056843e-03,nan,nan,0.000000000000000000e+00,nan,nan,1.000000000000045340e-03,nan,nan,nan,nan,nan,nan,5.000000000000048676e-03,nan,nan,nan,nan,nan
nan,nan,5.955334987593041696e-03,nan,nan,nan,nan,nan,nan,nan,nan,nan,nan,nan,nan,nan,nan,nan,nan,nan,nan,nan,nan,4.962779156327590041e-04,nan,nan,nan,-2.977667493796554241e-03,nan,nan,nan,4.466501240694742240e-03,nan,2.977667493796487454e-03,nan,nan,nan,nan,nan,nan,nan,nan,nan,0.000000000000000000e+00,nan,nan,9.925558312654735559e-04,nan,nan,0.000000000000000000e+00,nan,nan,9.925558312655180081e-04,nan,nan,nan,nan,0.000000000000000000e+00,nan,nan,nan,nan,nan,nan,nan
nan,nan,9.637305699481868437e-02,nan,nan,nan,nan,nan,nan,nan,nan,nan,nan,nan,nan,nan,nan,nan,nan,nan,nan,nan,nan,2.072538860103634219e-03,nan,nan,nan,3.989637305699482439e-02,nan,nan,nan,4.300518134715029805e-02,nan,6.062176165803112582e-02,nan,nan,nan,nan,nan,nan,nan,nan,nan,-4.145077720207268439e-03,nan,nan,1.191709844559589795e-02,nan,nan,-2.590673575129542883e-03,nan,nan,2.072538860103634219e-03,nan,nan,nan,nan,nan,nan,5.181347150259085765e-03,nan,nan,nan,nan,nan
nan,nan,3.020833333333339255e-02,nan,nan,nan,nan,nan,nan,nan,nan,nan,nan,nan,nan,nan,nan,nan,nan,nan,nan,nan,nan,-4.166666666666629312e-03,nan,nan,nan,-9.374999999999956285e-03,nan,nan,nan,1.041666666666696359e-03,nan,2.187500000000004372e-02,nan,nan,nan,nan,nan,nan,nan,nan,nan,-4.687499999999955591e-03,nan,nan,-1.354166666666662897e-02,nan,nan,-3.124999999999955504e-03,nan,nan,-1.249999999999995559e-02,nan,nan,nan,nan,nan,nan,6.250000000000022031e-03,nan,nan,nan,nan,nan
nan,nan,1.185378590078328409e-01,nan,nan,nan,nan,nan,nan,nan,nan,nan,nan,nan,nan,nan,nan,nan,nan,nan,nan,nan,nan,-1.201044386422980316e-02,nan,nan,nan,-7.310704960835546010e-03,nan,nan,nan,-2.220446049250313204e-17,nan,3.133159268929499447e-02,nan,nan,nan,nan,nan,nan,nan,nan,nan,-3.133159268929519656e-03,nan,nan,1.305483028720622052e-02,nan,nan,-2.610966057441266308e-03,nan,nan,1.044386422976506480e-03,nan,nan,nan,nan,nan,nan,9.399477806788469197e-03,nan,nan,nan,nan,nan
nan,nan,2.797927461139899583e-02,nan,nan,nan,nan,nan,nan,nan,nan,nan,nan,nan,nan,nan,nan,nan,nan,nan,nan,nan,nan,-4.145077720207268439e-03,nan,nan,nan,-3.056994818652847279e-02,nan,nan,nan,-3.523316062176164859e-02,nan,3.989637305699485215e-02,nan,nan,nan,nan,nan,nan,nan,nan,nan,-2.590673575129542883e-03,nan,nan,-1.139896373056994462e-02,nan,nan,-2.590673575129542883e-03,nan,nan,0.000000000000000000e+00,nan,nan,nan,nan,nan,nan,-2.020725388601036718e-02,nan,nan,nan,nan,nan
nan,nan,6.253369272237194187e-02,nan,nan,nan,nan,nan,nan,nan,nan,nan,nan,nan,nan,nan,nan,nan,nan,nan,nan,nan,nan,0.000000000000000000e+00,nan,nan,nan,-4.150943396226418336e-02,nan,nan,nan,-4.851752021563345008e-02,nan,2.318059299191375239e-02,nan,nan,nan,nan,nan,nan,nan,nan,nan,-2.220446049250313204e-17,nan,nan,-9.164420485175206813e-03,nan,nan,-5.390835579514807741e-03,nan,nan,5.390835579514475107e-04,nan,nan,nan,nan,nan,nan,5.929919137466255034e-03,nan,nan,nan,nan,nan
nan,nan,1.185185185185185786e-01,nan,nan,nan,nan,nan,nan,nan,nan,nan,nan,nan,nan,nan,nan,nan,nan,nan,nan,nan,nan,-1.580246913580241053e-02,nan,nan,nan,-2.962962962962922917e-03,nan,nan,nan,-1.629629629629625320e-02,nan,1.111111111111111327e-01,nan,nan,nan,nan,nan,nan,nan,nan,nan,-2.469135802469102359e-03,nan,nan,-4.938271604938227269e-03,nan,nan,-9.876543209876409001e-04,nan,nan,-5.925925925925867518e-03,nan,nan,nan,nan,nan,nan,5.925925925925978541e-03,nan,nan,nan,nan,nan
nan,nan,5.141388174807200173e-02,nan,nan,nan,nan,nan,nan,nan,nan,nan,nan,nan,nan,nan,nan,nan,1.799485861182519852e-01,nan,nan,nan,nan,9.768637532133727860e-03,nan,nan,nan,3.444730077120825712e-02,nan,nan,nan,1.748071979434453332e-02,nan,1.028277634961449706e-03,nan,nan,nan,nan,nan,nan,nan,nan,nan,1.542416452442174667e-03,nan,nan,1.028277634961449706e-03,nan,nan,-2.570694087403513350e-03,nan,nan,1.028277634961472040e-03,nan,nan,nan,nan,nan,nan,nan,nan,nan,nan,nan,nan
nan,nan,8.888888888888886453e-02,nan,nan,nan,nan,nan,nan,nan,nan,nan,nan,nan,nan,nan,nan,nan,nan,nan,nan,nan,nan,-4.651162790697748947e-03,nan,nan,nan,9.302325581395298401e-03,nan,nan,nan,6.201550387596843628e-03,nan,5.943152454780353811e-02,nan,nan,nan,nan,nan,nan,nan,nan,nan,-5.167958656330906130e-04,nan,nan,7.235142118863025287e-03,nan,nan,-5.167958656330795542e-03,nan,nan,-2.220446049250313204e-17,nan,nan,nan,nan,nan,nan,1.912144702842373187e-02,nan,nan,nan,nan,nan
nan,nan,1.182519280205658260e-02,nan,nan,nan,nan,nan,nan,nan,nan,nan,nan,nan,nan,nan,nan,nan,nan,nan,nan,nan,nan,3.598971722365074295e-03,nan,nan,nan,0.000000000000000000e+00,-1.645244215938299753e-02,nan,nan,-1.028277634961449706e-03,nan,1.028277634961443157e-02,nan,nan,nan,nan,nan,nan,nan,nan,nan,0.000000000000000000e+00,nan,nan,0.000000000000000000e+00,nan,nan,0.000000000000000000e+00,nan,nan,-5.141388174807026267e-04,nan,nan,nan,nan,nan,nan,nan,nan,nan,nan,nan,nan
nan,nan,6.153846153846153841e-03,nan,nan,nan,nan,nan,nan,nan,nan,nan,nan,nan,nan,nan,nan,nan,2.820512820512819513e-02,nan,nan,nan,nan,-5.641025641025620638e-03,nan,nan,nan,-1.743589743589739685e-02,nan,nan,nan,-1.897435897435895136e-02,nan,8.205128205128175631e-03,nan,nan,nan,nan,nan,nan,nan,nan,nan,-2.564102564102554993e-03,nan,nan,-3.589743589743577164e-03,nan,nan,-5.128205128205109986e-03,nan,nan,-6.666666666666642808e-03,nan,nan,nan,nan,nan,nan,nan,nan,nan,nan,nan,nan
nan,nan,1.330049261083743883e-01,nan,nan,nan,nan,nan,nan,nan,nan,nan,nan,nan,nan,nan,nan,nan,nan,nan,nan,nan,nan,3.940886699507340288e-03,nan,nan,nan,2.807881773399012459e-02,nan,nan,nan,2.709359605911332292e-02,nan,5.714285714285712026e-02,nan,nan,nan,nan,nan,nan,nan,nan,nan,2.955665024630516058e-03,nan,nan,1.477832512315271386e-02,nan,nan,0.000000000000000000e+00,nan,nan,3.940886699507340288e-03,nan,nan,nan,nan,nan,nan,1.182266009852215270e-02,nan,nan,nan,nan,nan
nan,nan,1.761273209549072127e-01,nan,nan,nan,nan,nan,nan,nan,nan,nan,nan,nan,nan,nan,nan,nan,nan,nan,nan,nan,nan,5.251989389920428547e-02,nan,nan,nan,-5.305039787797838791e-04,9.867374005305044882e-02,nan,nan,-2.122015915119312892e-03,nan,1.596816976127321541e-01,nan,nan,nan,nan,nan,nan,nan,nan,nan,-3.183023872678991673e-03,nan,nan,2.281167108753323625e-02,nan,nan,-5.305039787798393469e-03,nan,nan,2.652519893899230128e-03,nan,nan,nan,nan,nan,nan,nan,nan,nan,nan,nan,nan
nan,nan,5.775401069518719399e-02,nan,nan,nan,nan,nan,nan,nan,nan,nan,nan,nan,nan,nan,nan,nan,nan,nan,nan,nan,nan,-1.229946524064169308e-02,nan,nan,nan,-5.347593582887722342e-04,nan,nan,nan,-1.069518716577544468e-03,nan,5.989304812834226471e-02,nan,nan,nan,nan,nan,nan,nan,nan,nan,5.347593582887722342e-04,nan,nan,1.604278074866316486e-03,nan,nan,-2.139037433155088937e-03,nan,nan,-3.208556149732632971e-03,nan,nan,nan,nan,nan,nan,1.336898395721928222e-02,nan,nan,nan,nan,nan
nan,nan,9.347258485639683978e-02,nan,nan,nan,nan,nan,nan,nan,nan,nan,nan,nan,nan,nan,nan,nan,nan,nan,nan,nan,nan,7.832898172323753821e-03,nan,nan,nan,-1.253263707571801097e-02,1.201044386422978061e-02,nan,nan,-4.699738903394279702e-03,nan,9.556135770234985838e-02,nan,nan,nan,nan,nan,nan,nan,nan,nan,3.133159268929497539e-03,nan,nan,-1.044386422976506480e-03,nan,nan,5.221932114882532399e-04,nan,nan,2.088772845953012960e-03,nan,nan,nan,nan,nan,nan,nan,nan,nan,nan,nan,nan
nan,nan,6.370370370370370683e-02,nan,nan,nan,nan,nan,nan,nan,nan,nan,nan,nan,nan,nan,nan,nan,1.279012345679012008e-01,nan,nan,nan,nan,7.901234567901215672e-03,nan,nan,nan,7.407407407407395547e-03,nan,nan,nan,8.888888888888857656e-03,nan,3.950617283950586152e-03,nan,nan,nan,nan,nan,nan,nan,nan,nan,-1.975308641975370705e-03,nan,nan,7.407407407407395547e-03,nan,nan,-9.876543209876632347e-04,nan,nan,4.938271604937982239e-04,nan,nan,nan,nan,nan,nan,nan,nan,nan,nan,nan,nan
nan,nan,1.248081841432224504e-01,nan,nan,nan,nan,nan,nan,nan,nan,nan,nan,nan,nan,nan,nan,nan,nan,nan,nan,nan,nan,0.000000000000000000e+00,nan,nan,nan,1.074168797953960544e-02,nan,nan,nan,1.534526854219946460e-02,nan,7.058823529411759057e-02,nan,nan,nan,nan,nan,nan,nan,nan,nan,0.000000000000000000e+00,nan,nan,-1.534526854219953051e-02,nan,nan,-4.440892098500626408e-17,nan,nan,-1.585677749360618963e-02,nan,nan,nan,nan,nan,nan,5.626598465473131409e-03,nan,nan,nan,nan,nan
nan,nan,1.628140703517587384e-01,nan,nan,nan,nan,nan,nan,nan,nan,nan,nan,nan,nan,nan,nan,nan,nan,nan,nan,nan,nan,2.512562814070329244e-03,nan,nan,nan,3.467336683417081289e-02,nan,nan,nan,1.356783919597983647e-02,nan,8.391959798994970410e-02,nan,nan,nan,nan,nan,nan,nan,nan,nan,-1.206030150753771915e-02,nan,nan,-1.055276381909553418e-02,nan,nan,5.025125628140614037e-04,nan,nan,-3.015075376884457543e-03,nan,nan,nan,nan,2.010050251256245615e-03,nan,nan,nan,nan,nan,nan,nan
nan,nan,1.836228287841195142e-02,nan,nan,nan,nan,nan,nan,nan,nan,nan,nan,nan,nan,nan,nan,nan,nan,nan,nan,nan,nan,0.000000000000000000e+00,nan,nan,nan,-9.925558312654735559e-04,nan,nan,nan,-7.444168734491274364e-03,nan,8.933002481389618055e-03,nan,nan,nan,nan,nan,nan,nan,nan,nan,-5.459057071960237914e-03,nan,nan,-5.955334987592997460e-03,nan,nan,0.000000000000000000e+00,nan,nan,-4.962779156327367779e-04,nan,nan,nan,nan,nan,nan,5.955334987593085931e-03,nan,nan,nan,nan,nan
nan,nan,8.223350253807107380e-02,nan,nan,nan,nan,nan,nan,nan,nan,nan,nan,nan,nan,nan,nan,nan,nan,nan,nan,nan,nan,9.644670050761439475e-03,nan,nan,nan,3.553299492385808556e-03,nan,nan,nan,5.076142131979688096e-03,nan,5.076142131979695382e-02,nan,nan,nan,nan,nan,nan,nan,nan,nan,1.522842639593946544e-03,nan,nan,-5.583756345177648232e-03,nan,nan,-1.015228426395942173e-03,nan,nan,-3.553299492385764320e-03,nan,nan,nan,nan,nan,nan,6.091370558375675155e-03,nan,nan,nan,nan,nan
nan,nan,9.462365591397847719e-02,nan,nan,nan,nan,nan,nan,nan,nan,nan,nan,nan,nan,nan,nan,nan,nan,nan,nan,nan,nan,2.043010752688170090e-02,nan,nan,nan,-2.956989247311829841e-02,5.376344086021501035e-04,nan,nan,-2.849462365591397608e-02,nan,1.102150537634408733e-01,nan,nan,nan,nan,nan,nan,nan,nan,nan,-3.225806451612900187e-03,nan,nan,-1.075268817204300207e-03,nan,nan,-2.688172043010750301e-03,nan,nan,-1.075268817204300207e-03,nan,nan,nan,nan,nan,nan,nan,nan,nan,nan,nan,nan
nan,nan,1.002481389578163684e-01,nan,nan,nan,nan,nan,nan,nan,nan,nan,nan,nan,nan,nan,nan,nan,nan,nan,nan,nan,nan,7.940446650124033043e-03,nan,nan,nan,-2.133995037220841676e-02,nan,nan,nan,-1.687344913151365283e-02,nan,7.096774193548387177e-02,nan,nan,nan,nan,nan,nan,nan,nan,nan,1.985111662531013899e-03,nan,nan,2.481389578163773011e-03,nan,nan,0.000000000000000000e+00,nan,nan,1.488833746898277121e-03,nan,nan,nan,nan,nan,nan,1.191066997518608339e-02,nan,nan,nan,nan,nan
nan,nan,3.069053708439861868e-03,nan,nan,nan,nan,nan,nan,nan,nan,nan,nan,nan,nan,nan,nan,nan,nan,nan,nan,nan,nan,-5.115089514066805797e-04,nan,nan,nan,5.115089514066362359e-04,-3.580562659846564348e-03,nan,nan,-5.115089514066584620e-04,nan,6.138107416879789655e-03,nan,nan,nan,nan,nan,nan,nan,nan,nan,0.000000000000000000e+00,nan,nan,1.023017902813294589e-03,nan,nan,0.000000000000000000e+00,nan,nan,-3.069053708439906103e-03,nan,nan,nan,nan,nan,nan,nan,nan,nan,nan,nan,nan
nan,nan,6.615776081425006790e-03,nan,nan,nan,nan,nan,nan,nan,nan,nan,nan,nan,nan,nan,nan,nan,nan,nan,nan,nan,nan,-8.142493638676829085e-03,nan,nan,nan,-3.562340966921095919e-03,nan,nan,nan,-3.053435114503777296e-03,nan,6.106870229007688167e-03,nan,nan,nan,nan,nan,nan,nan,nan,nan,0.000000000000000000e+00,nan,nan,-2.544529262086459107e-03,nan,nan,-1.017811704834592577e-03,nan,nan,-9.669211195928718167e-03,nan,nan,nan,nan,nan,nan,5.089058524173073472e-03,nan,nan,nan,nan,nan
nan,nan,6.080000000000005539e-02,nan,nan,nan,nan,nan,nan,nan,nan,nan,nan,nan,nan,nan,nan,nan,nan,nan,nan,nan,nan,-3.199999999999958520e-03,nan,nan,nan,-4.799999999999982232e-03,nan,nan,nan,-6.933333333333302657e-03,nan,5.120000000000004409e-02,nan,nan,nan,nan,nan,nan,nan,nan,nan,-4.799999999999982232e-03,nan,nan,3.200000000000047425e-03,nan,nan,-1.066666666666660213e-03,nan,nan,-5.333333333333190474e-04,nan,nan,nan,nan,nan,nan,1.280000000000007868e-02,nan,nan,nan,nan,nan
nan,nan,1.763085399449038082e-02,nan,nan,nan,nan,nan,nan,nan,nan,nan,nan,nan,nan,nan,nan,nan,3.140495867768598043e-02,nan,nan,nan,nan,-2.203856749311272449e-03,nan,nan,nan,-9.366391184572987055e-03,nan,nan,nan,-2.203856749311272449e-03,nan,5.509641873278248343e-03,nan,nan,nan,nan,nan,nan,nan,nan,nan,0.000000000000000000e+00,nan,nan,2.754820936639146289e-03,nan,nan,-1.101928374655636225e-03,nan,nan,0.000000000000000000e+00,nan,nan,nan,nan,nan,nan,nan,nan,nan,nan,nan,nan
nan,nan,3.786666666666662490e-02,nan,nan,nan,nan,nan,nan,nan,nan,nan,nan,nan,nan,nan,nan,nan,nan,nan,nan,nan,nan,-3.200000000000047425e-03,nan,nan,nan,-2.666666666666683925e-03,nan,nan,nan,-6.933333333333369444e-03,nan,2.666666666666663715e-02,nan,nan,nan,nan,nan,nan,nan,nan,nan,-5.866666666666709232e-03,nan,nan,-1.173333333333339591e-02,nan,nan,5.333333333333190474e-04,nan,nan,-1.066666666666671315e-02,nan,nan,nan,nan,nan,nan,-1.600000000000045830e-03,nan,nan,nan,nan,nan
nan,nan,5.772151898734181191e-02,nan,nan,nan,nan,nan,nan,nan,nan,nan,nan,nan,nan,nan,nan,nan,nan,nan,nan,nan,nan,-2.531645569620155634e-03,nan,nan,nan,-1.518987341772148891e-02,nan,nan,nan,-9.113924050632871837e-03,nan,4.658227848101268581e-02,nan,nan,nan,nan,nan,nan,nan,nan,nan,5.063291139240977184e-04,nan,nan,3.037974683544342365e-03,nan,nan,2.531645569620266656e-03,nan,nan,2.025316455696213498e-03,nan,nan,nan,nan,nan,nan,1.974683544303801330e-02,nan,nan,nan,nan,nan
nan,nan,6.030150753768869984e-03,nan,nan,nan,nan,nan,nan,nan,nan,nan,nan,nan,nan,nan,nan,nan,nan,nan,nan,nan,nan,5.025125628141058559e-04,nan,nan,nan,-8.542713567839133743e-03,nan,nan,nan,-4.522613065326597410e-03,nan,4.440892098500626408e-17,nan,nan,nan,nan,nan,nan,nan,nan,nan,2.010050251256312401e-03,nan,nan,4.522613065326641646e-03,nan,nan,-3.015075376884368639e-03,nan,nan,2.512562814070396031e-03,nan,nan,nan,nan,nan,nan,1.005025125628167260e-03,nan,nan,nan,nan,nan
