nan,nan,nan,nan,nan,nan,nan,nan,nan,nan,nan,nan,nan,nan,-9.266409266409248585e-03,nan,nan,nan,-7.722007722007706793e-04,nan,nan,nan,nan,nan,1.776061776061776953e-02,nan,1.544401544401541359e-03,nan,2.972972972972977995e-02,nan,nan,1.351351351351350906e-02,nan,-6.949806949806935572e-03,nan,nan,nan,3.861003861003853288e-03,-3.474903474903467786e-03,nan,nan,nan,nan,nan,nan,nan,nan,nan,nan,nan,nan,nan,nan,nan,nan,nan,nan,1.158301158301156073e-03,nan,nan,nan,nan,nan,nan,nan
nan,nan,3.501945525291816352e-03,nan,nan,nan,nan,nan,nan,nan,nan,nan,nan,7.392996108949390077e-03,4.669260700389111021e-03,nan,nan,nan,nan,nan,nan,nan,nan,nan,9.338521400778176940e-03,nan,-4.280155642023331097e-03,2.217898832684826044e-02,nan,nan,1.439688715953304533e-02,1.634241245136185475e-02,nan,1.050583657587544906e-02,nan,nan,nan,-3.891050583657573725e-03,nan,nan,nan,nan,nan,nan,nan,nan,nan,nan,nan,nan,nan,nan,nan,nan,nan,nan,nan,nan,nan,nan,nan,nan,nan,nan,nan
nan,nan,1.202404809619239722e-03,nan,nan,nan,nan,nan,nan,nan,nan,nan,nan,nan,nan,nan,nan,4.008016032064132044e-04,-6.813627254509025018e-03,nan,nan,nan,nan,5.210420841683371766e-03,nan,nan,-6.813627254509025018e-03,nan,1.306613226452905951e-01,nan,-8.416833667334677402e-03,nan,nan,-4.008016032064132044e-04,nan,nan,nan,-2.805611222444892756e-03,nan,nan,nan,nan,nan,nan,nan,nan,nan,nan,nan,nan,nan,nan,nan,nan,nan,nan,nan,4.809619238476958887e-03,nan,nan,nan,nan,nan,nan,nan
nan,nan,-1.930501930501926644e-03,nan,nan,nan,nan,5.405405405405394430e-03,nan,nan,nan,nan,nan,nan,-4.247104247104238790e-03,nan,nan,nan,1.544401544401541359e-03,nan,nan,nan,nan,5.791505791505779932e-03,nan,nan,nan,2.084942084942089519e-02,nan,6.177606177606165434e-03,1.930501930501926644e-03,nan,nan,nan,nan,nan,nan,1.158301158301156073e-03,nan,nan,nan,nan,nan,nan,nan,nan,nan,nan,nan,3.861003861003853288e-03,nan,nan,nan,nan,nan,nan,nan,nan,nan,nan,nan,nan,nan,nan,nan
nan,nan,6.589147286821717478e-03,nan,nan,nan,nan,-7.751937984496138018e-04,nan,nan,nan,nan,nan,nan,nan,nan,nan,nan,nan,nan,nan,nan,nan,nan,4.263565891472875964e-03,3.488372093023261837e-03,1.240310077519382083e-02,nan,1.279069767441862703e-02,nan,nan,-3.875968992248068901e-03,nan,3.488372093023261837e-03,nan,nan,nan,-2.325581395348841514e-03,nan,nan,nan,nan,nan,nan,nan,nan,nan,nan,nan,nan,nan,nan,nan,nan,nan,nan,nan,5.038759689922489224e-03,nan,nan,nan,nan,nan,nan,nan
nan,nan,4.108527131782948455e-02,nan,nan,nan,nan,nan,nan,nan,nan,nan,nan,nan,nan,nan,nan,2.364341085271321960e-02,-1.472868217054266148e-02,nan,nan,nan,nan,-3.875968992248069009e-04,nan,nan,5.813953488372103351e-03,1.124031007751940051e-02,nan,nan,nan,2.209302325581399135e-02,nan,4.031007751937987216e-02,nan,nan,nan,6.201550387596910414e-03,nan,nan,nan,nan,nan,nan,nan,nan,nan,nan,nan,nan,nan,nan,nan,nan,nan,nan,nan,-1.550387596899227604e-03,nan,nan,nan,nan,nan,nan,nan
nan,nan,5.836575875486360587e-03,nan,nan,nan,nan,nan,nan,nan,nan,nan,nan,1.439688715953302278e-02,nan,nan,nan,nan,3.696498054474706141e-02,nan,nan,nan,nan,2.334630350194522117e-03,nan,nan,nan,5.058365758754845842e-03,nan,nan,nan,-1.984435797665373702e-02,nan,-1.050583657587556008e-02,nan,nan,nan,1.206225680933847855e-02,6.614785992217875332e-03,nan,nan,nan,nan,nan,nan,nan,nan,nan,nan,nan,nan,nan,nan,nan,nan,nan,nan,-1.945525291828853432e-03,nan,nan,nan,nan,nan,nan,nan
nan,nan,-8.792452830188676738e-02,nan,nan,nan,nan,-9.433962264150941301e-03,nan,nan,nan,nan,nan,nan,nan,nan,-5.283018867924527129e-02,-1.773584905660376826e-02,9.056603773584904343e-03,nan,nan,nan,nan,3.396226415094338695e-03,-1.320754716981131782e-02,nan,nan,nan,nan,-1.030188679245282735e-01,nan,nan,nan,nan,nan,nan,nan,-3.773584905660376521e-03,-3.471698113207546260e-02,nan,nan,nan,nan,nan,nan,nan,nan,nan,nan,nan,nan,nan,nan,nan,nan,nan,nan,nan,nan,nan,nan,nan,nan,nan,nan
nan,nan,-2.884250474383298624e-02,nan,nan,nan,nan,nan,nan,nan,nan,nan,nan,nan,nan,nan,nan,3.795066413662273423e-03,nan,nan,nan,nan,nan,7.210626185958269110e-03,nan,nan,4.554079696394697056e-03,-2.542694497153698968e-02,9.487666034155651032e-03,nan,nan,-3.491461100569257653e-02,nan,4.933586337760953108e-03,nan,nan,nan,1.214421252371917712e-02,nan,nan,nan,nan,nan,nan,nan,nan,nan,nan,nan,nan,nan,nan,nan,nan,nan,nan,nan,nan,nan,nan,nan,0.000000000000000000e+00,nan,nan,nan
nan,nan,8.914728682170558124e-03,nan,nan,nan,nan,1.201550387596901290e-02,nan,nan,nan,nan,nan,nan,nan,nan,nan,nan,9.806201550387598498e-02,nan,nan,nan,nan,5.542635658914729646e-02,4.263565891472875964e-03,nan,nan,nan,nan,nan,2.945736434108532295e-02,7.480620155038761321e-02,nan,6.201550387596910414e-03,nan,nan,nan,-5.813953488372103351e-03,nan,nan,nan,nan,nan,nan,nan,nan,nan,nan,nan,nan,nan,nan,nan,nan,nan,nan,nan,nan,nan,nan,nan,nan,2.751937984496128850e-02,nan,nan
nan,nan,1.972920696324948972e-02,nan,nan,nan,nan,5.029013539651794318e-03,nan,nan,nan,nan,nan,nan,nan,nan,nan,nan,1.431334622823978754e-02,nan,nan,7.736943907156623723e-03,-9.671179883945901085e-03,nan,nan,nan,nan,1.856866537717596216e-02,nan,nan,5.531914893617018159e-02,1.176015473887813967e-01,nan,nan,nan,nan,nan,-3.868471953578644928e-04,nan,nan,nan,1.547388781431329255e-02,nan,nan,nan,nan,nan,nan,nan,nan,nan,nan,nan,nan,nan,nan,nan,nan,nan,nan,nan,nan,nan,nan,nan
nan,nan,-2.220446049250313204e-17,nan,nan,nan,nan,nan,nan,nan,nan,nan,nan,nan,nan,nan,nan,-2.238805970149315878e-03,nan,nan,nan,nan,nan,2.761194029850739737e-02,nan,nan,nan,nan,-2.238805970149315878e-03,1.343283582089544945e-02,4.104477611940260222e-03,nan,nan,-1.119402985074646664e-03,nan,nan,nan,-3.358208955223895755e-03,nan,nan,3.731343283582022694e-03,nan,nan,nan,nan,nan,nan,nan,nan,nan,nan,nan,nan,nan,nan,nan,nan,1.865671641790989013e-03,nan,nan,nan,nan,nan,nan,nan
nan,nan,nan,nan,nan,nan,nan,6.015037593984984450e-03,nan,nan,nan,nan,nan,nan,6.766917293233110434e-03,nan,nan,nan,nan,nan,nan,nan,6.390977443609035732e-03,3.007518796992481036e-02,nan,-2.631578947368407115e-03,1.954887218045111424e-02,1.097744360902255939e-01,nan,nan,nan,nan,nan,8.759398496240602960e-02,nan,nan,nan,7.518796992481479929e-04,nan,nan,nan,nan,nan,nan,nan,nan,nan,nan,nan,nan,nan,nan,nan,nan,nan,nan,nan,-7.518796992481257668e-04,nan,nan,nan,nan,nan,nan,nan
nan,nan,-1.890359168241984023e-03,nan,nan,nan,nan,3.780718336483879140e-03,nan,nan,nan,nan,nan,nan,nan,nan,nan,3.780718336483857023e-03,nan,nan,nan,nan,nan,7.561436672967825068e-03,nan,nan,0.000000000000000000e+00,0.000000000000000000e+00,1.134215500945190327e-03,nan,nan,2.268431001890336418e-03,nan,4.158790170132253654e-03,nan,nan,nan,3.024574669187107996e-03,nan,nan,nan,nan,nan,nan,nan,nan,nan,nan,nan,nan,nan,nan,nan,nan,nan,nan,nan,nan,nan,nan,nan,nan,nan,nan,nan
nan,nan,nan,nan,nan,nan,nan,nan,nan,nan,nan,nan,nan,nan,3.452380952380951218e-02,nan,nan,-1.071428571428567622e-02,nan,nan,nan,nan,nan,nan,-2.380952380952372494e-03,-6.746031746031722065e-03,nan,3.253968253968255592e-02,-1.111111111111107164e-02,nan,8.174603174603176092e-02,3.650793650793651007e-02,nan,nan,nan,nan,nan,8.730158730158721694e-03,nan,nan,nan,nan,nan,nan,nan,nan,nan,nan,nan,nan,nan,nan,nan,nan,nan,nan,nan,1.984126984126977078e-03,nan,nan,nan,nan,nan,nan,nan
nan,nan,-5.098039215686256571e-03,nan,nan,nan,nan,nan,nan,nan,nan,nan,nan,nan,-7.843137254901955471e-03,nan,nan,nan,-4.705882352941159578e-03,nan,nan,nan,nan,-1.215686274509801892e-02,-3.529411764705869901e-03,nan,nan,nan,-1.294117647058818862e-02,nan,-3.921568627450966677e-04,-6.274509803921568367e-03,nan,-1.058823529411761014e-02,nan,nan,nan,-1.098039215686272795e-02,nan,nan,nan,nan,nan,nan,nan,nan,nan,nan,nan,nan,nan,nan,nan,nan,nan,nan,nan,nan,nan,nan,nan,nan,nan,nan,nan
nan,nan,1.644359464627149700e-02,nan,nan,nan,nan,nan,nan,nan,nan,nan,nan,nan,1.835564053537284274e-02,nan,nan,nan,7.112810707456977688e-02,nan,nan,nan,nan,2.676864244741850203e-03,nan,nan,nan,nan,-2.103250478011473718e-02,-2.676864244741894439e-03,nan,1.051625239005736095e-01,nan,3.862332695984702774e-02,nan,nan,nan,7.648183556405064188e-04,nan,nan,nan,nan,nan,nan,nan,nan,nan,nan,nan,nan,nan,nan,nan,nan,nan,nan,nan,-3.059273422562136698e-03,nan,nan,nan,nan,nan,nan,nan
nan,nan,nan,nan,nan,nan,nan,nan,nan,nan,nan,nan,nan,nan,3.065134099616795456e-03,nan,nan,nan,-1.340996168582377947e-02,nan,nan,nan,nan,-3.448275862068994526e-03,nan,-6.513409961685878886e-03,nan,1.532567049808419846e-03,-1.685823754789275014e-02,nan,6.283524904214557449e-02,-8.812260536398497379e-03,nan,nan,nan,nan,nan,8.812260536398408908e-03,nan,nan,nan,nan,nan,nan,nan,nan,nan,nan,nan,nan,nan,nan,nan,nan,nan,nan,nan,1.149425287356287129e-03,nan,nan,nan,nan,nan,nan,nan
nan,nan,nan,nan,nan,nan,nan,nan,nan,nan,nan,nan,nan,nan,nan,nan,nan,5.118110236220463696e-03,nan,nan,nan,nan,nan,4.527559055118102194e-02,nan,4.724409448818888899e-03,4.330708661417314968e-03,6.299212598425185487e-03,1.811023622047240947e-02,1.496062992125981629e-02,1.338582677165351884e-02,nan,nan,4.724409448818888899e-03,nan,nan,nan,2.244094488188972530e-02,nan,nan,nan,nan,nan,nan,nan,nan,nan,nan,nan,nan,nan,nan,nan,nan,nan,nan,nan,nan,nan,nan,nan,nan,nan,nan,nan
nan,nan,1.310211946050097130e-02,nan,nan,nan,nan,nan,nan,nan,nan,nan,nan,nan,4.624277456647440769e-03,nan,nan,nan,2.312138728323742502e-03,nan,nan,nan,nan,4.007707129094415649e-02,nan,nan,6.936416184971161587e-03,nan,nan,1.078998073217729559e-02,1.156069364161882527e-03,-8.477842003853531400e-03,nan,nan,nan,nan,nan,1.734104046242779251e-02,-3.853564547206133999e-03,nan,nan,nan,nan,nan,nan,nan,nan,nan,nan,nan,nan,nan,nan,nan,nan,nan,nan,nan,nan,nan,nan,nan,nan,nan,nan
nan,-3.846153846153943512e-03,nan,nan,nan,nan,nan,nan,nan,nan,nan,nan,nan,nan,-6.153846153846220628e-03,nan,1.346153846153841371e-02,nan,-1.923076923077005149e-03,nan,nan,nan,nan,-7.692307692307776001e-03,nan,nan,nan,-1.115384615384622594e-02,-1.307692307692311963e-02,nan,6.538461538461515579e-03,nan,nan,-1.153846153846216404e-03,nan,nan,nan,-9.230769230769309691e-03,nan,nan,nan,nan,nan,nan,nan,nan,nan,nan,nan,nan,nan,nan,nan,nan,nan,nan,nan,nan,nan,nan,nan,nan,nan,nan,nan
nan,nan,5.702970297029708036e-02,nan,nan,nan,nan,1.742574257425744122e-02,nan,nan,nan,nan,nan,nan,1.980198019801981957e-03,nan,nan,2.574257425742576544e-02,nan,nan,nan,nan,nan,8.752475247524760249e-02,nan,nan,nan,7.683168316831689992e-02,2.653465346534655822e-02,nan,nan,5.663366336633668396e-02,nan,nan,nan,nan,nan,1.227722772277228813e-02,nan,nan,nan,nan,nan,nan,nan,nan,nan,nan,nan,nan,nan,nan,nan,nan,nan,nan,nan,9.900990099009909784e-03,nan,nan,nan,nan,nan,nan,nan
nan,nan,-1.411764705882354552e-02,nan,nan,nan,nan,nan,nan,nan,nan,nan,nan,nan,nan,nan,nan,-1.568627450980386671e-03,1.121568627450980210e-01,nan,nan,nan,nan,7.647058823529413740e-02,-1.686274509803917937e-02,nan,nan,7.411764705882355198e-02,8.823529411764705066e-02,-2.980392156862743391e-02,nan,nan,nan,nan,nan,-1.686274509803922100e-02,nan,1.215686274509803974e-02,nan,nan,nan,nan,nan,nan,nan,nan,nan,nan,nan,nan,nan,nan,nan,nan,nan,nan,nan,nan,nan,nan,nan,nan,nan,nan,nan
nan,nan,nan,nan,nan,nan,nan,7.547169811320753041e-03,nan,nan,nan,nan,nan,1.132075471698113043e-03,nan,nan,nan,5.283018867924526955e-03,nan,nan,nan,nan,nan,5.584905660377357389e-02,-3.018867924528301303e-03,1.886792452830188260e-03,6.679245283018866997e-02,nan,1.128301886792453662e-01,nan,nan,nan,nan,nan,nan,nan,nan,5.283018867924526955e-03,nan,nan,nan,nan,nan,nan,nan,nan,nan,nan,nan,nan,nan,nan,nan,nan,nan,nan,nan,nan,nan,nan,nan,nan,2.679245283018867260e-02,nan,nan
nan,nan,5.384615384615365312e-03,nan,nan,nan,nan,-4.999999999999981889e-03,nan,nan,nan,nan,nan,nan,nan,nan,nan,1.307692307692311963e-02,1.230769230769233023e-02,nan,nan,nan,nan,nan,nan,1.692307692307697467e-02,nan,4.230769230769237596e-03,1.923076923076916245e-03,nan,nan,1.076923076923077122e-01,nan,nan,nan,nan,nan,1.769230769230773978e-02,nan,nan,nan,5.769230769230748734e-03,nan,nan,nan,nan,nan,nan,nan,nan,nan,nan,nan,nan,nan,nan,nan,nan,nan,nan,nan,nan,nan,nan,nan
nan,9.904761904761883243e-03,1.409523809523807215e-02,nan,nan,nan,nan,nan,nan,nan,nan,nan,nan,nan,1.790476190476186780e-02,nan,nan,nan,nan,nan,nan,nan,nan,nan,-8.761904761904814459e-03,nan,nan,2.361904761904760550e-02,nan,nan,nan,nan,nan,6.857142857142806483e-03,nan,nan,nan,3.428571428571403241e-03,nan,nan,nan,nan,nan,nan,nan,-1.523809523809549439e-03,nan,nan,nan,nan,nan,nan,nan,nan,nan,nan,nan,-6.095238095238130968e-03,-7.619047619048080044e-04,nan,nan,nan,nan,nan,nan
nan,nan,-1.895161290322582362e-02,nan,nan,nan,nan,nan,nan,nan,nan,nan,nan,nan,nan,nan,nan,nan,1.612903225806472428e-03,nan,nan,nan,nan,1.532258064516132078e-02,nan,nan,-6.048387096774221136e-03,-1.975806451612904802e-02,-2.096774193548385165e-02,-4.838709677419350715e-03,nan,-1.169354838709679711e-02,nan,-4.032258064516125451e-03,nan,nan,nan,-1.008064516129034659e-02,nan,nan,nan,nan,nan,nan,nan,nan,nan,nan,nan,nan,nan,nan,nan,nan,nan,nan,nan,nan,nan,nan,nan,nan,nan,nan,nan
nan,nan,8.378870673952709680e-03,nan,nan,nan,nan,nan,nan,nan,nan,nan,nan,nan,nan,nan,nan,3.278688524590212070e-03,nan,nan,nan,nan,nan,-2.914389799635652700e-03,nan,nan,5.100182149362498044e-03,-1.457194899817792957e-03,-1.457194899817815291e-03,nan,3.642987249544682535e-03,-3.642987249544549395e-03,nan,nan,nan,nan,nan,7.285974499089631568e-04,nan,nan,nan,2.550091074681271140e-03,nan,nan,nan,nan,nan,nan,nan,nan,nan,nan,nan,nan,nan,nan,nan,nan,nan,nan,nan,nan,nan,nan,nan
nan,nan,nan,nan,nan,nan,nan,-5.836575875486383139e-03,nan,nan,nan,nan,nan,6.614785992217875332e-03,nan,nan,nan,-5.447470817120603215e-03,nan,nan,nan,nan,nan,8.754863813229570024e-02,nan,nan,3.073929961089492263e-02,nan,1.673151750972756702e-02,nan,nan,nan,nan,nan,nan,nan,nan,1.245136186770423592e-02,7.782101167315147450e-03,nan,nan,2.879377431906615659e-02,nan,nan,nan,nan,nan,nan,nan,nan,nan,nan,nan,nan,nan,nan,nan,1.517509727626453753e-02,nan,nan,nan,nan,nan,nan,nan
nan,0.000000000000000000e+00,-2.816901408450722590e-03,nan,nan,nan,nan,nan,nan,nan,nan,nan,nan,nan,nan,nan,nan,nan,1.046277665995971537e-02,nan,nan,nan,nan,2.092555331991950013e-02,nan,nan,5.633802816901423496e-03,nan,1.609657947686127287e-03,nan,nan,nan,nan,nan,nan,nan,nan,7.243460764587528015e-03,nan,nan,nan,nan,-4.024144869215318218e-04,-2.816901408450722590e-03,0.000000000000000000e+00,nan,nan,nan,nan,nan,nan,nan,nan,nan,nan,nan,nan,nan,nan,nan,nan,nan,nan,nan,nan
nan,-6.936416184971094800e-03,1.078998073217722967e-02,nan,nan,nan,nan,3.468208092485536125e-03,nan,nan,nan,nan,nan,nan,2.620423892100192179e-02,nan,nan,nan,nan,nan,nan,nan,nan,nan,nan,nan,nan,4.354527938342966920e-02,-5.394990366088636517e-03,nan,1.926782273603080270e-02,nan,nan,3.044315992292869616e-02,nan,nan,nan,-3.853564547206156550e-03,-1.156069364161860192e-03,nan,nan,nan,nan,nan,nan,nan,nan,nan,nan,nan,nan,nan,nan,nan,nan,nan,nan,nan,nan,nan,nan,nan,nan,nan,nan
nan,nan,-1.209829867674856382e-02,nan,nan,nan,nan,8.317580340264685984e-03,nan,nan,nan,nan,nan,nan,nan,nan,nan,nan,6.502835538752367583e-02,nan,nan,nan,nan,nan,-2.079395085066155710e-02,nan,1.663516068052932687e-02,1.062381852551985417e-01,2.797731568998111998e-02,nan,nan,nan,nan,nan,nan,nan,nan,-3.780718336483301694e-04,nan,nan,nan,-3.780718336483301694e-04,nan,nan,nan,nan,nan,nan,nan,nan,nan,nan,nan,nan,nan,nan,nan,-1.436672967863890024e-02,nan,nan,nan,nan,nan,nan,nan
nan,-5.405405405405394430e-03,2.471042471042472766e-02,nan,nan,nan,nan,1.003861003861001785e-02,nan,nan,nan,nan,nan,nan,nan,nan,nan,nan,nan,nan,nan,nan,nan,nan,7.722007722007706793e-04,5.019305019305008927e-03,nan,8.108108108108091211e-03,1.853281853281851799e-02,nan,8.339768339768341421e-02,nan,nan,-5.405405405405394430e-03,nan,nan,nan,3.088803088803082717e-03,nan,nan,nan,nan,nan,nan,nan,nan,nan,nan,nan,nan,nan,nan,nan,nan,nan,nan,nan,nan,nan,nan,nan,nan,nan,nan,nan
nan,nan,-1.070110701107016525e-02,nan,nan,nan,nan,nan,nan,nan,nan,nan,nan,nan,nan,nan,-3.321033210332169361e-03,nan,-1.107011070110730565e-03,nan,nan,nan,nan,1.771217712177117903e-02,nan,nan,-7.380073800738351942e-04,4.428044280442721900e-03,nan,4.797047970479662374e-03,nan,-2.952029520295273990e-03,nan,nan,nan,nan,nan,5.535055350553453116e-03,nan,nan,nan,nan,nan,nan,nan,nan,nan,nan,nan,nan,nan,nan,nan,nan,nan,nan,nan,2.583025830258267597e-03,nan,nan,nan,nan,nan,nan,nan
nan,1.132075471698113043e-03,nan,nan,nan,nan,nan,2.075471698113207086e-02,nan,-6.037735849056602606e-03,nan,nan,nan,nan,nan,nan,nan,nan,nan,nan,nan,nan,nan,4.150943396226414173e-02,1.056603773584905391e-02,nan,nan,7.547169811320753041e-03,1.886792452830188260e-03,nan,nan,nan,nan,1.924528301886791956e-02,nan,nan,nan,1.320754716981131782e-02,nan,nan,nan,nan,5.283018867924526955e-03,nan,nan,nan,nan,nan,nan,nan,nan,nan,nan,nan,nan,nan,nan,nan,nan,nan,nan,nan,nan,nan,nan
nan,nan,nan,nan,nan,nan,nan,7.003891050583632705e-03,nan,nan,nan,nan,nan,nan,nan,nan,nan,nan,3.891050583657582745e-02,nan,nan,nan,nan,1.984435797665364681e-02,nan,2.723735408560279490e-03,2.529182879377427431e-02,nan,1.011673151750969168e-02,nan,nan,-3.501945525291860588e-03,nan,nan,nan,6.225680933852095408e-03,nan,3.891050583657351463e-04,nan,nan,nan,nan,nan,nan,nan,nan,nan,nan,nan,nan,nan,nan,nan,nan,nan,nan,nan,-2.723735408560368394e-03,nan,nan,nan,nan,nan,nan,nan
nan,nan,-5.353728489483700406e-03,nan,nan,nan,nan,3.824091778202864944e-04,nan,nan,nan,nan,nan,nan,3.824091778202864944e-04,nan,nan,nan,2.676864244741894439e-03,nan,nan,nan,nan,nan,-4.971319311663435596e-03,nan,nan,nan,7.265774378585132878e-03,nan,-1.261950286806883328e-02,nan,nan,nan,nan,nan,nan,1.147227533460815031e-03,nan,nan,nan,nan,nan,nan,nan,4.971319311663524934e-03,nan,nan,nan,nan,nan,nan,nan,nan,nan,nan,nan,0.000000000000000000e+00,nan,nan,nan,nan,nan,nan,nan
nan,nan,5.859375000000000000e-03,nan,nan,nan,nan,6.250000000000000347e-03,nan,nan,nan,nan,nan,nan,nan,nan,nan,-4.687499999999999827e-03,2.734374999999999827e-03,nan,nan,nan,nan,nan,nan,nan,2.304687500000000139e-02,1.093749999999999931e-02,nan,nan,nan,-7.812500000000000000e-03,nan,5.468749999999999653e-03,nan,nan,nan,-1.562500000000000087e-03,nan,nan,nan,nan,nan,nan,nan,nan,nan,nan,nan,nan,nan,nan,nan,nan,nan,nan,nan,5.859375000000000000e-03,nan,nan,nan,nan,nan,nan,nan
nan,nan,3.921568627450966460e-03,nan,nan,nan,nan,1.568627450980386671e-03,nan,nan,nan,nan,nan,nan,1.568627450980386671e-03,nan,nan,nan,7.450980392156835927e-03,nan,nan,nan,nan,7.058823529411739801e-03,nan,nan,nan,1.960784313725483230e-03,nan,2.745098039215676348e-03,nan,nan,nan,1.960784313725483230e-03,nan,nan,nan,1.960784313725483230e-03,nan,nan,nan,nan,nan,nan,nan,nan,nan,nan,3.921568627450966677e-04,nan,nan,nan,nan,nan,nan,nan,nan,nan,nan,nan,nan,nan,nan,nan,nan
nan,nan,2.339181286549711983e-02,nan,nan,nan,nan,8.576998050682283631e-03,nan,nan,nan,nan,nan,nan,1.676413255360626950e-02,nan,nan,nan,nan,nan,nan,nan,nan,4.132553606237818894e-02,1.208576998050685594e-02,nan,nan,nan,7.017543859649122071e-03,nan,5.146198830409358382e-02,2.807017543859651257e-02,nan,2.807017543859653338e-02,nan,nan,nan,3.898635477582867905e-03,nan,nan,nan,nan,nan,nan,nan,nan,nan,nan,nan,nan,nan,nan,nan,nan,nan,nan,nan,nan,nan,nan,nan,nan,nan,nan,nan
nan,nan,1.409523809523807215e-02,nan,nan,nan,nan,-4.571428571428603864e-03,nan,nan,nan,nan,nan,nan,nan,nan,nan,-2.285714285714335325e-03,1.619047619047618569e-01,nan,nan,nan,nan,9.066666666666663155e-02,nan,nan,1.436190476190475906e-01,nan,nan,nan,nan,nan,nan,6.323809523809520439e-02,nan,-1.142857142857145458e-02,nan,1.295238095238091490e-02,nan,nan,nan,nan,nan,nan,nan,nan,nan,nan,nan,nan,nan,nan,nan,nan,nan,nan,nan,2.666666666666639256e-03,nan,nan,nan,nan,nan,nan,nan
nan,nan,4.373757455268334135e-03,nan,nan,nan,nan,nan,nan,nan,nan,nan,nan,nan,nan,nan,nan,1.829025844930411843e-02,7.952286282305820681e-04,nan,nan,nan,nan,nan,1.192842942345873156e-03,nan,nan,4.095427435387668375e-02,8.747514910536713373e-03,nan,nan,4.771371769383647883e-03,nan,5.168986083498960764e-03,nan,nan,nan,9.542743538767361686e-03,2.783300198807103863e-03,nan,nan,nan,nan,nan,nan,nan,nan,nan,nan,nan,nan,nan,nan,nan,nan,nan,nan,nan,nan,nan,nan,nan,nan,nan,nan
nan,-6.830188679245281780e-02,-7.886792452830186650e-02,nan,nan,nan,nan,-2.905660377358489782e-02,nan,nan,nan,nan,nan,nan,nan,nan,nan,nan,nan,nan,nan,-8.490566037735847171e-02,-1.811320754716980869e-02,nan,-2.603773584905659869e-02,1.207547169811320521e-02,nan,nan,2.113207547169810782e-02,nan,nan,nan,nan,-3.622641509433961737e-02,nan,nan,nan,-6.339622641509431999e-02,nan,nan,nan,nan,nan,nan,nan,nan,nan,nan,nan,nan,nan,nan,nan,nan,nan,nan,nan,nan,nan,nan,nan,nan,nan,nan,nan
nan,nan,nan,nan,nan,nan,nan,nan,nan,nan,nan,nan,nan,nan,2.755905511811018813e-03,nan,nan,nan,-3.543307086614167108e-03,nan,nan,nan,nan,nan,2.677165354330708277e-02,nan,-4.330708661417314968e-03,nan,nan,nan,7.874015748031481859e-04,6.299212598425185487e-03,nan,2.440944881889763746e-02,nan,nan,nan,1.181102362204722225e-03,-3.937007874015741038e-03,nan,nan,nan,nan,nan,nan,nan,nan,nan,1.968503937007870519e-03,nan,nan,nan,nan,nan,nan,nan,nan,nan,nan,nan,nan,nan,nan,nan,nan
nan,nan,nan,nan,nan,nan,nan,8.108108108108091211e-03,nan,2.316602316602312146e-03,nan,nan,nan,3.088803088803082717e-03,2.084942084942080845e-02,nan,nan,nan,nan,nan,nan,nan,nan,nan,-3.474903474903467786e-03,-4.633204633204624293e-03,nan,nan,1.428571428571425751e-02,nan,1.111969111969111496e-01,1.042471042471040422e-02,nan,nan,nan,nan,nan,1.389961389961387114e-02,nan,nan,nan,nan,nan,nan,nan,nan,nan,nan,nan,nan,nan,nan,nan,nan,nan,nan,nan,nan,nan,nan,nan,nan,nan,nan,nan
nan,nan,1.926782273603100393e-03,nan,nan,nan,nan,nan,nan,nan,nan,nan,nan,nan,nan,nan,nan,nan,-3.853564547206201002e-04,nan,nan,nan,nan,nan,1.541425818882435949e-03,nan,3.082851637764894015e-03,1.117533718689787091e-02,nan,2.697495183044296141e-03,nan,1.926782273603078275e-03,nan,3.853564547205978741e-04,nan,nan,nan,7.707129094411957482e-04,nan,nan,nan,nan,nan,nan,nan,nan,nan,nan,nan,nan,nan,nan,nan,nan,nan,nan,nan,7.707129094412179743e-04,nan,nan,nan,nan,nan,nan,nan
nan,nan,3.428571428571425359e-03,nan,nan,nan,nan,2.514285714285713347e-02,nan,nan,nan,nan,nan,nan,nan,nan,nan,-1.904761904761898038e-03,nan,nan,nan,nan,nan,nan,nan,nan,3.809523809523796076e-03,1.714285714285714718e-02,8.380952380952377823e-03,nan,nan,nan,nan,-5.714285714285694331e-03,nan,nan,nan,1.028571428571427651e-02,nan,nan,nan,nan,nan,nan,nan,nan,nan,nan,-1.523809523809482869e-03,nan,nan,nan,nan,nan,nan,nan,nan,-1.142857142857134269e-03,nan,nan,nan,nan,nan,nan,nan
nan,nan,8.262548262548266576e-02,nan,nan,nan,nan,nan,nan,nan,nan,nan,nan,nan,1.389961389961393880e-02,nan,-2.702702702702697215e-03,4.633204633204624293e-03,nan,nan,nan,nan,nan,nan,nan,7.722007722007706576e-03,nan,3.976833976833980128e-02,1.003861003861006296e-02,nan,nan,1.930501930501926644e-03,nan,nan,nan,nan,nan,8.880308880308884767e-03,nan,nan,nan,nan,nan,nan,nan,-2.316602316602312146e-03,nan,nan,nan,nan,nan,nan,nan,nan,nan,nan,nan,nan,nan,nan,nan,nan,nan,nan,nan
nan,nan,8.897485493230217202e-03,nan,nan,nan,nan,1.547388781431369067e-03,nan,nan,nan,nan,nan,nan,nan,nan,nan,nan,nan,nan,nan,nan,nan,9.284332688588015775e-03,nan,nan,1.547388781431369067e-03,5.996131528046424325e-02,-6.189555125725276774e-03,nan,nan,-3.481624758220447369e-03,nan,6.576402321083185502e-03,nan,nan,nan,4.642166344294063399e-03,nan,nan,nan,nan,nan,nan,nan,nan,nan,nan,nan,nan,nan,nan,nan,nan,nan,nan,nan,-9.671179883945812614e-03,nan,nan,nan,nan,nan,nan,nan
nan,nan,nan,nan,nan,nan,nan,-7.936507936507908312e-04,nan,nan,nan,nan,nan,nan,nan,nan,nan,-2.777777777777790027e-03,-2.380952380952372494e-03,nan,nan,nan,nan,1.984126984126977078e-03,nan,nan,-6.349206349206370885e-03,-2.777777777777767909e-03,-1.190476190476208364e-03,nan,nan,nan,nan,-3.968253968253954156e-03,nan,nan,nan,1.587301587301581662e-03,nan,nan,nan,nan,nan,nan,nan,nan,nan,nan,nan,nan,nan,nan,nan,nan,nan,nan,nan,3.968253968253954156e-04,nan,nan,nan,nan,nan,nan,nan
nan,nan,8.997955010224911385e-03,nan,nan,nan,nan,nan,nan,nan,nan,nan,nan,nan,nan,nan,nan,nan,1.873210633946829629e-01,nan,nan,nan,nan,3.967280163599178067e-02,nan,nan,nan,1.087934560327197958e-01,7.607361963190177601e-02,nan,nan,1.472392638036805826e-02,nan,2.331288343558277770e-02,nan,nan,nan,-4.089979550103039932e-04,nan,nan,nan,nan,nan,nan,nan,nan,nan,nan,nan,-8.179959100204526202e-04,nan,nan,nan,nan,nan,nan,nan,nan,9.406952965235127612e-03,nan,nan,nan,nan,nan,nan
nan,2.007722007722012592e-02,nan,nan,nan,nan,nan,nan,nan,nan,nan,nan,nan,5.791505791505779932e-03,-2.316602316602312146e-03,nan,nan,3.474903474903467786e-03,nan,nan,nan,nan,nan,nan,nan,3.474903474903467786e-03,7.722007722007706576e-03,nan,2.432432432432438812e-02,nan,nan,1.930501930501926644e-03,nan,nan,nan,nan,nan,7.722007722007706793e-04,1.776061776061779035e-02,nan,nan,nan,nan,nan,nan,nan,nan,nan,nan,nan,nan,nan,nan,nan,nan,nan,nan,nan,nan,nan,nan,nan,nan,nan,nan
nan,nan,3.898635477582801552e-03,nan,nan,nan,nan,nan,nan,nan,nan,nan,nan,nan,-3.508771929824594429e-03,nan,nan,nan,-2.339181286549729764e-03,nan,nan,nan,nan,2.651072124756332846e-02,-1.559454191033160476e-03,nan,5.458089668615983929e-03,nan,8.966861598440534556e-03,nan,nan,-5.847953216374279957e-03,nan,3.898635477582512504e-04,nan,nan,nan,-2.220446049250313204e-17,nan,nan,nan,nan,nan,nan,nan,nan,nan,nan,nan,nan,nan,nan,nan,nan,nan,nan,nan,nan,nan,nan,nan,nan,nan,nan,nan
nan,nan,nan,nan,nan,nan,nan,-3.082851637764938250e-03,nan,nan,nan,nan,nan,nan,nan,nan,nan,-3.853564547206156550e-03,3.468208092485580794e-03,nan,nan,nan,nan,nan,7.707129094412402005e-04,-1.695568400770712872e-02,8.863198458574172642e-03,nan,nan,nan,nan,nan,nan,1.194605009633913431e-02,nan,nan,nan,4.624277456647396534e-03,nan,nan,nan,nan,nan,nan,nan,7.707129094412402005e-04,nan,nan,nan,nan,nan,nan,nan,nan,nan,nan,nan,-5.394990366088614833e-03,nan,nan,nan,nan,nan,nan,nan
nan,nan,-5.479452054794498039e-03,nan,nan,nan,nan,nan,nan,nan,nan,nan,nan,nan,-5.088062622309164236e-03,nan,nan,3.913894324853251297e-03,nan,nan,nan,nan,nan,3.639921722113505925e-02,2.348336594911959452e-03,nan,-2.348336594911892665e-03,nan,2.220446049250313204e-17,nan,nan,nan,nan,2.700587084148731165e-02,nan,nan,nan,2.348336594911981570e-03,nan,nan,nan,nan,nan,nan,nan,nan,nan,nan,-1.956947162426558862e-03,nan,nan,nan,nan,nan,nan,nan,nan,nan,nan,nan,nan,nan,nan,nan,nan
nan,nan,1.500938086303942390e-02,nan,nan,nan,nan,nan,nan,nan,nan,nan,nan,nan,3.189493433395873545e-02,nan,nan,nan,-5.253283302063804609e-03,nan,nan,nan,nan,nan,1.013133208255161469e-02,nan,nan,3.602251407129457295e-02,6.003752345215773722e-03,nan,2.701688555347090542e-02,nan,nan,nan,nan,nan,nan,-3.752345215759511632e-04,nan,nan,nan,nan,nan,nan,nan,nan,nan,nan,nan,8.255159474671702746e-03,nan,nan,nan,nan,nan,nan,nan,-4.502814258911813812e-03,nan,nan,nan,nan,nan,nan,nan
nan,nan,7.436399217221101136e-03,nan,nan,nan,nan,nan,nan,nan,nan,nan,nan,nan,1.565557729941269294e-03,nan,nan,-7.436399217221167923e-03,nan,nan,nan,nan,nan,nan,2.270058708414868232e-02,nan,nan,nan,2.152641878669274769e-02,nan,-1.056751467710375161e-02,nan,nan,nan,nan,nan,nan,1.956947162426580979e-03,-7.827788649706679319e-04,nan,nan,9.001956947162371298e-03,nan,nan,nan,nan,nan,nan,nan,nan,nan,nan,nan,nan,nan,nan,nan,-1.956947162426647766e-03,nan,nan,nan,nan,nan,nan,nan
nan,nan,2.255639097744399635e-03,nan,nan,nan,nan,1.654135338345867970e-02,nan,nan,nan,nan,nan,nan,nan,nan,nan,nan,nan,nan,nan,nan,nan,3.421052631578948983e-02,3.120300751879698936e-02,nan,1.315789473684214617e-02,1.315789473684212361e-02,1.466165413533837558e-02,nan,nan,nan,nan,-3.007518796992458832e-03,nan,nan,nan,1.503759398496242773e-02,nan,nan,nan,nan,nan,nan,nan,nan,nan,nan,nan,nan,nan,nan,nan,nan,nan,nan,nan,4.511278195488732483e-03,nan,nan,nan,nan,nan,nan,nan
nan,nan,-6.513409961685856335e-03,nan,nan,nan,nan,nan,nan,nan,nan,nan,nan,nan,0.000000000000000000e+00,nan,nan,nan,-4.980842911877414805e-03,nan,nan,nan,-1.915708812260552563e-03,5.747126436781569217e-03,-4.980842911877436489e-03,nan,nan,3.831417624521104908e-04,nan,nan,nan,nan,nan,nan,nan,nan,nan,3.065134099616861809e-03,-4.980842911877436489e-03,nan,nan,nan,nan,nan,nan,nan,nan,nan,nan,nan,nan,nan,nan,nan,nan,nan,nan,-7.662835249042209817e-04,nan,nan,nan,nan,nan,nan,nan
nan,nan,7.677543186180435866e-03,nan,nan,nan,nan,-7.677543186180191704e-04,nan,nan,nan,nan,nan,nan,nan,nan,nan,-1.266794625719764797e-02,1.305182341650670298e-02,nan,nan,nan,nan,nan,nan,nan,4.030710172744726705e-02,2.034548944337812720e-02,2.610364683301345107e-02,nan,nan,nan,nan,3.838771593090250893e-03,nan,nan,nan,1.381957773512478872e-02,-1.151631477927050982e-03,nan,nan,nan,nan,nan,nan,nan,nan,nan,nan,nan,nan,nan,nan,nan,nan,nan,nan,nan,nan,nan,nan,nan,nan,nan,nan
nan,nan,-1.571709233791751493e-03,nan,nan,nan,nan,nan,nan,nan,nan,nan,nan,-5.108055009823165085e-03,nan,nan,nan,nan,nan,nan,nan,nan,nan,nan,nan,nan,2.554027504911593471e-02,nan,2.946954813359530315e-02,-1.375245579567778778e-02,8.487229862475445530e-02,2.907662082514734722e-02,nan,-2.868369351669941558e-02,nan,nan,nan,1.021611001964637354e-02,nan,nan,nan,nan,nan,nan,nan,nan,nan,nan,nan,nan,nan,nan,nan,nan,nan,nan,nan,-2.357563850687616289e-03,nan,nan,nan,nan,nan,nan,nan
nan,nan,1.762452107279690455e-02,nan,nan,nan,nan,nan,nan,nan,nan,nan,nan,nan,1.072796934865900484e-02,nan,nan,1.494252873563217676e-02,nan,nan,nan,nan,nan,4.099616858237546679e-02,nan,nan,1.390804597701149337e-01,9.157088122605365477e-02,5.363984674329524971e-03,nan,nan,2.337164750957852061e-02,nan,nan,nan,nan,nan,-6.513409961685812100e-03,nan,nan,nan,nan,nan,nan,nan,nan,nan,nan,nan,nan,nan,nan,nan,nan,nan,nan,nan,-1.072796934865900484e-02,nan,nan,nan,nan,nan,nan,nan
nan,nan,7.547169811320753041e-03,nan,nan,nan,nan,nan,nan,nan,nan,nan,nan,nan,nan,nan,nan,nan,1.094339622641509260e-02,nan,nan,nan,nan,-3.018867924528301303e-03,1.169811320754716652e-02,nan,nan,1.207547169811320521e-02,1.132075471698113043e-03,nan,nan,2.339622641509433304e-02,nan,3.773584905660376521e-03,nan,nan,nan,1.396226415094339347e-02,1.132075471698113043e-03,nan,nan,nan,nan,nan,nan,nan,nan,nan,nan,nan,nan,nan,nan,nan,nan,nan,nan,nan,nan,nan,nan,nan,nan,nan,nan
nan,nan,2.687140115163200345e-03,nan,nan,nan,nan,nan,nan,nan,nan,nan,nan,nan,nan,nan,nan,nan,1.535508637236104911e-03,nan,nan,nan,nan,1.880998080614209103e-02,nan,nan,4.222648752399282487e-03,5.758157389635388049e-03,1.266794625719778154e-02,nan,1.919385796545112349e-02,-6.142034548944286070e-03,nan,nan,nan,nan,nan,3.838771593090273444e-03,nan,nan,nan,nan,nan,nan,nan,nan,nan,nan,nan,nan,nan,nan,nan,nan,nan,nan,nan,-4.990403071017235521e-03,nan,nan,nan,nan,nan,nan,nan
nan,nan,nan,nan,nan,nan,nan,nan,nan,nan,nan,nan,nan,nan,2.702702702702697215e-03,nan,-2.702702702702697215e-03,nan,1.930501930501926644e-03,nan,nan,nan,nan,nan,nan,3.861003861003853396e-04,2.123552123552130411e-02,1.737451737451745082e-02,nan,1.196911196911205552e-02,nan,nan,nan,7.335907335907365309e-03,nan,nan,nan,3.861003861003853288e-03,nan,nan,nan,nan,nan,nan,nan,nan,nan,nan,nan,3.088803088803082717e-03,nan,nan,nan,nan,nan,nan,nan,nan,nan,nan,nan,nan,nan,nan,nan
nan,nan,3.809523809523862430e-03,nan,nan,nan,nan,nan,nan,nan,nan,nan,nan,nan,nan,nan,nan,nan,nan,nan,nan,nan,nan,6.476190476190479828e-02,8.914285714285723194e-02,nan,nan,1.348571428571429254e-01,1.028571428571428970e-01,-1.333333333333328562e-02,1.417142857142857371e-01,nan,nan,nan,nan,1.371428571428576736e-02,nan,3.428571428571469595e-03,nan,nan,nan,nan,nan,nan,nan,nan,nan,nan,nan,nan,nan,nan,nan,nan,nan,nan,nan,2.438095238095243714e-02,nan,nan,nan,nan,nan,nan,nan
nan,nan,nan,nan,nan,nan,nan,nan,nan,nan,nan,nan,nan,nan,nan,nan,nan,nan,1.529636711281072772e-02,nan,nan,nan,nan,nan,1.070745697896753265e-02,nan,2.485659655831738007e-02,9.942638623326982214e-03,nan,nan,1.529636711281074854e-02,1.043977055449331059e-01,nan,-4.588910133843193337e-03,nan,nan,nan,3.824091778202687135e-03,nan,nan,nan,nan,nan,nan,nan,nan,nan,nan,nan,3.824091778202642683e-04,nan,nan,nan,nan,nan,nan,nan,-2.676864244741850203e-03,nan,nan,nan,nan,nan,nan,nan
nan,nan,nan,nan,nan,nan,nan,1.302681992337162420e-02,nan,nan,nan,nan,nan,nan,3.831417624520660928e-04,nan,nan,nan,9.310344827586200522e-02,nan,nan,nan,nan,6.398467432950191713e-02,nan,nan,5.363984674329502766e-02,8.314176245210724847e-02,nan,nan,nan,7.662835249042209817e-04,nan,3.448275862068928173e-03,nan,nan,nan,-2.220446049250313204e-17,nan,nan,nan,0.000000000000000000e+00,nan,nan,nan,nan,nan,nan,nan,nan,nan,nan,nan,nan,nan,nan,nan,nan,nan,nan,nan,nan,nan,nan,nan
nan,nan,1.245283018867924217e-02,nan,nan,nan,nan,nan,nan,nan,nan,nan,nan,nan,nan,nan,nan,nan,nan,nan,nan,nan,nan,3.584905660377357695e-02,nan,nan,6.037735849056602433e-02,2.528301886792452130e-02,0.000000000000000000e+00,nan,nan,1.999999999999999695e-02,nan,1.132075471698113043e-03,nan,nan,nan,2.641509433962263478e-03,nan,nan,nan,nan,nan,nan,nan,nan,nan,nan,nan,nan,nan,nan,nan,nan,nan,nan,nan,1.132075471698113043e-03,3.773584905660376521e-03,nan,nan,nan,nan,nan,nan
nan,nan,nan,nan,nan,nan,nan,4.536862003780739623e-03,nan,nan,nan,nan,nan,nan,3.780718336483967937e-04,nan,nan,nan,-3.402646502835571414e-03,nan,nan,nan,nan,1.587901701323253187e-02,nan,nan,-3.780718336483967937e-04,1.134215500945190327e-03,-6.427221172022701094e-03,nan,nan,nan,nan,-6.427221172022701094e-03,nan,nan,nan,2.646502835538777718e-03,nan,nan,nan,nan,nan,nan,nan,nan,nan,nan,nan,-1.890359168241984023e-03,nan,nan,nan,nan,nan,nan,nan,nan,nan,nan,nan,nan,nan,nan,nan
nan,nan,nan,nan,nan,nan,nan,nan,nan,nan,nan,nan,nan,nan,nan,nan,nan,nan,nan,nan,nan,nan,nan,1.579961464354531081e-02,9.248554913294793067e-03,nan,9.248554913294770516e-03,3.853564547206200785e-03,nan,5.202312138728324570e-02,-2.312138728323698267e-03,1.541425818882480401e-03,nan,nan,nan,nan,nan,-1.156069364161815740e-03,nan,nan,nan,nan,nan,nan,nan,nan,nan,nan,nan,-7.707129094412402005e-04,nan,nan,nan,nan,nan,nan,nan,nan,3.853564547206201002e-04,nan,nan,nan,nan,nan,nan
nan,nan,8.614232209737782142e-03,nan,nan,nan,nan,nan,nan,nan,nan,nan,nan,nan,nan,nan,3.370786516853874117e-03,nan,-3.745318352059934242e-03,nan,nan,nan,nan,8.539325842696625368e-02,-1.872659176029967121e-03,nan,1.310861423220965882e-02,-3.745318352060156178e-04,nan,nan,nan,-1.123595505617980229e-03,nan,1.198501872659167924e-02,nan,nan,nan,-5.992509363295895133e-03,nan,nan,nan,nan,nan,nan,nan,nan,nan,nan,nan,nan,nan,nan,nan,nan,nan,nan,nan,nan,nan,nan,nan,nan,nan,nan,nan
nan,nan,nan,nan,nan,nan,nan,-7.707129094411957482e-04,nan,nan,nan,nan,nan,nan,-4.624277456647329747e-03,nan,nan,nan,nan,nan,nan,nan,0.000000000000000000e+00,7.707129094412401571e-03,5.780346820809301178e-03,nan,nan,7.321772639691781145e-03,4.238921001926821211e-03,nan,nan,nan,nan,2.697495183044320427e-02,nan,nan,nan,1.001926782273609984e-02,nan,nan,nan,nan,nan,nan,nan,nan,nan,3.468208092485580794e-03,nan,nan,nan,nan,nan,nan,nan,nan,nan,nan,nan,nan,nan,nan,nan,nan,nan
nan,nan,7.436399217221167923e-03,nan,nan,nan,nan,4.696673189823918904e-03,nan,nan,nan,nan,nan,nan,nan,nan,nan,nan,-4.305283757338518313e-03,nan,nan,nan,nan,3.913894324853272981e-03,6.262230919765188197e-03,nan,2.818003913894327056e-02,8.610567514677125098e-03,nan,nan,nan,-1.369863013698629020e-02,nan,1.565557729941335864e-03,nan,nan,nan,2.739726027397293255e-03,nan,nan,nan,nan,nan,nan,nan,nan,nan,nan,nan,nan,nan,nan,nan,nan,nan,nan,nan,nan,nan,nan,nan,nan,nan,nan,nan
nan,nan,1.961538461538465603e-02,nan,nan,nan,nan,1.384615384615388647e-02,nan,nan,nan,nan,nan,nan,nan,nan,nan,1.384615384615390729e-02,-3.846153846153610337e-04,nan,nan,nan,nan,1.153846153846154188e-01,nan,nan,nan,1.596153846153846589e-01,nan,nan,nan,1.388461538461538969e-01,nan,nan,nan,nan,nan,1.192307692307699105e-02,2.307692307692321785e-03,nan,nan,1.923076923076938363e-03,nan,nan,nan,nan,nan,nan,nan,nan,nan,nan,nan,nan,nan,nan,nan,nan,nan,nan,nan,nan,nan,nan,nan
nan,nan,-4.280155642023397884e-03,nan,nan,nan,nan,nan,nan,nan,nan,nan,nan,nan,-2.723735408560345843e-03,nan,nan,8.171206225680904822e-03,5.836575875486360587e-03,nan,nan,nan,nan,nan,nan,nan,8.560311284046662195e-03,nan,3.891050583657573725e-04,nan,nan,nan,nan,1.478599221789878015e-02,nan,nan,nan,6.225680933852117960e-03,nan,nan,nan,nan,nan,nan,nan,nan,nan,nan,nan,nan,nan,nan,nan,nan,nan,nan,nan,-1.167315175097272117e-03,nan,nan,nan,0.000000000000000000e+00,nan,nan,nan
nan,nan,nan,nan,nan,nan,nan,3.929273084479411801e-03,nan,nan,nan,nan,nan,nan,-3.143418467583458751e-03,nan,nan,nan,1.689587426326133457e-02,nan,nan,nan,nan,6.561886051080552396e-02,4.950884086444009430e-02,nan,5.108055009823186769e-03,nan,4.007858546168963088e-02,nan,1.178781925343841321e-03,3.143418467583525104e-03,nan,nan,nan,nan,nan,4.243614931237724847e-02,nan,nan,nan,nan,nan,nan,nan,nan,nan,nan,nan,nan,nan,nan,nan,nan,nan,nan,nan,nan,nan,nan,nan,nan,nan,nan,nan
nan,nan,nan,nan,nan,nan,nan,-3.710575139146632612e-04,nan,nan,nan,nan,nan,nan,nan,nan,nan,nan,-4.452690166975891914e-03,nan,nan,nan,7.792207792207772252e-03,1.929499072356217690e-02,nan,-1.595547309833025146e-02,nan,nan,nan,nan,3.710575139146632612e-04,9.499072356215214341e-02,nan,-4.081632653061206643e-03,nan,7.050092764378468498e-03,nan,1.855287569573271745e-03,nan,nan,nan,nan,nan,nan,nan,nan,nan,nan,nan,nan,nan,nan,nan,nan,nan,nan,nan,nan,nan,nan,nan,nan,nan,nan,nan
nan,nan,8.380952380952311903e-03,nan,nan,nan,nan,nan,nan,nan,nan,nan,nan,nan,-5.714285714285760251e-03,nan,nan,-2.666666666666683925e-03,1.714285714285710555e-02,nan,nan,nan,nan,-3.428571428571491712e-03,nan,nan,nan,1.066666666666666458e-01,-1.485714285714290206e-02,nan,nan,3.428571428571380690e-03,nan,nan,nan,nan,nan,-7.619047619048080044e-04,nan,nan,nan,nan,nan,nan,nan,nan,nan,nan,nan,nan,nan,nan,nan,nan,nan,nan,nan,-3.428571428571447477e-03,nan,nan,nan,nan,nan,nan,nan
nan,nan,9.125475285171092549e-03,nan,nan,nan,nan,nan,nan,nan,nan,nan,nan,nan,nan,nan,nan,nan,1.399239543726235602e-01,nan,nan,nan,nan,1.140684410646342116e-03,-7.604562737642872388e-04,-3.041825095057060051e-03,1.600760456273764010e-01,-3.422053231939181824e-03,-2.220446049250313204e-17,nan,nan,1.418250950570342228e-01,nan,nan,nan,nan,nan,-4.562737642585567958e-03,nan,nan,nan,nan,nan,nan,nan,nan,nan,nan,nan,nan,nan,nan,nan,nan,nan,nan,nan,nan,nan,nan,nan,nan,nan,nan,nan
nan,nan,6.901960784313723729e-02,nan,nan,nan,nan,nan,nan,-4.705882352941226365e-03,nan,nan,nan,nan,2.941176470588231437e-02,nan,nan,nan,1.490196078431367185e-02,nan,nan,nan,nan,2.941176470588231437e-02,4.509803921568622531e-02,1.176470588235267777e-03,9.137254901960781273e-02,nan,nan,nan,9.843137254901956901e-02,nan,nan,nan,nan,nan,nan,2.352941176470579789e-03,nan,nan,nan,nan,nan,nan,nan,nan,nan,nan,nan,nan,nan,nan,nan,nan,nan,nan,nan,nan,nan,nan,nan,nan,nan,nan,nan
nan,nan,-8.030592734225660764e-03,nan,nan,nan,nan,-3.709369024856599278e-02,nan,nan,nan,nan,nan,nan,-5.506692160611859066e-02,nan,-6.347992351816449108e-02,-4.818355640535374601e-02,nan,nan,nan,nan,nan,2.409177820267684872e-02,nan,nan,nan,nan,-1.912045889101376961e-03,-8.795411089866159160e-02,nan,nan,nan,nan,nan,nan,nan,-1.414913957934991161e-02,nan,nan,nan,nan,nan,nan,nan,nan,nan,nan,nan,nan,nan,nan,nan,nan,nan,nan,nan,1.032504780114720279e-02,nan,nan,nan,nan,nan,nan,nan
nan,nan,1.869158878504673191e-03,nan,nan,nan,nan,1.383177570093458916e-02,nan,nan,nan,nan,nan,nan,-8.224299065420570889e-03,nan,nan,nan,4.112149532710285445e-03,nan,nan,nan,nan,7.850467289719631828e-03,nan,nan,-5.981308411214958203e-03,nan,nan,nan,nan,nan,nan,-2.242990654205590136e-03,nan,nan,nan,3.738317757009346383e-03,9.719626168224304585e-03,nan,nan,nan,nan,nan,nan,nan,nan,nan,nan,nan,nan,nan,nan,nan,nan,nan,nan,1.121495327102817186e-03,nan,nan,nan,nan,nan,nan,nan
nan,nan,nan,nan,nan,nan,nan,nan,nan,nan,nan,nan,nan,nan,5.098039215686323358e-03,nan,nan,-3.921568627450966460e-03,1.094117647058824305e-01,nan,nan,nan,nan,2.352941176470624458e-03,-7.450980392156835927e-03,nan,nan,2.220446049250313204e-17,nan,nan,nan,3.137254901960861812e-03,nan,1.215686274509810740e-02,nan,nan,nan,-1.176470588235289895e-03,nan,nan,nan,nan,nan,nan,nan,nan,nan,nan,nan,2.220446049250313204e-17,nan,nan,nan,nan,nan,nan,nan,nan,nan,nan,nan,nan,nan,nan,nan
nan,nan,7.185628742514982119e-03,nan,nan,nan,nan,nan,nan,nan,nan,nan,nan,nan,nan,nan,nan,nan,nan,nan,nan,nan,nan,nan,1.317365269461079347e-02,nan,4.391217564870264489e-03,1.477045908183633183e-01,nan,2.220446049250313204e-17,9.461077844311376051e-02,nan,nan,-7.984031936127289775e-04,nan,nan,nan,7.584830339321379893e-03,nan,nan,nan,4.391217564870264489e-03,nan,nan,nan,nan,nan,nan,nan,nan,nan,nan,nan,nan,nan,nan,nan,nan,nan,nan,nan,0.000000000000000000e+00,nan,nan,nan
nan,6.538461538461559815e-03,-2.846153846153847214e-02,nan,nan,nan,nan,3.076923076923066078e-03,nan,nan,nan,nan,nan,-1.384615384615386392e-02,-2.384615384615385025e-02,nan,nan,nan,nan,nan,nan,nan,nan,nan,nan,nan,7.961538461538461564e-02,nan,nan,-4.846153846153846562e-02,nan,nan,nan,3.423076923076924516e-02,nan,nan,nan,8.076923076923070086e-03,nan,nan,nan,nan,nan,nan,nan,nan,nan,nan,nan,nan,nan,nan,nan,nan,nan,nan,nan,-6.923076923076943237e-03,nan,nan,nan,nan,nan,nan,nan
nan,nan,5.981308411214936518e-03,nan,nan,nan,nan,nan,nan,nan,nan,nan,nan,nan,nan,nan,nan,nan,4.186915887850461981e-02,nan,nan,nan,nan,-5.233644859813102630e-03,7.102803738317708601e-03,nan,nan,-7.476635514019225760e-04,1.495327102803689677e-03,nan,nan,1.345794392523358418e-02,nan,2.616822429906484528e-03,nan,nan,nan,5.607476635513974905e-03,nan,nan,nan,nan,nan,nan,nan,nan,nan,nan,nan,nan,nan,nan,nan,nan,nan,nan,nan,nan,nan,nan,nan,0.000000000000000000e+00,nan,nan,nan
nan,nan,3.129770992366407573e-02,nan,nan,nan,nan,nan,nan,nan,nan,nan,nan,nan,nan,nan,nan,nan,3.206106870229004369e-02,nan,nan,nan,nan,9.541984732824370513e-03,nan,nan,1.030534351145033847e-02,7.442748091603050564e-02,-3.816793893130166144e-04,nan,nan,nan,nan,-2.290076335877899542e-03,nan,nan,nan,3.816793893129499901e-04,nan,nan,nan,nan,2.290076335877833189e-03,nan,nan,nan,nan,nan,nan,nan,nan,nan,nan,nan,nan,nan,nan,-4.580152671755777401e-03,nan,nan,nan,nan,nan,nan,nan
nan,nan,nan,nan,nan,nan,nan,-1.532567049808397728e-03,nan,nan,nan,nan,nan,nan,-5.747126436781569217e-03,nan,nan,4.214559386973215291e-03,nan,nan,nan,nan,nan,nan,8.812260536398474828e-03,nan,nan,6.130268199233767853e-03,4.980842911877414805e-03,nan,nan,nan,nan,-3.831417624521104908e-04,nan,nan,nan,-1.532567049808419846e-03,-1.149425287356309246e-03,nan,nan,nan,nan,nan,nan,nan,nan,nan,nan,1.149425287356331581e-03,nan,nan,nan,nan,nan,nan,nan,nan,nan,nan,nan,nan,nan,nan,nan
nan,nan,9.811320754716978260e-03,nan,nan,nan,nan,9.433962264150941301e-03,nan,0.000000000000000000e+00,nan,nan,nan,nan,nan,nan,nan,nan,1.320754716981131782e-02,nan,nan,nan,nan,-1.886792452830188260e-02,nan,nan,nan,nan,-5.283018867924526955e-03,nan,nan,1.396226415094339347e-02,nan,nan,nan,nan,nan,5.660377358490564781e-03,nan,nan,nan,9.811320754716978260e-03,nan,nan,nan,nan,nan,nan,nan,nan,nan,nan,nan,nan,nan,nan,nan,-3.773584905660376521e-03,nan,nan,nan,nan,nan,nan,nan
nan,nan,6.415094339622640432e-03,nan,nan,nan,nan,5.283018867924526955e-03,nan,nan,nan,nan,nan,nan,nan,nan,nan,nan,nan,nan,nan,nan,nan,6.415094339622640085e-02,nan,nan,1.849056603773584564e-02,nan,4.905660377358489130e-03,nan,7.547169811320753041e-03,6.415094339622640432e-03,nan,1.735849056603773130e-02,nan,nan,nan,4.528301886792452172e-03,nan,nan,nan,nan,nan,nan,nan,nan,nan,nan,nan,7.547169811320753258e-04,nan,nan,nan,nan,nan,nan,nan,nan,nan,nan,nan,nan,nan,nan,nan
nan,nan,-5.588822355289391024e-03,nan,nan,nan,nan,9.580838323353324526e-03,nan,nan,nan,nan,nan,nan,nan,nan,nan,nan,1.037924151696609752e-02,nan,nan,nan,nan,-2.794411177644695512e-03,nan,nan,nan,nan,1.596806387225568977e-03,nan,nan,-8.383233532934108653e-03,nan,7.984031936128177737e-04,nan,nan,nan,nan,7.984031936127955476e-04,nan,nan,3.992015968064199999e-04,nan,nan,nan,nan,nan,nan,nan,nan,nan,nan,nan,nan,nan,nan,nan,1.077844311377249530e-02,nan,nan,nan,nan,nan,nan,nan
nan,nan,5.147058823529393479e-03,nan,nan,nan,nan,nan,nan,nan,nan,nan,nan,nan,1.838235294117640528e-03,nan,nan,5.882352941176449690e-03,nan,nan,nan,nan,nan,nan,nan,-5.514705882352988371e-03,-1.838235294117662646e-03,6.249999999999977796e-03,nan,nan,nan,1.213235294117642749e-02,nan,1.838235294117642610e-02,nan,nan,nan,7.352941176470562112e-03,nan,nan,nan,nan,nan,-1.102941176470606435e-03,nan,nan,nan,nan,nan,nan,nan,nan,nan,nan,nan,nan,nan,nan,nan,nan,nan,nan,nan,nan,nan
nan,nan,1.180769230769231487e-01,nan,nan,nan,nan,nan,nan,nan,nan,nan,nan,nan,7.692307692307753450e-03,nan,nan,4.230769230769326934e-03,nan,nan,nan,nan,6.153846153846220628e-03,nan,8.076923076923158556e-03,-3.461538461538426949e-03,nan,1.523076923076923384e-01,1.442307692307693012e-01,nan,nan,nan,nan,nan,nan,nan,nan,1.500000000000005843e-02,nan,nan,nan,nan,nan,nan,nan,nan,nan,nan,2.307692307692388138e-03,nan,nan,nan,nan,nan,nan,nan,nan,nan,nan,nan,nan,nan,nan,nan,nan
nan,nan,7.954545454545436378e-03,nan,nan,nan,nan,nan,nan,-3.409090909090917165e-03,nan,nan,nan,nan,1.363636363636358019e-02,nan,1.893939393939358864e-03,nan,nan,nan,nan,nan,nan,nan,nan,nan,1.515151515151491515e-03,nan,nan,7.954545454545413827e-03,nan,-2.651515151515204585e-03,nan,nan,nan,1.893939393939336746e-03,nan,2.272727272727248331e-03,nan,nan,nan,nan,nan,nan,nan,nan,nan,nan,nan,nan,nan,nan,nan,nan,nan,nan,nan,6.439393939393900194e-03,nan,nan,nan,nan,nan,nan,nan
nan,nan,nan,nan,nan,nan,nan,8.284023668639006743e-03,nan,nan,nan,nan,nan,nan,7.495069033530543830e-03,nan,nan,nan,nan,nan,nan,nan,nan,9.151873767258378312e-02,4.339250493096624521e-03,nan,nan,nan,1.972386587771191111e-03,nan,nan,1.104536489151870457e-02,nan,-3.155818540433940993e-03,nan,nan,nan,9.072978303747470524e-03,nan,nan,-2.761341222879698694e-03,nan,nan,nan,nan,nan,nan,nan,nan,nan,nan,nan,nan,nan,nan,nan,nan,4.339250493096602837e-03,nan,nan,nan,nan,nan,nan,nan
nan,nan,nan,nan,nan,nan,nan,-1.249999999999995559e-02,nan,nan,nan,nan,nan,2.822580645161298831e-03,-1.290322580645155738e-02,nan,nan,-6.854838709677379613e-03,nan,nan,nan,nan,nan,nan,nan,nan,7.217741935483874827e-02,8.024193548387099917e-02,8.467741935483896060e-03,nan,nan,7.338709677419356925e-02,nan,nan,nan,nan,nan,-2.016129032258029332e-03,nan,nan,nan,nan,nan,nan,nan,nan,nan,nan,nan,nan,nan,nan,nan,nan,nan,nan,nan,-6.048387096774155217e-03,nan,nan,nan,nan,nan,nan,nan
nan,nan,3.913894324853206194e-03,nan,nan,nan,nan,nan,nan,nan,nan,nan,nan,nan,nan,nan,nan,nan,-6.653620352250500317e-03,nan,nan,nan,nan,nan,1.643835616438353922e-02,nan,nan,5.596868884540114053e-02,1.800391389432480851e-02,nan,1.604696673189820455e-02,9.119373776908017148e-02,nan,nan,nan,nan,nan,1.565557729941247176e-03,9.784735812133016353e-03,nan,nan,nan,nan,nan,nan,nan,nan,nan,nan,nan,nan,nan,nan,nan,nan,nan,nan,1.487279843444222482e-02,nan,nan,nan,nan,nan,nan,nan
nan,nan,-1.145038167938983165e-03,nan,nan,nan,nan,nan,nan,nan,nan,nan,nan,nan,-2.099236641221380317e-02,nan,nan,nan,-8.396946564885543474e-03,nan,nan,nan,nan,-1.526717557251955435e-03,nan,nan,nan,-1.488549618320616011e-02,nan,nan,nan,-1.450381679389316572e-02,nan,-1.526717557251913195e-02,nan,nan,nan,7.633587786258999803e-04,nan,nan,nan,1.526717557251844413e-03,nan,nan,nan,nan,nan,nan,nan,nan,nan,nan,nan,nan,nan,nan,nan,-3.816793893129832860e-03,nan,nan,nan,nan,nan,nan,nan
nan,nan,-3.454894433781197181e-03,nan,nan,nan,nan,3.838771593089873591e-04,nan,nan,nan,nan,nan,nan,nan,nan,nan,nan,nan,nan,nan,nan,nan,1.957773512476004146e-02,nan,0.000000000000000000e+00,nan,8.061420345489423225e-03,-2.220446049250313204e-17,nan,3.838771593090095852e-04,nan,nan,7.293666026871359169e-03,nan,nan,nan,-1.151631477927095217e-03,nan,nan,nan,nan,nan,nan,nan,nan,nan,nan,nan,0.000000000000000000e+00,nan,nan,nan,nan,nan,nan,nan,nan,nan,nan,nan,nan,nan,nan,nan
