nan,nan,nan,nan,6.230529595015576582e-04,1.292834890965731953e-01,nan,nan,nan,nan,nan,nan,nan,nan,nan,nan,nan,nan,nan,nan,nan,nan,nan,nan,nan,nan,nan,nan,nan,-6.542056074766366795e-03,nan,nan,nan,nan,nan,nan,nan,nan,nan,nan,nan,nan,nan,nan,nan,nan,nan,nan,nan,nan,nan,nan,1.386292834890965608e-01,7.570093457943924409e-02,nan,nan,6.137071651090340169e-02,nan,nan,1.246105919003093199e-03,-1.526479750778817444e-02,9.999999999999995004e-02,nan,4.205607476635513098e-02,nan
0.000000000000000000e+00,nan,nan,nan,0.000000000000000000e+00,-6.191950464396356758e-04,nan,nan,nan,nan,nan,nan,nan,nan,nan,nan,nan,nan,nan,nan,nan,nan,nan,nan,nan,nan,nan,nan,nan,nan,nan,nan,nan,nan,nan,nan,nan,nan,nan,nan,nan,nan,nan,nan,nan,nan,nan,nan,nan,0.000000000000000000e+00,0.000000000000000000e+00,nan,0.000000000000000000e+00,0.000000000000000000e+00,nan,nan,nan,nan,nan,0.000000000000000000e+00,0.000000000000000000e+00,0.000000000000000000e+00,nan,nan,nan
0.000000000000000000e+00,nan,nan,nan,nan,0.000000000000000000e+00,nan,nan,nan,nan,-3.215434083601254262e-04,nan,nan,nan,nan,nan,nan,nan,nan,nan,nan,nan,nan,nan,nan,nan,nan,nan,nan,nan,nan,nan,nan,nan,nan,nan,nan,nan,nan,nan,nan,0.000000000000000000e+00,nan,nan,nan,nan,nan,nan,nan,nan,1.446945337620579933e-02,nan,0.000000000000000000e+00,0.000000000000000000e+00,nan,nan,nan,nan,nan,6.430868167202729701e-04,0.000000000000000000e+00,0.000000000000000000e+00,nan,nan,nan
0.000000000000000000e+00,nan,nan,nan,0.000000000000000000e+00,0.000000000000000000e+00,nan,nan,nan,nan,0.000000000000000000e+00,nan,nan,nan,nan,nan,nan,nan,nan,nan,nan,nan,nan,nan,nan,nan,nan,nan,nan,0.000000000000000000e+00,nan,nan,nan,nan,nan,nan,nan,nan,nan,nan,nan,nan,nan,nan,nan,nan,nan,nan,nan,nan,6.240249609984482859e-04,nan,nan,6.240249609984482859e-04,nan,nan,nan,nan,nan,6.240249609984482859e-04,6.240249609984482859e-04,1.560062402496109656e-03,nan,nan,nan
1.486068111455103244e-02,nan,nan,nan,nan,1.857585139318884693e-02,nan,nan,8.668730650154743769e-03,nan,nan,nan,4.643962848297178772e-03,nan,nan,nan,nan,nan,nan,nan,nan,nan,nan,nan,nan,nan,nan,nan,nan,nan,nan,nan,nan,nan,nan,nan,nan,nan,nan,nan,nan,nan,nan,nan,nan,nan,nan,nan,nan,nan,0.000000000000000000e+00,nan,-1.424148606811150887e-02,0.000000000000000000e+00,nan,nan,nan,nan,nan,-1.857585139318906810e-03,-9.287925696594756314e-04,7.430340557275516220e-03,nan,nan,nan
nan,nan,nan,nan,3.091190108191588346e-04,nan,nan,nan,nan,nan,nan,nan,nan,nan,nan,nan,nan,nan,nan,nan,nan,nan,nan,nan,nan,nan,nan,nan,nan,6.182380216383176691e-04,nan,nan,nan,nan,0.000000000000000000e+00,nan,nan,nan,nan,nan,nan,0.000000000000000000e+00,nan,nan,2.102009273570324549e-02,nan,nan,nan,nan,nan,1.085007727975270814e-01,nan,nan,2.163833075734158257e-02,nan,nan,nan,nan,nan,0.000000000000000000e+00,2.163833075734158257e-02,0.000000000000000000e+00,nan,nan,nan
nan,nan,nan,nan,nan,3.779527559055173656e-03,nan,nan,-9.952755905511807832e-02,nan,nan,nan,-9.984251968503936314e-02,nan,nan,nan,nan,nan,nan,nan,nan,nan,nan,nan,nan,nan,nan,nan,nan,nan,nan,nan,nan,nan,nan,nan,-9.322834645669286768e-02,nan,nan,nan,nan,nan,nan,nan,nan,nan,nan,nan,nan,nan,6.299212598425363513e-04,nan,-9.574803149606295194e-02,1.574803149606340824e-03,nan,nan,nan,nan,nan,0.000000000000000000e+00,3.149606299212681757e-04,-9.606299212598423676e-02,nan,nan,nan
nan,nan,nan,nan,nan,0.000000000000000000e+00,nan,nan,-2.269938650306746464e-02,nan,nan,nan,-2.361963190184046546e-02,nan,nan,nan,nan,nan,nan,nan,nan,nan,nan,nan,nan,nan,nan,nan,nan,nan,nan,nan,nan,nan,nan,nan,-8.282208588957029952e-03,nan,nan,nan,nan,0.000000000000000000e+00,nan,nan,nan,nan,nan,nan,nan,nan,nan,nan,-4.018404907975459128e-02,0.000000000000000000e+00,nan,nan,nan,nan,nan,-3.067484662576669407e-04,0.000000000000000000e+00,0.000000000000000000e+00,nan,nan,nan
nan,nan,nan,nan,nan,8.698315467075043439e-02,nan,nan,-6.891271056661563144e-02,nan,nan,nan,nan,nan,nan,nan,nan,nan,nan,nan,nan,nan,nan,nan,nan,nan,nan,nan,nan,-9.188361408882129034e-04,nan,nan,nan,nan,nan,nan,nan,nan,nan,nan,nan,3.062787136294042650e-04,nan,nan,nan,nan,nan,nan,nan,nan,9.188361408882129034e-04,nan,-6.370597243491578354e-02,-1.316998468606427400e-02,nan,nan,nan,nan,nan,0.000000000000000000e+00,-9.188361408882129034e-04,6.125574272588085300e-04,nan,nan,nan
-1.302325581395344899e-02,nan,nan,nan,-1.426356589147281806e-02,2.093023255813953598e-01,nan,nan,6.077519379844962405e-02,nan,nan,nan,nan,nan,nan,nan,nan,nan,nan,nan,nan,nan,nan,nan,nan,nan,nan,nan,nan,-1.302325581395349409e-02,nan,nan,nan,nan,nan,nan,nan,nan,nan,nan,nan,-1.581395348837211223e-02,nan,nan,nan,nan,nan,nan,nan,nan,nan,nan,nan,-1.395348837209304735e-02,nan,nan,nan,nan,nan,-4.651162790697660476e-03,-2.449612403100771482e-02,2.220446049250313204e-17,nan,nan,nan
nan,nan,nan,nan,nan,2.511773940345385456e-03,nan,nan,nan,nan,nan,nan,nan,nan,nan,nan,nan,nan,nan,nan,nan,nan,nan,nan,nan,nan,nan,nan,nan,nan,nan,nan,nan,nan,-3.139717425431731821e-04,nan,nan,nan,nan,nan,nan,-1.350078492935633499e-02,nan,nan,nan,nan,nan,nan,nan,nan,3.139717425431953540e-04,-7.252747252747251960e-02,-8.257456828885398337e-02,-1.255886970172692728e-03,nan,nan,nan,nan,nan,-8.791208791208759976e-03,-5.651491365777028264e-03,3.767660910518077968e-03,nan,nan,nan
0.000000000000000000e+00,nan,nan,nan,nan,0.000000000000000000e+00,0.000000000000000000e+00,nan,nan,nan,nan,nan,nan,nan,nan,0.000000000000000000e+00,nan,nan,nan,nan,nan,nan,nan,nan,nan,nan,nan,nan,nan,nan,nan,nan,nan,nan,nan,nan,nan,nan,nan,nan,nan,nan,nan,nan,nan,nan,nan,nan,nan,nan,-3.016591251885358815e-03,nan,0.000000000000000000e+00,0.000000000000000000e+00,nan,nan,nan,nan,nan,0.000000000000000000e+00,-6.033182503770717631e-04,0.000000000000000000e+00,nan,nan,nan
nan,nan,nan,nan,nan,8.946564885496184616e-02,nan,nan,nan,nan,nan,nan,nan,nan,nan,nan,nan,nan,nan,nan,nan,nan,nan,nan,nan,nan,nan,nan,nan,1.099236641221374919e-02,nan,nan,nan,nan,nan,nan,nan,nan,nan,nan,nan,2.137404580152673164e-02,nan,nan,0.000000000000000000e+00,nan,nan,nan,nan,nan,6.412213740458017064e-02,nan,0.000000000000000000e+00,5.679389312977101145e-02,nan,nan,nan,nan,nan,0.000000000000000000e+00,2.167938931297712715e-02,3.572519083969469961e-02,nan,nan,nan
8.774583963691396510e-03,nan,nan,nan,nan,1.558245083207261961e-01,nan,nan,nan,nan,nan,nan,nan,nan,nan,nan,nan,nan,nan,nan,nan,nan,nan,nan,nan,nan,nan,nan,nan,1.754916792738276873e-02,nan,nan,nan,nan,nan,nan,nan,nan,nan,nan,nan,6.354009077155842351e-03,nan,nan,6.959152798789716710e-02,nan,nan,nan,nan,nan,nan,nan,0.000000000000000000e+00,1.180030257186082121e-01,nan,nan,nan,nan,nan,4.236006051437217479e-02,1.210287443267787921e-03,0.000000000000000000e+00,nan,nan,nan
nan,nan,nan,nan,nan,6.740858505564388536e-02,nan,nan,nan,nan,nan,nan,nan,nan,nan,nan,nan,nan,nan,nan,nan,nan,nan,nan,nan,nan,nan,nan,nan,0.000000000000000000e+00,nan,nan,nan,nan,nan,nan,nan,nan,nan,nan,nan,0.000000000000000000e+00,nan,nan,0.000000000000000000e+00,nan,nan,nan,nan,nan,1.271860095389509750e-03,nan,0.000000000000000000e+00,3.211446740858505677e-01,nan,nan,nan,nan,nan,0.000000000000000000e+00,0.000000000000000000e+00,0.000000000000000000e+00,nan,nan,nan
-3.149606299212681757e-04,nan,nan,nan,nan,-1.574803149606340824e-03,nan,nan,nan,nan,-3.149606299212681757e-04,nan,nan,nan,nan,nan,nan,nan,nan,nan,nan,nan,nan,nan,nan,nan,nan,nan,nan,nan,nan,nan,nan,nan,6.614173228346431274e-03,nan,nan,nan,nan,nan,nan,nan,nan,nan,nan,nan,nan,nan,nan,nan,4.409448818897639122e-02,nan,-6.299212598425363513e-04,4.000000000000001471e-02,nan,nan,nan,nan,nan,-3.149606299212681757e-04,0.000000000000000000e+00,-3.149606299212681757e-04,nan,nan,nan
nan,nan,nan,nan,nan,1.083591331269351254e-02,nan,nan,0.000000000000000000e+00,nan,nan,nan,0.000000000000000000e+00,nan,nan,nan,nan,nan,nan,nan,nan,nan,nan,nan,nan,nan,nan,nan,nan,nan,nan,nan,nan,nan,nan,nan,0.000000000000000000e+00,nan,nan,nan,nan,nan,nan,nan,nan,nan,nan,nan,nan,nan,0.000000000000000000e+00,nan,0.000000000000000000e+00,0.000000000000000000e+00,nan,nan,nan,nan,nan,0.000000000000000000e+00,0.000000000000000000e+00,0.000000000000000000e+00,nan,nan,nan
nan,nan,nan,nan,nan,-2.816901408450700472e-02,nan,nan,nan,nan,nan,nan,nan,nan,nan,nan,nan,nan,nan,nan,nan,nan,nan,nan,nan,nan,nan,nan,nan,-8.450704225352035498e-03,nan,nan,nan,nan,2.003129890453836381e-02,nan,nan,nan,nan,nan,nan,nan,nan,nan,1.721439749608764253e-02,nan,nan,nan,nan,nan,1.408450704225356828e-02,nan,-3.035993740219089521e-02,2.566510172143976476e-02,nan,nan,nan,nan,nan,-7.511737089201808368e-03,3.442879499217532582e-03,1.126760563380284699e-02,nan,nan,nan
nan,nan,nan,nan,nan,2.194357366771160396e-03,nan,nan,nan,nan,nan,nan,6.269592476488838884e-04,nan,nan,9.404388714733525473e-03,nan,nan,nan,nan,nan,nan,nan,nan,nan,nan,nan,nan,nan,nan,nan,nan,nan,nan,-1.880877742946718235e-03,nan,nan,nan,nan,nan,nan,1.034482758620687212e-02,nan,nan,nan,nan,nan,nan,nan,nan,2.100313479623825558e-02,nan,nan,1.122257053291535883e-01,nan,nan,nan,nan,nan,-2.507836990595624458e-03,3.134796238244419442e-04,9.404388714733546289e-03,nan,nan,nan
0.000000000000000000e+00,nan,nan,nan,3.358778625954195358e-03,1.016793893129771253e-01,nan,nan,nan,nan,nan,nan,nan,nan,nan,nan,nan,nan,nan,nan,nan,nan,nan,nan,nan,nan,nan,nan,nan,3.053435114503732844e-04,nan,nan,nan,nan,nan,nan,nan,nan,nan,nan,nan,1.832061068702284159e-03,nan,nan,nan,nan,nan,nan,nan,nan,1.025954198473282286e-01,nan,nan,1.157251908396946527e-01,nan,nan,nan,nan,nan,3.358778625954195358e-03,0.000000000000000000e+00,6.717557251908390717e-03,nan,nan,nan
2.839506172839505529e-02,nan,nan,nan,3.086419753086411342e-03,nan,nan,nan,nan,nan,-2.777777777777790027e-03,nan,nan,nan,nan,nan,nan,nan,nan,nan,nan,nan,nan,nan,nan,nan,nan,nan,nan,-1.851851851851860162e-03,nan,nan,nan,nan,nan,nan,nan,nan,nan,nan,nan,4.012345679012341640e-03,nan,nan,nan,nan,nan,nan,nan,nan,-4.629629629629650189e-03,nan,nan,1.145061728395061762e-01,nan,nan,nan,nan,nan,-3.086419753086433460e-03,-6.172839506173088747e-04,8.024691358024683280e-03,nan,nan,nan
nan,nan,nan,nan,nan,6.299212598425363513e-04,nan,nan,nan,nan,nan,nan,nan,nan,nan,nan,nan,nan,nan,nan,nan,nan,nan,nan,nan,nan,nan,nan,nan,1.858267716535437833e-02,nan,nan,nan,nan,nan,nan,nan,nan,nan,nan,nan,1.259842519685041608e-02,nan,nan,nan,nan,nan,nan,nan,nan,0.000000000000000000e+00,nan,nan,1.259842519685072703e-03,nan,nan,1.162204724409448831e-01,nan,nan,-9.448818897637601289e-04,-4.629921259842517678e-02,-3.149606299212459495e-04,nan,1.130708661417323124e-01,nan
8.769230769230762501e-02,nan,nan,nan,nan,8.769230769230762501e-02,nan,nan,3.692307692307661426e-03,nan,nan,nan,1.230769230769213031e-03,nan,nan,nan,nan,nan,nan,nan,nan,nan,nan,nan,nan,nan,nan,nan,nan,nan,nan,nan,nan,nan,nan,nan,4.923076923076896358e-03,nan,nan,nan,nan,nan,nan,nan,nan,nan,nan,nan,nan,nan,nan,nan,-2.338461538461540298e-02,-7.692307692307776001e-03,nan,nan,nan,nan,nan,-1.538461538461555157e-03,-5.230769230769238484e-03,6.153846153846132157e-03,nan,nan,nan
0.000000000000000000e+00,nan,nan,nan,nan,0.000000000000000000e+00,nan,nan,nan,nan,0.000000000000000000e+00,nan,nan,nan,nan,nan,nan,nan,nan,9.800918836140893112e-03,nan,nan,nan,nan,nan,nan,nan,nan,nan,nan,nan,nan,nan,nan,nan,nan,nan,nan,nan,nan,nan,nan,nan,nan,nan,nan,nan,nan,nan,nan,-3.675344563552851614e-03,nan,0.000000000000000000e+00,0.000000000000000000e+00,nan,nan,nan,nan,nan,0.000000000000000000e+00,0.000000000000000000e+00,0.000000000000000000e+00,nan,nan,nan
0.000000000000000000e+00,nan,nan,nan,nan,1.904173106646058766e-01,nan,nan,nan,nan,nan,nan,nan,nan,nan,nan,nan,nan,nan,nan,nan,nan,nan,nan,nan,nan,nan,nan,nan,-3.709428129829994703e-03,nan,nan,nan,nan,nan,nan,nan,nan,nan,nan,nan,7.109737248840830408e-03,nan,nan,nan,nan,nan,nan,nan,nan,1.972179289026275151e-01,nan,-5.873261205564151051e-03,3.162287480680062157e-01,nan,nan,nan,nan,nan,8.346213292117465529e-03,-6.182380216383310048e-03,6.800618238021627175e-03,nan,nan,nan
nan,nan,nan,nan,7.350689127105658124e-03,8.790199081163856121e-02,nan,nan,nan,nan,nan,nan,nan,nan,nan,nan,nan,nan,nan,nan,nan,nan,nan,nan,nan,nan,nan,nan,nan,-1.087289433384380083e-01,nan,nan,nan,nan,nan,nan,nan,nan,nan,nan,nan,-9.678407350689130495e-02,nan,nan,nan,nan,nan,nan,nan,nan,nan,nan,-6.003062787136297096e-02,6.676875957120979865e-02,nan,nan,nan,nan,nan,-4.563552833078101528e-02,1.451761102603368880e-01,8.973966309341496750e-02,nan,nan,-5.513016845329299538e-03
2.880000000000015794e-03,nan,nan,nan,nan,1.920000000000010674e-03,nan,nan,0.000000000000000000e+00,nan,nan,nan,nan,nan,nan,nan,nan,nan,nan,nan,nan,nan,nan,nan,nan,nan,nan,nan,nan,nan,nan,nan,nan,nan,0.000000000000000000e+00,nan,nan,nan,nan,nan,nan,nan,nan,nan,nan,nan,nan,nan,nan,nan,2.272000000000002837e-02,nan,0.000000000000000000e+00,4.224000000000005528e-02,nan,nan,nan,nan,nan,0.000000000000000000e+00,0.000000000000000000e+00,0.000000000000000000e+00,nan,nan,nan
2.949852507375228081e-04,nan,nan,nan,-1.091445427728605574e-02,2.359882005899738375e-03,nan,nan,nan,nan,nan,nan,nan,nan,nan,nan,nan,nan,nan,nan,nan,nan,nan,nan,nan,nan,nan,nan,nan,-3.150442477876105318e-01,nan,nan,nan,nan,nan,nan,nan,nan,nan,nan,nan,-3.141592920353981633e-01,nan,nan,nan,nan,nan,nan,nan,nan,nan,nan,-1.994100294985250432e-01,-1.474926253687258802e-03,nan,nan,nan,nan,nan,-3.126843657817108824e-01,-6.489675516224102832e-03,2.220446049250313204e-17,nan,nan,nan
nan,nan,nan,nan,nan,0.000000000000000000e+00,nan,nan,0.000000000000000000e+00,nan,nan,nan,0.000000000000000000e+00,nan,nan,nan,nan,nan,nan,nan,nan,nan,nan,nan,nan,nan,nan,nan,nan,nan,nan,nan,nan,nan,nan,nan,0.000000000000000000e+00,nan,nan,nan,nan,nan,nan,nan,nan,nan,nan,nan,nan,nan,0.000000000000000000e+00,nan,0.000000000000000000e+00,0.000000000000000000e+00,nan,nan,nan,nan,nan,0.000000000000000000e+00,0.000000000000000000e+00,0.000000000000000000e+00,nan,nan,nan
nan,nan,nan,nan,nan,nan,nan,nan,2.211690363349072715e-03,nan,nan,nan,1.895734597156351108e-03,nan,nan,nan,nan,nan,nan,nan,nan,nan,nan,nan,nan,nan,nan,nan,nan,-1.263823064770974681e-03,nan,nan,nan,nan,1.706161137440753706e-02,nan,3.159557661927325789e-03,nan,nan,nan,nan,nan,nan,nan,-1.579778830963696288e-03,nan,nan,nan,nan,nan,3.159557661927303671e-03,nan,nan,7.361769352290672974e-02,nan,nan,nan,nan,nan,nan,-2.211690363349139068e-03,-3.159557661927436703e-04,nan,nan,nan
nan,nan,nan,nan,0.000000000000000000e+00,3.091190108191588346e-04,nan,nan,-8.655332302936646210e-03,nan,nan,nan,-8.655332302936625394e-03,nan,nan,nan,nan,nan,nan,nan,nan,nan,nan,nan,nan,nan,nan,nan,nan,nan,nan,nan,nan,nan,nan,nan,nan,nan,nan,nan,nan,nan,nan,nan,nan,nan,nan,nan,nan,nan,5.564142194744947818e-03,nan,-4.204018547140651180e-02,-9.582689335394144886e-03,nan,nan,nan,nan,nan,0.000000000000000000e+00,0.000000000000000000e+00,3.091190108191588346e-04,nan,nan,nan
-5.818181818181815401e-02,nan,nan,nan,nan,-5.909090909090906202e-02,nan,nan,nan,nan,-2.181818181818175745e-02,nan,-4.696969696969692520e-02,nan,nan,nan,nan,nan,nan,nan,nan,nan,nan,nan,nan,nan,nan,nan,nan,nan,nan,nan,nan,nan,nan,nan,nan,nan,nan,nan,nan,nan,nan,nan,nan,nan,nan,nan,nan,nan,9.090909090909149448e-03,nan,-5.909090909090908283e-02,-1.121212121212118371e-02,nan,nan,nan,nan,nan,-5.757575757575754405e-02,-3.575757575757574497e-02,-2.393939393939392701e-02,nan,nan,nan
4.369230769230771777e-02,nan,nan,nan,nan,-1.199999999999998811e-02,2.061538461538465691e-02,nan,nan,nan,4.092307692307699252e-02,nan,nan,nan,nan,nan,nan,nan,nan,nan,2.892307692307696104e-02,nan,nan,nan,nan,nan,nan,nan,nan,nan,nan,nan,nan,nan,nan,nan,nan,nan,nan,nan,nan,nan,nan,nan,nan,nan,nan,nan,nan,nan,nan,nan,-3.999999999999994532e-02,3.076923076923110314e-03,nan,nan,nan,nan,nan,-6.461538461538407496e-03,3.384615384615452440e-03,1.230769230769257483e-03,nan,nan,nan
nan,nan,nan,nan,nan,2.719033232628409631e-03,nan,nan,nan,nan,nan,nan,nan,nan,nan,nan,nan,nan,nan,nan,nan,nan,nan,nan,nan,nan,nan,nan,nan,2.114803625377636997e-03,nan,nan,nan,nan,nan,nan,nan,nan,nan,nan,nan,0.000000000000000000e+00,nan,nan,nan,nan,nan,1.277945619335347227e-01,nan,nan,3.253776435045317439e-01,nan,0.000000000000000000e+00,3.265861027190332111e-01,nan,nan,nan,nan,nan,6.314199395770392353e-02,6.646525679758308325e-02,0.000000000000000000e+00,nan,nan,nan
-9.160305343511643055e-04,nan,nan,nan,nan,8.458015267175569840e-02,nan,nan,nan,nan,-1.526717557251910983e-03,nan,nan,nan,nan,1.648854961832058041e-02,nan,nan,nan,nan,nan,nan,nan,nan,nan,nan,nan,nan,nan,nan,nan,nan,nan,nan,nan,nan,nan,nan,nan,nan,nan,1.343511450381678143e-02,nan,nan,nan,nan,nan,nan,nan,nan,nan,nan,-3.969465648854986380e-03,2.045801526717554511e-02,nan,nan,nan,nan,nan,-2.442748091603075180e-03,-5.190839694656501635e-03,2.625954198473281348e-02,nan,nan,nan
nan,nan,nan,nan,nan,0.000000000000000000e+00,nan,nan,0.000000000000000000e+00,nan,nan,nan,0.000000000000000000e+00,nan,nan,nan,nan,nan,nan,nan,nan,nan,nan,nan,nan,nan,nan,nan,nan,nan,nan,nan,nan,nan,nan,nan,0.000000000000000000e+00,nan,nan,nan,nan,0.000000000000000000e+00,nan,nan,nan,nan,nan,nan,nan,nan,nan,nan,-6.220839813374845484e-03,-6.220839813374845484e-03,nan,nan,nan,nan,nan,-2.488335925349938107e-03,-1.244167962674969053e-03,-2.488335925349938107e-03,nan,nan,nan
-1.508295625942679408e-03,nan,nan,nan,-1.508295625942679408e-03,-1.508295625942679408e-03,nan,nan,-1.206636500754143526e-03,nan,-1.508295625942679408e-03,nan,-3.016591251885358815e-04,nan,nan,nan,nan,nan,nan,nan,nan,nan,nan,nan,nan,nan,nan,nan,nan,nan,nan,nan,nan,nan,nan,nan,nan,nan,nan,nan,nan,nan,nan,nan,nan,nan,nan,nan,nan,nan,3.016591251885380933e-03,nan,nan,3.921568627450966460e-03,nan,nan,nan,nan,nan,-9.049773755656076446e-04,nan,-1.508295625942679408e-03,nan,nan,nan
-3.413848631239935205e-02,nan,nan,nan,-1.288244766505641748e-03,-4.315619967793880157e-02,nan,nan,nan,nan,-1.964573268921092700e-02,nan,nan,nan,nan,nan,nan,nan,nan,nan,nan,nan,nan,nan,nan,nan,nan,nan,nan,nan,nan,nan,nan,nan,nan,nan,nan,nan,nan,nan,nan,nan,nan,nan,nan,nan,nan,nan,nan,nan,1.610305958132052240e-03,nan,-5.088566827697262734e-02,-1.159420289855077682e-02,nan,nan,nan,nan,nan,0.000000000000000000e+00,3.220611916264104371e-04,-1.288244766505632945e-02,nan,nan,nan
nan,nan,nan,nan,nan,5.139318885448920099e-02,nan,nan,nan,nan,nan,nan,nan,nan,nan,nan,nan,nan,nan,nan,nan,nan,nan,nan,nan,nan,nan,nan,nan,nan,nan,nan,nan,nan,-1.671826625386991713e-02,nan,nan,nan,nan,nan,nan,nan,nan,nan,nan,nan,nan,nan,nan,nan,6.191950464396800196e-04,nan,5.077399380804958895e-02,-4.024767801857542446e-03,nan,nan,4.440892098500626408e-17,nan,nan,-4.334365325077360609e-03,-6.191950464396245302e-03,7.430340557275561322e-03,nan,-1.857585139318818123e-03,nan
-1.159874608150468500e-02,nan,nan,nan,nan,7.836990595611292854e-02,nan,nan,-6.583072100313414401e-03,nan,nan,nan,-9.090909090909038426e-03,nan,nan,nan,nan,nan,nan,nan,nan,nan,nan,nan,nan,nan,nan,nan,nan,nan,nan,nan,nan,nan,nan,nan,nan,nan,nan,nan,nan,nan,nan,nan,nan,nan,nan,nan,nan,nan,0.000000000000000000e+00,nan,-2.821316614419977498e-03,7.993730407523513826e-02,nan,nan,nan,nan,nan,-9.404388714733258325e-04,-3.134796238243975461e-04,3.134796238244641703e-04,nan,nan,nan
nan,nan,nan,nan,-6.382978723404186469e-03,nan,nan,nan,nan,nan,nan,nan,nan,nan,nan,-2.899696048632218193e-01,nan,nan,nan,nan,nan,nan,nan,nan,nan,nan,nan,nan,nan,-4.468085106382975458e-02,nan,nan,nan,nan,nan,nan,nan,nan,nan,nan,nan,-2.924012158054710708e-01,nan,nan,nan,nan,nan,nan,nan,nan,-7.294832826747676621e-03,nan,-4.984802431610937251e-02,3.039513677811856102e-04,nan,nan,nan,nan,nan,-2.765957446808506998e-02,-3.647416413373805351e-03,-7.294832826747676621e-03,nan,nan,nan
nan,nan,nan,nan,nan,6.761006289308175987e-02,nan,nan,nan,nan,nan,nan,nan,nan,nan,nan,nan,nan,nan,nan,nan,nan,nan,nan,nan,nan,nan,nan,nan,9.433962264151051890e-04,nan,nan,nan,nan,0.000000000000000000e+00,nan,nan,nan,nan,nan,nan,9.433962264151051890e-04,nan,nan,nan,nan,nan,nan,nan,nan,6.603773584905714422e-03,nan,5.849056603773585689e-02,6.289308176100849796e-04,nan,nan,nan,nan,nan,0.000000000000000000e+00,9.433962264151051890e-04,0.000000000000000000e+00,nan,nan,nan
nan,nan,nan,nan,5.979073243647214930e-03,8.968609865470789436e-03,nan,nan,nan,nan,nan,nan,nan,nan,nan,3.288490284005973936e-03,nan,nan,nan,nan,nan,nan,nan,nan,nan,nan,nan,nan,nan,nan,nan,nan,nan,nan,nan,nan,nan,nan,nan,nan,nan,nan,nan,nan,nan,nan,nan,nan,nan,2.989536621823596189e-03,4.992526158445435847e-02,nan,0.000000000000000000e+00,4.065769805680112536e-02,nan,nan,nan,nan,nan,0.000000000000000000e+00,5.381165919282504539e-03,0.000000000000000000e+00,nan,nan,nan
nan,nan,nan,nan,nan,-3.602484472049691938e-02,nan,nan,-5.434782608695654105e-02,nan,-5.434782608695654105e-02,nan,-5.434782608695654105e-02,nan,nan,nan,nan,nan,nan,nan,nan,nan,nan,nan,nan,nan,nan,nan,nan,nan,nan,nan,nan,nan,nan,nan,nan,nan,nan,nan,nan,nan,nan,nan,nan,nan,nan,nan,nan,nan,3.695652173913040184e-02,nan,-5.434782608695654105e-02,2.701863354037268433e-02,nan,nan,nan,nan,nan,-5.434782608695654105e-02,-5.434782608695654105e-02,-3.757763975155281599e-02,nan,nan,nan
nan,nan,nan,nan,nan,-4.155038759689919786e-02,nan,nan,nan,nan,-3.100775193798448529e-02,nan,nan,nan,nan,nan,nan,nan,nan,nan,nan,nan,nan,nan,nan,nan,nan,nan,nan,nan,nan,nan,nan,nan,nan,nan,nan,nan,nan,nan,nan,-4.403100775193795335e-02,nan,nan,-2.201550387596897668e-02,nan,nan,nan,nan,nan,-4.341085271317823846e-03,nan,-4.155038759689919786e-02,-1.085271317829454921e-02,nan,nan,nan,nan,nan,-7.441860465116278620e-03,-4.713178294573643068e-02,-2.914728682170539958e-02,nan,nan,nan
1.596244131455402254e-02,nan,nan,nan,nan,4.068857589984364691e-03,nan,nan,nan,nan,nan,nan,nan,nan,nan,1.971830985915496923e-02,nan,nan,nan,1.877934272300474383e-02,1.877934272300474383e-02,nan,nan,nan,nan,nan,nan,nan,nan,nan,nan,nan,nan,nan,nan,nan,nan,nan,nan,nan,nan,nan,nan,nan,nan,nan,nan,nan,nan,nan,4.381846635367780962e-03,nan,nan,4.068857589984387242e-03,nan,nan,nan,nan,nan,1.564945226917058372e-03,2.816901408450744708e-03,1.877934272300474383e-02,nan,nan,nan
nan,nan,nan,nan,4.049079754601229986e-02,3.895705521472392352e-02,nan,nan,nan,nan,nan,nan,nan,nan,nan,nan,nan,nan,nan,nan,nan,nan,nan,nan,nan,nan,nan,nan,nan,3.036809815950922836e-02,nan,nan,nan,nan,nan,nan,nan,nan,nan,nan,nan,nan,nan,nan,nan,nan,nan,nan,nan,nan,6.380368098159514001e-02,nan,5.092024539877302441e-02,9.570552147239266838e-02,nan,nan,nan,nan,nan,1.165644171779140967e-02,2.024539877300614993e-02,1.104294478527607579e-02,nan,nan,9.815950920245408023e-03
nan,nan,nan,nan,nan,-7.776049766718551651e-03,nan,nan,8.087091757387176658e-03,nan,nan,nan,8.709175738724695554e-03,nan,nan,nan,nan,nan,nan,nan,nan,nan,nan,nan,nan,nan,nan,nan,nan,-7.776049766718529099e-03,nan,nan,nan,nan,nan,nan,nan,nan,nan,nan,nan,nan,nan,nan,nan,nan,nan,nan,nan,nan,1.244167962674946936e-03,nan,-4.790046656298600769e-02,-3.110419906687811320e-04,nan,nan,nan,nan,nan,-1.555209953343705733e-03,-1.555209953343794638e-03,-3.110419906687589059e-04,nan,nan,nan
0.000000000000000000e+00,nan,nan,nan,nan,-9.331259720062323737e-04,0.000000000000000000e+00,nan,nan,nan,-6.220839813374734678e-04,nan,2.488335925349915989e-03,nan,nan,2.177293934681179093e-03,nan,nan,nan,nan,nan,nan,nan,nan,nan,nan,nan,nan,nan,nan,nan,nan,nan,nan,nan,nan,nan,nan,nan,nan,nan,nan,nan,nan,nan,nan,nan,nan,nan,nan,5.287713841368546323e-03,nan,nan,6.842923794712296726e-03,nan,nan,nan,nan,nan,nan,1.244167962674969053e-03,0.000000000000000000e+00,nan,nan,nan
nan,nan,nan,nan,0.000000000000000000e+00,3.169572107765583516e-04,nan,nan,nan,nan,1.267828843106188954e-03,nan,nan,nan,nan,nan,nan,nan,nan,nan,nan,nan,nan,nan,nan,nan,nan,nan,nan,0.000000000000000000e+00,nan,nan,nan,nan,nan,nan,nan,nan,nan,nan,nan,nan,nan,nan,nan,nan,nan,nan,nan,nan,6.402535657686211912e-02,nan,0.000000000000000000e+00,4.944532488114106172e-02,nan,nan,nan,nan,nan,1.204437400950872893e-02,0.000000000000000000e+00,3.169572107765583516e-04,nan,nan,nan
8.737864077669943094e-03,nan,nan,nan,5.177993527508117574e-03,0.000000000000000000e+00,9.708737864078109681e-04,nan,nan,nan,-1.618122977346203584e-03,nan,nan,nan,nan,nan,nan,nan,nan,nan,-6.472491909384591856e-04,nan,nan,nan,nan,nan,nan,nan,nan,1.941747572815533032e-03,nan,nan,nan,nan,nan,nan,nan,nan,nan,nan,nan,nan,nan,nan,nan,nan,nan,nan,nan,nan,nan,nan,nan,nan,nan,nan,nan,nan,nan,9.708737864077665158e-04,9.708737864077665158e-04,7.443365695792935818e-03,nan,nan,nan
0.000000000000000000e+00,nan,nan,nan,0.000000000000000000e+00,0.000000000000000000e+00,nan,nan,nan,nan,nan,nan,nan,nan,nan,nan,nan,nan,nan,nan,nan,nan,nan,nan,nan,nan,nan,nan,nan,nan,nan,nan,nan,nan,0.000000000000000000e+00,nan,nan,nan,nan,nan,nan,nan,nan,nan,nan,nan,nan,nan,nan,nan,6.172839506172866485e-04,nan,0.000000000000000000e+00,0.000000000000000000e+00,nan,nan,nan,nan,nan,0.000000000000000000e+00,0.000000000000000000e+00,0.000000000000000000e+00,nan,nan,nan
nan,nan,nan,nan,-2.450229709035212002e-03,0.000000000000000000e+00,nan,nan,nan,nan,nan,nan,nan,nan,nan,nan,nan,nan,nan,nan,nan,nan,nan,nan,nan,nan,nan,nan,nan,1.071975497702908411e-02,nan,nan,nan,nan,nan,nan,nan,nan,nan,nan,nan,0.000000000000000000e+00,nan,nan,0.000000000000000000e+00,nan,nan,nan,nan,nan,3.460949464012250815e-02,nan,nan,9.372128637059724821e-02,nan,nan,nan,nan,nan,4.165390505359878315e-02,0.000000000000000000e+00,0.000000000000000000e+00,nan,nan,nan
nan,nan,nan,nan,nan,8.116385911179169188e-02,nan,nan,1.071975497702915003e-02,nan,nan,nan,6.431852986217489673e-03,nan,nan,nan,nan,nan,nan,nan,nan,nan,nan,nan,nan,nan,nan,nan,nan,nan,nan,nan,nan,nan,nan,nan,nan,nan,nan,nan,nan,-2.143950995405830180e-03,nan,nan,nan,nan,nan,nan,nan,nan,0.000000000000000000e+00,nan,-1.837672281776416700e-02,1.255742725880550949e-02,nan,nan,nan,nan,nan,0.000000000000000000e+00,3.062787136294042650e-04,6.125574272588085300e-04,nan,nan,nan
nan,nan,nan,nan,nan,0.000000000000000000e+00,nan,nan,6.521739130434811745e-03,nan,nan,nan,0.000000000000000000e+00,nan,nan,nan,nan,nan,nan,nan,nan,nan,nan,nan,nan,nan,nan,nan,nan,nan,nan,nan,nan,nan,nan,nan,nan,nan,nan,nan,nan,0.000000000000000000e+00,nan,nan,nan,nan,nan,nan,nan,nan,1.024844720496900265e-02,nan,0.000000000000000000e+00,1.024844720496900265e-02,nan,nan,nan,nan,nan,0.000000000000000000e+00,0.000000000000000000e+00,1.863354037267095451e-03,nan,nan,nan
nan,nan,nan,nan,nan,nan,nan,nan,2.840059790732429867e-02,nan,5.979073243647103908e-04,nan,2.929745889387138508e-02,nan,nan,nan,nan,nan,nan,nan,nan,nan,nan,nan,nan,nan,nan,nan,nan,5.979073243647103908e-04,nan,nan,nan,nan,nan,nan,2.989536621823611975e-02,nan,nan,nan,nan,0.000000000000000000e+00,nan,nan,nan,nan,nan,nan,nan,nan,nan,nan,1.494768310911775977e-03,8.968609865469990162e-04,nan,nan,nan,nan,nan,5.979073243647103908e-04,0.000000000000000000e+00,nan,nan,nan,nan
0.000000000000000000e+00,nan,nan,nan,nan,0.000000000000000000e+00,nan,nan,nan,nan,0.000000000000000000e+00,nan,nan,nan,nan,nan,nan,nan,nan,nan,nan,nan,nan,nan,nan,nan,nan,nan,nan,nan,nan,nan,nan,nan,0.000000000000000000e+00,nan,nan,nan,nan,nan,nan,0.000000000000000000e+00,nan,nan,nan,nan,nan,nan,nan,nan,6.240249609984396123e-02,nan,nan,0.000000000000000000e+00,nan,nan,nan,nan,nan,0.000000000000000000e+00,0.000000000000000000e+00,0.000000000000000000e+00,nan,nan,nan
0.000000000000000000e+00,nan,nan,nan,0.000000000000000000e+00,0.000000000000000000e+00,nan,nan,0.000000000000000000e+00,nan,nan,nan,0.000000000000000000e+00,nan,nan,0.000000000000000000e+00,nan,nan,nan,nan,nan,nan,nan,nan,nan,nan,nan,nan,nan,nan,nan,nan,nan,nan,nan,nan,nan,nan,nan,nan,nan,nan,nan,nan,nan,nan,nan,nan,nan,nan,0.000000000000000000e+00,nan,nan,0.000000000000000000e+00,nan,nan,nan,nan,nan,nan,0.000000000000000000e+00,0.000000000000000000e+00,nan,nan,nan
-9.216589861750668512e-04,nan,nan,nan,nan,-9.216589861750668512e-04,nan,nan,nan,nan,nan,nan,nan,nan,nan,nan,nan,nan,nan,nan,nan,nan,nan,nan,nan,nan,nan,nan,nan,-1.228878648233422324e-03,nan,nan,nan,nan,-1.536098310291778013e-03,nan,nan,nan,nan,nan,nan,-1.228878648233422324e-03,nan,nan,nan,nan,nan,nan,nan,nan,-8.909370199692689257e-03,nan,nan,-6.144393241167378332e-03,nan,nan,nan,nan,nan,3.072196620583733835e-03,1.843317972350288960e-03,-3.072196620583555809e-04,nan,nan,nan
4.342507645259936766e-02,nan,nan,nan,0.000000000000000000e+00,1.223241590214030339e-03,nan,nan,nan,nan,nan,nan,nan,nan,nan,1.162079510703362129e-02,nan,nan,nan,nan,nan,nan,nan,nan,nan,nan,nan,nan,nan,nan,nan,nan,nan,nan,2.752293577981635049e-03,nan,nan,nan,nan,nan,nan,nan,nan,nan,9.174311926605227541e-04,nan,nan,nan,nan,nan,nan,nan,nan,6.116207951070151694e-04,nan,nan,nan,nan,nan,9.174311926605227541e-04,9.174311926605227541e-04,7.492354740061160645e-02,nan,nan,nan
0.000000000000000000e+00,nan,nan,nan,nan,0.000000000000000000e+00,nan,nan,nan,nan,nan,nan,nan,nan,nan,0.000000000000000000e+00,nan,nan,nan,nan,nan,nan,nan,nan,nan,nan,nan,nan,nan,nan,nan,nan,nan,nan,0.000000000000000000e+00,nan,nan,nan,nan,nan,nan,nan,nan,nan,nan,nan,nan,nan,nan,nan,0.000000000000000000e+00,nan,0.000000000000000000e+00,-1.562500000000000087e-03,nan,nan,nan,nan,nan,0.000000000000000000e+00,0.000000000000000000e+00,0.000000000000000000e+00,nan,nan,nan
4.984423676012506368e-03,nan,nan,nan,nan,-3.551401869158878760e-02,nan,nan,nan,nan,-4.859813084112150211e-02,nan,nan,nan,nan,nan,nan,nan,nan,nan,4.440892098500626408e-17,nan,nan,nan,nan,nan,nan,nan,nan,nan,nan,nan,nan,nan,nan,nan,nan,nan,nan,nan,nan,3.115264797507899422e-04,nan,nan,nan,nan,nan,nan,nan,nan,nan,nan,-6.448598130841121101e-02,-2.367601246105914894e-02,nan,nan,nan,nan,nan,6.230529595015576582e-04,6.230529595015798843e-04,9.345794392523698807e-04,nan,nan,nan
-2.137404580152668654e-02,nan,nan,nan,nan,-2.229007633587782797e-02,nan,nan,nan,nan,-2.137404580152668654e-02,nan,nan,nan,nan,nan,nan,nan,nan,-3.053435114503511125e-04,nan,nan,nan,nan,nan,nan,nan,nan,nan,nan,nan,nan,nan,nan,nan,nan,nan,nan,nan,nan,nan,nan,nan,nan,nan,nan,nan,nan,nan,nan,-2.961832061068701144e-02,nan,-2.687022900763356287e-02,-1.007633587786263031e-02,nan,nan,nan,nan,nan,-6.106870229007465688e-04,-5.801526717557270105e-03,-2.137404580152668654e-02,nan,nan,nan
nan,nan,nan,nan,nan,-9.259259259259300379e-03,nan,nan,-7.716049382716083649e-03,nan,nan,nan,-2.777777777777812145e-03,nan,nan,nan,nan,nan,nan,nan,nan,nan,nan,nan,nan,nan,nan,nan,nan,nan,nan,nan,nan,nan,2.469135802469137747e-02,nan,-6.172839506173311008e-04,nan,nan,nan,nan,nan,nan,nan,nan,nan,nan,nan,nan,nan,2.932098765432100684e-02,nan,-9.259259259259300379e-03,2.592592592592592865e-02,nan,nan,nan,nan,nan,1.419753086419752765e-02,-9.259259259259300812e-04,nan,nan,nan,nan
nan,nan,nan,nan,0.000000000000000000e+00,2.273425499231951363e-02,nan,nan,nan,nan,nan,nan,nan,nan,nan,nan,nan,nan,nan,nan,nan,nan,nan,nan,nan,nan,nan,nan,nan,0.000000000000000000e+00,nan,nan,nan,nan,nan,nan,nan,nan,nan,nan,nan,0.000000000000000000e+00,nan,nan,nan,nan,nan,2.242703533026113583e-02,nan,nan,2.304147465437789144e-02,nan,nan,0.000000000000000000e+00,nan,nan,nan,nan,nan,0.000000000000000000e+00,0.000000000000000000e+00,0.000000000000000000e+00,nan,nan,nan
nan,nan,nan,nan,3.072196620583555809e-04,0.000000000000000000e+00,nan,nan,nan,nan,0.000000000000000000e+00,nan,nan,nan,nan,nan,nan,nan,nan,nan,nan,nan,nan,nan,nan,nan,nan,nan,nan,0.000000000000000000e+00,nan,nan,nan,nan,nan,nan,nan,nan,nan,nan,nan,nan,nan,nan,nan,nan,nan,nan,nan,nan,3.072196620583667048e-03,nan,0.000000000000000000e+00,0.000000000000000000e+00,nan,nan,nan,nan,nan,0.000000000000000000e+00,0.000000000000000000e+00,0.000000000000000000e+00,nan,nan,nan
3.395061728395076892e-03,nan,nan,nan,nan,-3.086419753086322437e-03,nan,nan,-4.629629629629539167e-03,nan,nan,nan,-4.629629629629539167e-03,nan,nan,nan,nan,nan,nan,nan,nan,nan,nan,nan,nan,nan,nan,nan,nan,nan,nan,nan,nan,nan,nan,nan,nan,nan,nan,nan,nan,nan,nan,nan,nan,nan,nan,nan,nan,nan,1.851851851851860162e-03,nan,-2.469135802469135665e-02,-7.716049382715972627e-03,nan,nan,nan,nan,nan,0.000000000000000000e+00,0.000000000000000000e+00,1.543209876543216730e-03,nan,nan,nan
nan,nan,nan,nan,nan,1.560062402496065204e-03,nan,nan,6.240249609984371837e-03,nan,nan,nan,5.616224648985946102e-03,nan,nan,nan,nan,nan,nan,nan,nan,nan,nan,nan,nan,nan,nan,nan,nan,nan,nan,nan,nan,nan,2.808112324492983893e-03,nan,nan,nan,nan,nan,nan,nan,nan,nan,nan,nan,nan,nan,nan,nan,3.120124804992130407e-03,nan,-3.244929797191893617e-02,3.120124804992130407e-03,nan,nan,nan,nan,nan,1.560062402496087321e-03,1.560062402496087321e-03,3.120124804992174643e-03,nan,nan,nan
nan,nan,nan,nan,nan,0.000000000000000000e+00,nan,nan,0.000000000000000000e+00,nan,nan,nan,0.000000000000000000e+00,nan,nan,nan,nan,nan,nan,nan,nan,nan,nan,nan,nan,nan,nan,nan,nan,0.000000000000000000e+00,nan,nan,nan,nan,nan,nan,nan,nan,nan,nan,nan,0.000000000000000000e+00,nan,nan,nan,nan,nan,nan,nan,nan,0.000000000000000000e+00,nan,nan,0.000000000000000000e+00,nan,nan,nan,nan,nan,0.000000000000000000e+00,0.000000000000000000e+00,0.000000000000000000e+00,nan,nan,nan
nan,nan,nan,nan,3.884673748103182472e-02,3.793626707132013998e-02,3.520485584218513431e-02,nan,nan,nan,2.640364188163881604e-02,nan,nan,nan,nan,1.790591805766312758e-02,nan,nan,nan,nan,nan,nan,nan,nan,nan,nan,nan,nan,nan,3.823975720789070387e-02,nan,nan,nan,nan,nan,nan,nan,nan,nan,nan,nan,nan,nan,nan,nan,nan,nan,nan,nan,nan,nan,nan,nan,3.732928679817901912e-02,nan,nan,nan,nan,nan,9.104704097116833594e-03,3.581183611532621353e-02,4.066767830045518728e-02,nan,nan,nan
nan,nan,nan,nan,0.000000000000000000e+00,3.400309119010835705e-03,nan,nan,nan,nan,nan,nan,3.400309119010835705e-03,nan,nan,nan,nan,nan,nan,nan,nan,nan,nan,nan,nan,nan,nan,nan,nan,nan,nan,nan,nan,nan,9.273570324574986756e-03,nan,nan,nan,nan,nan,nan,nan,nan,nan,nan,nan,nan,nan,nan,nan,5.873261205564172735e-03,nan,-2.874806800618234792e-02,4.636785162287493378e-03,nan,nan,nan,nan,nan,6.182380216383398953e-04,3.091190108191699260e-03,0.000000000000000000e+00,nan,nan,nan
nan,nan,nan,nan,-1.103448275862068950e-01,8.515742128935535615e-02,nan,nan,nan,nan,-1.139430284857571030e-01,nan,nan,nan,nan,nan,nan,nan,nan,nan,nan,nan,nan,nan,nan,nan,nan,nan,nan,nan,nan,nan,nan,nan,nan,nan,nan,nan,nan,nan,nan,-1.217391304347825998e-01,nan,nan,nan,nan,nan,nan,nan,nan,nan,nan,2.938530734632684854e-02,5.397301349325323190e-03,nan,nan,nan,nan,nan,-7.046476761619191453e-02,-1.049475262368815692e-01,-8.995502248875242302e-04,nan,-1.259370314842578886e-01,nan
nan,nan,nan,nan,nan,2.638036809815948874e-02,nan,nan,-9.202453987730008222e-04,nan,nan,nan,nan,nan,nan,nan,nan,nan,nan,nan,nan,nan,nan,nan,nan,nan,nan,nan,nan,-9.202453987730008222e-04,nan,nan,nan,nan,nan,nan,nan,nan,nan,nan,nan,-1.533742331288334704e-03,nan,nan,nan,nan,nan,nan,nan,nan,6.748466257668708779e-02,nan,6.748466257668716932e-03,4.999999999999997502e-02,nan,nan,nan,nan,nan,-6.134969325153338815e-04,1.196319018404907661e-02,1.104294478527607579e-02,nan,nan,nan
-1.869158878504628739e-03,nan,nan,nan,nan,-2.803738317756998728e-03,-7.476635514018647663e-03,nan,nan,nan,-1.059190031152643617e-02,nan,-5.295950155763206810e-03,nan,nan,nan,nan,nan,nan,nan,nan,nan,nan,nan,nan,nan,nan,nan,nan,nan,nan,nan,nan,nan,nan,nan,nan,nan,nan,nan,nan,nan,nan,nan,nan,nan,nan,nan,nan,nan,nan,nan,-4.922118380062303483e-02,-5.295950155763206810e-03,nan,nan,nan,nan,nan,-1.557632398753838743e-03,-4.049844236760091927e-03,-2.492211838006230633e-03,nan,nan,nan
nan,nan,nan,nan,0.000000000000000000e+00,0.000000000000000000e+00,nan,nan,nan,nan,nan,nan,nan,nan,nan,nan,nan,nan,nan,nan,nan,nan,nan,nan,nan,nan,nan,nan,nan,8.801213960546273168e-03,nan,nan,nan,nan,0.000000000000000000e+00,nan,nan,nan,nan,nan,nan,nan,nan,nan,nan,nan,nan,nan,nan,nan,1.001517450682851661e-02,nan,0.000000000000000000e+00,0.000000000000000000e+00,nan,nan,nan,nan,nan,0.000000000000000000e+00,0.000000000000000000e+00,0.000000000000000000e+00,nan,nan,nan
6.471494607087823966e-03,nan,nan,nan,nan,0.000000000000000000e+00,0.000000000000000000e+00,nan,nan,nan,nan,nan,nan,nan,nan,0.000000000000000000e+00,nan,nan,nan,nan,nan,nan,nan,nan,nan,nan,nan,nan,nan,nan,nan,nan,nan,nan,nan,nan,nan,nan,nan,nan,nan,nan,nan,nan,nan,nan,nan,nan,nan,nan,7.704160246533131411e-03,nan,0.000000000000000000e+00,0.000000000000000000e+00,nan,nan,nan,nan,nan,0.000000000000000000e+00,1.540832049306617392e-03,0.000000000000000000e+00,nan,nan,nan
nan,nan,nan,nan,-9.331259720062146795e-03,-2.643856920684284351e-02,nan,nan,nan,nan,nan,nan,-1.710730948678065161e-02,nan,nan,nan,nan,nan,nan,nan,nan,nan,nan,nan,nan,nan,nan,nan,nan,-2.146189735614301153e-02,nan,nan,nan,nan,nan,nan,nan,nan,nan,nan,nan,nan,nan,nan,nan,nan,nan,nan,nan,nan,-3.110419906687367339e-04,nan,-2.643856920684284351e-02,1.337480559875585742e-02,nan,nan,nan,nan,nan,-5.287713841368546323e-03,6.220839813374956940e-04,1.244167962674991388e-03,nan,nan,nan
nan,nan,nan,nan,nan,4.477611940298520735e-03,nan,nan,0.000000000000000000e+00,nan,nan,nan,0.000000000000000000e+00,nan,nan,nan,nan,nan,nan,nan,nan,nan,nan,nan,nan,nan,nan,nan,nan,nan,nan,nan,nan,nan,nan,nan,0.000000000000000000e+00,nan,nan,nan,nan,nan,nan,nan,nan,nan,nan,nan,nan,nan,1.910447761194027441e-02,nan,0.000000000000000000e+00,2.447761194029853676e-02,nan,nan,nan,nan,nan,0.000000000000000000e+00,0.000000000000000000e+00,3.880597014925379895e-03,nan,nan,nan
nan,nan,nan,nan,nan,1.696969696969690203e-02,nan,nan,5.757575757575694904e-03,nan,4.545454545454519213e-03,nan,-3.030303030303071934e-03,nan,nan,3.939393939393865014e-03,nan,nan,nan,-1.878787878787886376e-02,-3.848484848484858695e-02,nan,nan,nan,nan,nan,nan,nan,nan,nan,nan,nan,nan,nan,nan,nan,nan,nan,nan,nan,nan,nan,nan,nan,nan,nan,nan,nan,nan,nan,nan,nan,-6.515151515151518247e-02,-4.333333333333337645e-02,nan,nan,nan,nan,nan,nan,nan,6.363636363636304867e-03,nan,nan,nan
nan,nan,nan,nan,nan,0.000000000000000000e+00,nan,nan,0.000000000000000000e+00,nan,nan,nan,0.000000000000000000e+00,nan,nan,nan,nan,nan,nan,nan,nan,nan,nan,nan,nan,nan,nan,nan,nan,nan,nan,nan,nan,nan,nan,nan,nan,nan,nan,nan,nan,0.000000000000000000e+00,nan,nan,nan,nan,nan,nan,nan,nan,6.983154670750382764e-02,nan,0.000000000000000000e+00,5.421133231240433947e-02,nan,nan,nan,nan,nan,0.000000000000000000e+00,0.000000000000000000e+00,0.000000000000000000e+00,nan,nan,nan
4.680187207488306633e-03,nan,nan,nan,nan,4.149765990639622121e-02,nan,nan,-4.992199687987563736e-03,nan,nan,nan,-4.368174726989138001e-03,nan,nan,nan,nan,nan,nan,nan,nan,nan,nan,nan,nan,nan,nan,nan,nan,nan,nan,nan,nan,nan,nan,nan,nan,nan,nan,nan,nan,nan,nan,nan,nan,nan,nan,nan,nan,nan,9.360374414976391439e-04,nan,-3.120124804992263547e-03,-1.092043681747278949e-02,nan,nan,nan,nan,nan,-3.120124804992796541e-04,3.120124804991908580e-04,3.432137285491365826e-03,nan,nan,nan
3.053435114503732844e-04,nan,nan,nan,nan,-7.938931297709927656e-03,nan,nan,nan,nan,0.000000000000000000e+00,nan,nan,nan,nan,nan,nan,nan,nan,nan,nan,nan,nan,nan,nan,nan,nan,nan,nan,nan,nan,nan,nan,nan,nan,nan,nan,nan,nan,nan,nan,0.000000000000000000e+00,nan,nan,nan,nan,nan,nan,nan,-3.969465648854986380e-03,-1.801526717557253715e-02,nan,nan,-1.832061068702293266e-02,nan,nan,nan,nan,nan,-3.053435114503955106e-04,0.000000000000000000e+00,0.000000000000000000e+00,nan,nan,nan
nan,nan,nan,nan,nan,-2.363367799113735845e-02,nan,nan,nan,nan,nan,nan,nan,nan,nan,nan,nan,nan,nan,nan,nan,nan,nan,nan,nan,nan,nan,nan,nan,-1.772525849335300149e-02,nan,nan,nan,nan,-1.624815361890692353e-02,nan,nan,nan,nan,nan,nan,-1.920236336779910374e-02,nan,nan,-2.363367799113735845e-02,nan,nan,nan,nan,nan,4.726735598227449486e-03,nan,-2.363367799113735845e-02,9.158050221565749299e-03,nan,nan,nan,nan,nan,-1.890694239290988815e-02,-1.418020679468241438e-02,nan,nan,nan,nan
-2.024922118380056979e-02,nan,nan,nan,2.180685358255485089e-03,-1.277258566978187702e-02,-1.775700934579436258e-02,nan,nan,nan,-2.492211838006208515e-03,nan,nan,nan,nan,nan,nan,nan,nan,nan,nan,nan,nan,nan,nan,nan,nan,nan,nan,nan,nan,nan,nan,nan,nan,nan,nan,nan,nan,nan,nan,-1.090342679127722682e-02,nan,nan,nan,nan,nan,nan,nan,nan,nan,nan,nan,-1.059190031152645872e-02,nan,nan,nan,nan,nan,3.115264797507832743e-03,2.180685358255507640e-03,6.323987538940814557e-02,nan,nan,nan
nan,nan,nan,nan,0.000000000000000000e+00,0.000000000000000000e+00,nan,nan,nan,nan,nan,nan,nan,nan,nan,nan,nan,nan,nan,nan,nan,nan,nan,nan,nan,nan,nan,nan,nan,0.000000000000000000e+00,nan,nan,nan,nan,nan,nan,nan,nan,nan,nan,nan,0.000000000000000000e+00,nan,nan,nan,nan,nan,nan,nan,nan,6.370839936608560516e-02,nan,0.000000000000000000e+00,0.000000000000000000e+00,nan,nan,nan,nan,nan,0.000000000000000000e+00,0.000000000000000000e+00,0.000000000000000000e+00,nan,nan,nan
0.000000000000000000e+00,nan,nan,nan,nan,0.000000000000000000e+00,nan,nan,0.000000000000000000e+00,nan,0.000000000000000000e+00,nan,0.000000000000000000e+00,nan,nan,nan,nan,nan,nan,nan,nan,nan,nan,nan,nan,nan,nan,nan,nan,nan,nan,nan,nan,nan,nan,nan,nan,nan,nan,nan,nan,nan,nan,nan,nan,nan,nan,nan,nan,nan,5.559006211180126528e-02,nan,0.000000000000000000e+00,5.869565217391305850e-02,nan,nan,nan,nan,nan,nan,0.000000000000000000e+00,0.000000000000000000e+00,nan,nan,nan
nan,nan,nan,nan,2.420574886535575843e-03,0.000000000000000000e+00,nan,nan,nan,nan,2.571860816944027128e-02,nan,nan,nan,nan,nan,nan,nan,nan,nan,nan,nan,nan,nan,nan,nan,nan,nan,nan,1.210287443267787921e-03,nan,nan,nan,nan,nan,nan,nan,nan,nan,nan,nan,0.000000000000000000e+00,nan,nan,nan,nan,nan,nan,nan,nan,1.149773071104387423e-01,nan,nan,2.299546142208774846e-02,nan,nan,nan,nan,nan,1.210287443267787921e-03,0.000000000000000000e+00,0.000000000000000000e+00,nan,nan,nan
nan,nan,nan,nan,nan,0.000000000000000000e+00,nan,nan,0.000000000000000000e+00,nan,nan,nan,0.000000000000000000e+00,nan,nan,nan,nan,nan,nan,nan,nan,nan,nan,nan,nan,nan,nan,nan,nan,nan,nan,nan,nan,nan,nan,nan,0.000000000000000000e+00,nan,nan,nan,nan,nan,nan,nan,nan,nan,nan,nan,nan,nan,0.000000000000000000e+00,nan,0.000000000000000000e+00,0.000000000000000000e+00,nan,nan,nan,nan,nan,0.000000000000000000e+00,0.000000000000000000e+00,0.000000000000000000e+00,nan,nan,nan
nan,nan,nan,nan,nan,nan,nan,nan,nan,nan,nan,nan,nan,nan,nan,nan,nan,nan,nan,nan,nan,nan,nan,nan,nan,nan,nan,nan,nan,0.000000000000000000e+00,nan,nan,nan,nan,0.000000000000000000e+00,nan,8.527131782945736316e-02,nan,nan,nan,nan,0.000000000000000000e+00,nan,nan,nan,nan,nan,nan,nan,nan,0.000000000000000000e+00,nan,0.000000000000000000e+00,0.000000000000000000e+00,nan,nan,nan,nan,nan,0.000000000000000000e+00,8.279069767441860073e-02,0.000000000000000000e+00,nan,nan,nan
nan,nan,nan,nan,0.000000000000000000e+00,9.861325115562414451e-03,nan,nan,nan,nan,1.417565485362095624e-02,nan,nan,nan,nan,nan,nan,nan,nan,nan,nan,nan,nan,nan,nan,nan,nan,nan,nan,nan,nan,nan,nan,nan,nan,nan,nan,nan,nan,nan,nan,4.314329738058564345e-03,nan,nan,nan,nan,nan,nan,nan,nan,1.171032357473031880e-02,nan,0.000000000000000000e+00,5.885978428351312797e-02,nan,nan,nan,nan,nan,3.081664098613256901e-03,9.861325115562414451e-03,1.694915254237288130e-02,nan,nan,nan
-9.682299546142169797e-03,nan,nan,nan,nan,-3.177004538577905823e-02,-3.661119515885016135e-02,nan,nan,nan,-3.540090771558237343e-02,nan,nan,nan,nan,-3.661119515885016135e-02,nan,nan,nan,nan,nan,nan,nan,nan,nan,nan,nan,nan,nan,nan,nan,nan,nan,nan,-3.570347957639932041e-02,nan,nan,nan,nan,nan,nan,nan,nan,nan,nan,nan,nan,nan,nan,nan,nan,nan,nan,-3.782148260211792845e-02,nan,nan,nan,nan,nan,-3.388804841149765934e-02,-3.388804841149765934e-02,-1.815431164901659677e-02,nan,nan,nan
nan,nan,nan,nan,nan,-1.024000000000002686e-02,nan,nan,9.599999999999831108e-04,nan,nan,nan,0.000000000000000000e+00,nan,nan,nan,nan,nan,nan,nan,nan,nan,nan,nan,nan,nan,nan,nan,nan,1.919999999999988339e-03,nan,nan,nan,nan,6.079999999999974314e-03,nan,nan,nan,nan,nan,nan,nan,nan,nan,nan,nan,nan,nan,nan,nan,8.959999999999967990e-03,nan,nan,1.695999999999997510e-02,nan,nan,nan,nan,nan,1.919999999999988339e-03,4.159999999999985758e-03,3.199999999999980638e-03,nan,nan,nan
-4.099560761346964996e-03,nan,nan,nan,nan,-1.874084919472913599e-02,nan,nan,nan,nan,nan,nan,nan,nan,nan,nan,nan,nan,nan,nan,-2.342606149341097763e-03,nan,nan,nan,nan,nan,nan,nan,nan,nan,nan,nan,nan,nan,nan,nan,-1.756954612005856564e-02,nan,nan,nan,nan,nan,nan,nan,nan,nan,nan,nan,nan,nan,-1.464128843338197107e-03,nan,-2.108345534407028016e-02,2.342606149341141999e-03,nan,nan,nan,nan,nan,-8.784773060029227743e-04,-2.635431918008768106e-03,-1.756954612005823214e-03,nan,nan,nan
nan,nan,nan,nan,nan,-3.021148036253640365e-04,nan,nan,3.021148036253795514e-03,nan,nan,nan,-3.021148036253640365e-04,nan,nan,nan,nan,nan,nan,nan,nan,nan,nan,nan,nan,nan,nan,nan,nan,nan,nan,nan,nan,nan,nan,nan,nan,nan,nan,nan,nan,0.000000000000000000e+00,nan,nan,nan,nan,nan,nan,nan,nan,3.232628398791544122e-02,nan,0.000000000000000000e+00,0.000000000000000000e+00,nan,nan,nan,nan,nan,2.719033232628409631e-03,0.000000000000000000e+00,0.000000000000000000e+00,nan,nan,nan
nan,nan,nan,nan,nan,-2.376146788990824987e-01,nan,nan,nan,nan,nan,nan,nan,nan,nan,-2.284403669724769936e-01,nan,nan,nan,nan,nan,nan,nan,nan,nan,nan,nan,nan,nan,-2.966360856269112389e-01,nan,nan,nan,nan,nan,nan,nan,nan,nan,nan,nan,-2.966360856269112389e-01,nan,nan,nan,nan,nan,nan,nan,nan,-2.373088685015289911e-01,nan,-2.966360856269112389e-01,-2.966360856269112389e-01,nan,nan,nan,nan,nan,-2.397553516819571351e-01,-2.966360856269112389e-01,-2.376146788990824987e-01,nan,nan,nan
-3.610675039246468154e-01,nan,nan,nan,nan,-3.610675039246468154e-01,nan,nan,nan,nan,nan,nan,nan,nan,nan,nan,nan,nan,nan,nan,nan,nan,nan,nan,nan,nan,nan,nan,nan,-3.494505494505494858e-01,nan,nan,nan,nan,nan,nan,nan,nan,nan,nan,nan,-3.485086342229199441e-01,nan,nan,nan,nan,nan,nan,nan,nan,-2.891679748822606477e-01,nan,-3.610675039246468154e-01,-3.610675039246468154e-01,nan,nan,nan,nan,nan,-2.967032967032967039e-01,-2.885400313971742681e-01,-2.882260596546311615e-01,nan,nan,nan
0.000000000000000000e+00,nan,nan,nan,nan,2.903225806451612684e-02,nan,nan,6.774193548387108695e-03,nan,nan,nan,6.774193548387108695e-03,nan,nan,nan,nan,nan,nan,nan,nan,nan,nan,nan,nan,nan,nan,nan,nan,nan,nan,nan,nan,nan,nan,nan,nan,nan,nan,nan,nan,nan,nan,nan,nan,nan,nan,nan,nan,nan,2.870967741935481765e-02,nan,0.000000000000000000e+00,2.612903225806448987e-02,nan,nan,nan,nan,nan,0.000000000000000000e+00,0.000000000000000000e+00,0.000000000000000000e+00,nan,nan,nan
2.190923317683846246e-03,nan,nan,nan,nan,8.419405320813770632e-02,nan,nan,-4.945226917057907873e-02,nan,nan,nan,-4.006259780907672763e-02,nan,nan,nan,nan,nan,nan,nan,nan,nan,nan,nan,nan,nan,nan,nan,nan,nan,nan,nan,nan,nan,nan,nan,nan,nan,nan,nan,nan,nan,nan,nan,nan,nan,nan,nan,nan,nan,9.389671361502305996e-03,nan,-5.226917057902973063e-02,1.251956181533644442e-02,nan,nan,nan,nan,nan,1.471048513302033491e-02,2.220446049250313204e-17,1.251956181533597865e-03,nan,nan,nan
nan,nan,nan,nan,nan,0.000000000000000000e+00,nan,nan,0.000000000000000000e+00,nan,nan,nan,0.000000000000000000e+00,nan,nan,nan,nan,nan,nan,nan,nan,nan,nan,nan,nan,nan,nan,nan,nan,nan,nan,nan,nan,nan,nan,nan,0.000000000000000000e+00,nan,nan,nan,nan,nan,nan,nan,nan,nan,nan,nan,nan,nan,0.000000000000000000e+00,nan,0.000000000000000000e+00,0.000000000000000000e+00,nan,nan,nan,nan,nan,0.000000000000000000e+00,0.000000000000000000e+00,0.000000000000000000e+00,nan,nan,nan
nan,nan,nan,nan,8.682170542635647692e-03,nan,nan,nan,nan,nan,nan,nan,nan,nan,nan,nan,nan,nan,nan,nan,nan,nan,nan,nan,nan,nan,nan,nan,nan,0.000000000000000000e+00,nan,nan,nan,nan,nan,nan,nan,nan,nan,nan,nan,4.031007751937987216e-03,nan,nan,0.000000000000000000e+00,nan,nan,2.077519379844960934e-02,nan,nan,1.190697674418604857e-01,nan,nan,4.775193798449613169e-02,nan,nan,nan,nan,nan,4.341085271317823846e-03,2.759689922480619215e-02,5.147286821705428228e-02,nan,nan,nan
