nan,nan,nan,nan,-1.158301158301156073e-03,nan,-3.861003861003631135e-04,nan,nan,-8.494208494208477581e-03,nan,nan,nan,nan,nan,nan,nan,nan,nan,nan,nan,nan,nan,nan,nan,nan,nan,nan,nan,4.247104247104349813e-03,nan,nan,nan,nan,nan,nan,nan,nan,nan,nan,nan,nan,nan,-4.247104247104216239e-03,nan,nan,3.861003861004519639e-04,nan,nan,nan,nan,nan,nan,nan,nan,nan,nan,nan,nan,3.861003861004297377e-04,-2.586872586872581564e-02,0.000000000000000000e+00,nan,nan,-1.274131274131271550e-02
nan,nan,nan,nan,nan,3.229571984435802845e-02,nan,nan,nan,nan,nan,nan,nan,nan,nan,nan,nan,nan,nan,nan,nan,nan,nan,nan,nan,nan,nan,nan,nan,nan,nan,nan,nan,nan,2.684824902723739054e-02,nan,nan,nan,-3.891050583657129744e-04,2.568093385214009761e-02,nan,-3.501945525291772117e-03,nan,-1.050583657587544906e-02,nan,nan,nan,nan,nan,nan,nan,nan,nan,1.245136186770434694e-02,nan,nan,nan,nan,nan,-1.750972762645908176e-02,9.805447470817126032e-02,0.000000000000000000e+00,nan,nan,nan
nan,-8.016032064128219420e-03,nan,nan,nan,nan,nan,nan,-1.843687374749489877e-02,nan,nan,nan,nan,nan,nan,nan,nan,nan,nan,-5.611222444889785513e-03,nan,5.611222444889785513e-03,nan,nan,nan,nan,nan,nan,nan,nan,nan,nan,nan,nan,nan,3.607214428857718948e-03,-1.482965931863722275e-02,nan,nan,-2.805611222444892756e-03,nan,nan,nan,nan,nan,nan,nan,nan,8.016032064128264089e-04,nan,nan,nan,nan,nan,nan,nan,nan,nan,nan,nan,nan,0.000000000000000000e+00,nan,nan,-2.805611222444892756e-03
nan,nan,nan,nan,nan,nan,nan,nan,nan,nan,nan,-4.208494208494208827e-02,-2.818532818532820672e-02,nan,nan,nan,0.000000000000000000e+00,nan,nan,nan,nan,nan,nan,3.088803088803082717e-03,nan,nan,nan,1.544401544401541359e-03,nan,nan,nan,nan,nan,nan,nan,nan,nan,nan,1.081081081081081141e-02,nan,nan,nan,nan,nan,nan,nan,nan,7.722007722007706793e-04,nan,nan,nan,nan,nan,1.660231660231657053e-02,nan,nan,nan,nan,nan,-1.081081081081081141e-02,nan,1.158301158301156073e-03,nan,nan,nan
nan,nan,nan,3.372093023255817723e-02,-2.325581395348841514e-03,nan,nan,nan,nan,nan,nan,nan,nan,1.550387596899227604e-03,nan,nan,-7.751937984496138018e-04,nan,nan,nan,nan,nan,nan,nan,nan,nan,nan,nan,nan,nan,nan,nan,nan,nan,nan,nan,nan,nan,nan,nan,nan,-5.930232558139534454e-02,nan,nan,nan,nan,nan,-2.093023255813950684e-02,nan,nan,nan,nan,nan,-4.689922480620152545e-02,nan,nan,nan,nan,nan,nan,nan,0.000000000000000000e+00,3.333333333333334675e-02,nan,5.348837209302326201e-02
nan,nan,nan,nan,nan,nan,nan,nan,-8.837209302325574334e-02,nan,-8.527131782945640906e-03,nan,nan,nan,nan,nan,nan,nan,nan,nan,nan,nan,nan,nan,nan,nan,nan,nan,nan,nan,nan,nan,nan,nan,nan,nan,nan,nan,nan,nan,nan,nan,nan,nan,nan,nan,-5.193798449612400947e-02,nan,nan,nan,nan,nan,-8.875968992248055300e-02,-1.511627906976735838e-02,nan,nan,3.875968992248068901e-03,nan,nan,-7.751937984496026779e-03,-5.697674418604650043e-02,0.000000000000000000e+00,nan,8.527131782945751928e-03,nan
nan,nan,nan,nan,nan,nan,nan,nan,nan,nan,nan,-1.789883268482488424e-02,nan,nan,-1.284046692606999329e-02,nan,nan,nan,nan,-2.451361867704280467e-02,nan,nan,nan,nan,nan,nan,-1.167315175097272117e-02,nan,nan,nan,nan,nan,nan,nan,nan,-8.171206225680904822e-03,nan,nan,nan,nan,nan,-1.011673151750969168e-02,nan,nan,nan,nan,nan,nan,nan,nan,nan,nan,-2.140077821011670059e-02,-2.684824902723734891e-02,nan,nan,nan,nan,nan,nan,nan,-1.167315175097272117e-03,-8.560311284046662195e-03,nan,nan
nan,nan,nan,nan,nan,nan,nan,nan,9.433962264150941301e-03,nan,nan,nan,nan,1.886792452830188260e-03,nan,nan,nan,nan,nan,nan,nan,nan,nan,nan,nan,nan,nan,nan,nan,nan,nan,nan,nan,nan,6.415094339622640432e-03,2.641509433962263478e-03,6.415094339622640432e-03,nan,nan,nan,nan,nan,nan,nan,nan,nan,nan,nan,nan,nan,nan,nan,-5.283018867924526955e-03,7.169811320754715216e-03,nan,nan,nan,nan,nan,4.905660377358489130e-03,1.773584905660376826e-02,1.509433962264150652e-03,nan,nan,nan
nan,nan,nan,nan,nan,nan,0.000000000000000000e+00,nan,nan,nan,nan,-3.681214421252374663e-02,nan,nan,3.795066413661895904e-04,nan,-1.897533206831170105e-03,nan,nan,-1.897533206831170105e-03,nan,nan,nan,nan,nan,nan,nan,nan,nan,nan,nan,nan,nan,nan,nan,nan,nan,nan,nan,nan,nan,nan,nan,-2.011385199240993751e-02,nan,nan,nan,nan,nan,nan,-3.036053130929849790e-03,nan,1.745730550284625357e-02,nan,nan,3.415559772295995253e-03,nan,nan,nan,nan,nan,0.000000000000000000e+00,nan,nan,nan
nan,-5.038759689922489224e-03,nan,nan,nan,-2.713178294573670261e-03,nan,nan,nan,nan,nan,nan,nan,nan,nan,nan,nan,nan,nan,nan,nan,nan,nan,nan,nan,nan,nan,nan,nan,-1.162790697674420670e-02,nan,nan,nan,nan,-1.937984496124034450e-03,-3.875968992248512990e-04,7.751937984495693495e-04,nan,nan,nan,nan,nan,nan,nan,nan,nan,nan,nan,nan,nan,nan,nan,-5.697674418604659063e-02,2.713178294573603908e-03,nan,nan,nan,nan,nan,nan,nan,-2.635658914728686991e-02,nan,nan,-7.364341085271330738e-03
nan,nan,nan,nan,nan,nan,nan,nan,nan,nan,nan,nan,-2.514506769825919363e-02,nan,nan,nan,nan,nan,nan,-6.963249516441028311e-03,nan,nan,nan,nan,nan,nan,nan,nan,3.868471953578200948e-04,nan,nan,nan,nan,nan,-3.868471953578422667e-04,nan,nan,nan,nan,nan,nan,nan,nan,nan,nan,nan,-2.475822050290134996e-02,nan,nan,nan,nan,nan,nan,-3.868471953578356097e-03,8.897485493230151282e-03,8.510638297872330157e-03,nan,nan,nan,nan,2.475822050290130832e-02,0.000000000000000000e+00,nan,nan,nan
nan,nan,nan,-3.731343283581934006e-04,nan,nan,nan,nan,-2.611940298507398148e-03,nan,nan,nan,nan,nan,nan,nan,nan,nan,nan,1.865671641791077917e-03,nan,nan,nan,nan,1.492537313432862290e-03,nan,nan,nan,nan,nan,nan,nan,nan,nan,nan,7.462686567164311452e-04,nan,nan,nan,nan,nan,nan,nan,nan,nan,nan,nan,nan,nan,nan,nan,nan,nan,nan,nan,nan,7.089552238806052023e-03,nan,nan,3.731343283582599707e-04,-2.723880597014922619e-02,-3.731343283581934006e-04,nan,5.970149253731404926e-03,nan
nan,nan,nan,-1.503759398496229416e-03,nan,nan,nan,nan,nan,-4.548872180451126596e-02,-9.022556390977442414e-03,-4.962406015037590379e-02,-2.067669172932331406e-02,nan,nan,nan,nan,nan,nan,nan,nan,nan,nan,nan,nan,nan,nan,nan,-3.759398496240295984e-04,nan,nan,nan,nan,nan,nan,nan,nan,nan,nan,0.000000000000000000e+00,nan,nan,nan,nan,-6.390977443608991497e-03,nan,nan,nan,nan,nan,nan,nan,nan,-1.052631578947369438e-02,nan,nan,nan,nan,nan,nan,nan,0.000000000000000000e+00,nan,nan,nan
nan,nan,nan,nan,nan,nan,nan,nan,nan,nan,nan,nan,nan,nan,nan,nan,nan,nan,nan,nan,nan,nan,nan,nan,nan,nan,nan,nan,nan,nan,nan,nan,nan,nan,nan,nan,nan,nan,nan,nan,nan,nan,nan,nan,1.436672967863896790e-02,nan,nan,nan,nan,nan,nan,nan,2.268431001890403205e-03,-4.536862003780672836e-03,3.516068052930058918e-02,3.629489603024575739e-02,nan,nan,nan,-5.103969754253301350e-02,-6.805293005671031806e-03,0.000000000000000000e+00,-5.103969754253301350e-02,5.822306238185255556e-02,nan
nan,nan,nan,nan,3.968253968254020943e-03,nan,nan,nan,nan,nan,nan,1.984126984127021313e-03,nan,nan,nan,nan,nan,nan,nan,-1.706349206349200287e-02,nan,nan,nan,nan,nan,nan,nan,nan,nan,nan,nan,nan,nan,nan,nan,nan,nan,nan,nan,3.174603174603230112e-03,nan,nan,nan,nan,3.174603174603230112e-03,nan,nan,nan,nan,nan,nan,nan,nan,nan,1.706349206349211389e-02,nan,7.857142857142862535e-02,nan,nan,nan,nan,7.936507936507908312e-04,nan,6.428571428571432100e-02,-9.126984126984094559e-03
-2.745098039215676348e-03,nan,nan,nan,-1.372549019607847108e-02,7.843137254901933354e-04,nan,nan,nan,nan,nan,nan,nan,nan,nan,nan,nan,nan,nan,nan,nan,nan,nan,nan,nan,3.921568627450966677e-04,nan,nan,nan,nan,nan,nan,nan,nan,nan,1.647058823529408064e-02,nan,nan,nan,-1.607843137254903049e-02,nan,nan,nan,nan,nan,nan,nan,nan,nan,nan,nan,nan,nan,nan,nan,nan,7.843137254901955471e-03,nan,nan,nan,nan,-7.843137254901933354e-04,nan,7.450980392156858478e-03,-9.411764705882341708e-03
nan,nan,nan,1.032504780114724616e-02,nan,nan,nan,nan,nan,nan,nan,nan,nan,nan,nan,nan,nan,nan,nan,-2.294455066921585826e-03,nan,nan,nan,nan,nan,nan,nan,nan,nan,nan,nan,nan,6.118546845124317630e-03,nan,3.059273422562180933e-03,4.206500956022996181e-03,-3.556405353728486762e-02,nan,nan,nan,nan,nan,nan,-1.988527724665387769e-02,nan,nan,nan,nan,nan,nan,nan,nan,nan,nan,3.824091778202864944e-04,3.824091778202709686e-03,nan,nan,nan,nan,nan,0.000000000000000000e+00,nan,nan,nan
nan,nan,nan,8.429118773946430582e-03,nan,nan,nan,nan,nan,-1.072796934865891637e-02,nan,nan,-9.195402298850541625e-03,nan,nan,nan,6.513409961685878886e-03,nan,nan,nan,nan,nan,nan,nan,nan,nan,nan,nan,nan,nan,nan,nan,nan,nan,nan,nan,nan,nan,nan,nan,8.812260536398542482e-03,nan,nan,nan,-1.111111111111104909e-02,nan,nan,nan,nan,nan,nan,nan,nan,-1.226053639846738132e-02,nan,nan,-3.639846743295014481e-02,nan,nan,nan,nan,0.000000000000000000e+00,nan,-3.256704980842908131e-02,nan
nan,-3.385826771653548117e-02,nan,nan,nan,nan,nan,nan,nan,nan,nan,-2.125984251968511193e-02,-2.086614173228353714e-02,nan,nan,nan,0.000000000000000000e+00,nan,nan,nan,nan,nan,nan,nan,nan,nan,nan,nan,nan,nan,nan,nan,nan,nan,nan,nan,nan,nan,nan,nan,nan,nan,nan,nan,-3.937007874015763589e-03,nan,nan,nan,nan,nan,nan,nan,nan,3.543307086614167108e-03,nan,nan,-7.480314960629974932e-03,nan,nan,1.456692913385824149e-02,nan,0.000000000000000000e+00,nan,-3.543307086614211343e-03,nan
1.156069364161827016e-03,nan,nan,nan,6.165703275529843541e-03,nan,nan,nan,nan,nan,3.468208092485525283e-03,3.622350674373794183e-02,nan,nan,nan,nan,nan,nan,nan,nan,nan,nan,nan,nan,nan,nan,nan,nan,nan,nan,nan,nan,nan,nan,1.811175337186895357e-02,nan,nan,nan,nan,1.502890173410403873e-02,nan,nan,nan,nan,-1.626204238921002132e-01,nan,nan,nan,nan,nan,nan,nan,nan,-1.464354527938345127e-02,nan,nan,nan,nan,nan,-9.826589595375723185e-02,nan,-6.050096339113682220e-02,nan,nan,nan
nan,nan,nan,nan,nan,nan,nan,nan,-5.000000000000002359e-02,nan,nan,nan,nan,nan,nan,nan,nan,nan,nan,4.230769230769215912e-03,nan,nan,nan,nan,nan,nan,nan,nan,nan,nan,nan,nan,nan,nan,nan,6.538461538461537263e-03,nan,nan,nan,nan,nan,nan,nan,nan,1.500000000000001332e-02,nan,nan,nan,nan,nan,nan,-6.730769230769229061e-02,nan,nan,2.115384615384618971e-02,1.961538461538465603e-02,nan,nan,nan,-2.269230769230769912e-02,-1.269230769230769197e-02,3.846153846153832598e-04,nan,nan,nan
4.158415841584151007e-02,nan,nan,nan,3.960396039603963914e-04,7.920792079207927827e-03,nan,3.960396039603952811e-02,nan,nan,nan,nan,nan,nan,nan,nan,nan,nan,nan,nan,nan,nan,nan,nan,nan,nan,5.544554455445549479e-03,nan,nan,nan,nan,nan,nan,nan,8.712871287128720610e-03,7.920792079207927827e-04,nan,nan,nan,nan,nan,nan,nan,nan,nan,nan,nan,nan,nan,nan,nan,nan,7.128712871287128106e-02,2.376237623762369328e-02,nan,nan,nan,nan,nan,nan,nan,0.000000000000000000e+00,nan,nan,nan
1.294117647058829965e-02,nan,nan,nan,1.568627450980386671e-03,1.960784313725483230e-03,nan,nan,nan,nan,3.921568627450966677e-04,nan,nan,nan,nan,nan,nan,nan,nan,2.352941176470579789e-03,nan,nan,nan,nan,nan,nan,nan,nan,nan,nan,nan,nan,nan,nan,nan,nan,nan,nan,nan,nan,nan,nan,-1.960784313725483230e-03,nan,4.313725490196085137e-03,nan,nan,nan,nan,nan,nan,nan,-7.137254901960780884e-02,nan,nan,nan,nan,nan,nan,nan,nan,-3.921568627450966677e-04,nan,nan,-2.745098039215676348e-03
nan,nan,nan,8.150943396226413562e-02,3.773584905660376629e-04,2.339622641509433304e-02,nan,nan,nan,nan,nan,-2.905660377358489782e-02,nan,nan,nan,nan,nan,nan,nan,nan,-4.528301886792452172e-03,nan,nan,nan,nan,nan,nan,nan,6.792452830188677390e-03,nan,nan,nan,nan,nan,nan,nan,8.679245283018865997e-02,nan,nan,nan,nan,nan,nan,nan,nan,nan,nan,nan,nan,nan,nan,nan,4.264150943396225607e-02,nan,nan,nan,nan,nan,nan,nan,-7.547169811320753041e-03,1.509433962264150652e-03,nan,nan,nan
nan,nan,nan,nan,nan,nan,nan,nan,3.230769230769228034e-02,nan,-2.307692307692366020e-03,-3.230769230769234973e-02,1.115384615384611491e-02,nan,nan,nan,nan,nan,nan,nan,nan,nan,nan,nan,nan,nan,nan,nan,nan,nan,nan,nan,nan,nan,1.923076923076916245e-03,nan,3.499999999999996170e-02,nan,nan,nan,nan,nan,nan,nan,-3.846153846153899276e-03,nan,nan,nan,nan,nan,nan,nan,nan,nan,nan,nan,nan,nan,nan,-2.192307692307695483e-02,nan,0.000000000000000000e+00,nan,nan,7.692307692307665196e-04
-3.809523809523796076e-03,nan,nan,nan,-7.999999999999984554e-03,-6.095238095238086733e-03,nan,4.190476190476188911e-03,nan,nan,nan,-2.095238095238096537e-02,nan,nan,nan,nan,nan,nan,nan,nan,nan,nan,nan,nan,nan,nan,nan,nan,nan,nan,nan,nan,nan,nan,nan,nan,nan,nan,nan,nan,nan,nan,nan,nan,nan,nan,nan,nan,nan,nan,nan,nan,nan,2.438095238095239203e-02,4.838095238095243417e-02,5.485714285714289595e-02,1.394285714285714295e-01,nan,nan,nan,nan,7.619047619047636605e-04,nan,nan,nan
nan,nan,nan,nan,nan,nan,nan,nan,nan,nan,nan,nan,nan,nan,nan,nan,nan,nan,nan,nan,nan,nan,nan,nan,nan,nan,nan,nan,nan,nan,nan,nan,nan,nan,nan,nan,nan,nan,-8.064516129032472730e-04,nan,nan,0.000000000000000000e+00,nan,nan,-4.032258064516236365e-04,nan,nan,nan,nan,nan,nan,nan,nan,-1.612903225806494546e-03,nan,nan,1.491935483870963051e-02,nan,nan,-2.822580645161320949e-03,8.064516129032228350e-03,0.000000000000000000e+00,nan,1.209677419354835380e-02,-8.064516129032250902e-03
7.650273224043701963e-03,nan,nan,nan,nan,nan,nan,1.930783242258649057e-02,nan,nan,6.557377049180290567e-03,nan,nan,nan,nan,nan,nan,nan,nan,nan,nan,nan,nan,nan,nan,nan,nan,nan,nan,nan,nan,nan,nan,nan,nan,nan,nan,nan,nan,-3.642987249545148634e-04,nan,nan,nan,nan,nan,nan,nan,nan,nan,nan,nan,nan,-2.550091074681242256e-02,2.550091074681204353e-03,nan,nan,nan,nan,nan,-4.371584699453601348e-03,-7.285974499089631568e-04,8.269581056466297764e-02,nan,nan,2.550091074681204353e-03
-1.945525291828786862e-03,nan,nan,nan,nan,nan,nan,nan,nan,nan,nan,nan,nan,nan,nan,nan,nan,nan,nan,nan,nan,nan,nan,nan,nan,nan,-1.945525291828786862e-03,nan,nan,nan,nan,nan,nan,nan,nan,nan,nan,nan,nan,nan,nan,nan,nan,nan,nan,nan,nan,nan,nan,nan,-7.782101167315147450e-04,nan,-7.392996108949478548e-03,6.614785992217875332e-03,1.245136186770423592e-02,6.225680933852117960e-03,4.396887159533069411e-02,nan,nan,nan,nan,0.000000000000000000e+00,nan,4.824902723735404603e-02,nan
nan,nan,nan,nan,nan,nan,nan,nan,1.529175050301812000e-02,nan,nan,-1.931589537223339301e-02,5.633802816901445180e-03,nan,nan,nan,nan,2.816901408450722590e-03,nan,nan,nan,nan,nan,nan,nan,nan,nan,nan,nan,nan,nan,nan,nan,nan,nan,nan,1.730382293762577905e-02,nan,8.450704225352123969e-03,nan,nan,nan,nan,nan,nan,nan,nan,nan,nan,nan,nan,nan,nan,2.220446049250313204e-17,nan,6.841046277666041134e-03,nan,nan,nan,2.816901408450722590e-03,nan,0.000000000000000000e+00,nan,nan,nan
nan,nan,nan,nan,nan,nan,nan,nan,nan,nan,nan,nan,-5.394990366088634609e-02,nan,nan,nan,-1.117533718689789346e-02,nan,nan,-1.001926782273605473e-02,nan,nan,-1.695568400770717382e-02,nan,nan,nan,nan,nan,nan,nan,nan,nan,nan,nan,nan,nan,nan,nan,-7.707129094412402005e-04,nan,nan,nan,nan,nan,nan,nan,nan,nan,nan,nan,nan,nan,-7.552986512524088869e-02,-6.936416184971139036e-03,nan,nan,nan,nan,nan,-3.622350674373797652e-02,nan,0.000000000000000000e+00,nan,nan,3.853564547205978741e-04
nan,5.671077504725952068e-03,nan,nan,-8.317580340264618330e-03,nan,nan,nan,nan,nan,nan,-3.591682419659727316e-02,nan,nan,nan,nan,nan,6.805293005671120277e-03,nan,nan,nan,nan,nan,nan,nan,nan,nan,nan,nan,nan,nan,nan,nan,nan,7.183364839319539459e-03,nan,nan,nan,6.805293005671142828e-03,nan,nan,nan,nan,nan,nan,nan,7.183364839319495224e-03,nan,nan,nan,nan,nan,nan,nan,nan,nan,nan,nan,nan,nan,-4.499054820415872985e-02,2.220446049250313204e-17,3.780718336484411917e-04,nan,nan
nan,nan,nan,nan,-4.247104247104194555e-03,nan,nan,nan,nan,nan,1.119691119691124115e-02,-6.795366795366793167e-02,nan,nan,nan,nan,nan,nan,nan,-1.119691119691115268e-02,nan,nan,2.239382239382246148e-02,nan,nan,nan,nan,nan,nan,nan,nan,nan,nan,nan,nan,nan,nan,nan,nan,nan,nan,nan,nan,nan,1.467181467181473062e-02,nan,nan,nan,nan,nan,nan,nan,nan,-3.050193050193044167e-02,nan,nan,nan,nan,nan,nan,4.131274131274133982e-02,0.000000000000000000e+00,nan,nan,2.220446049250313204e-17
nan,nan,nan,nan,nan,3.690036900369175971e-04,nan,nan,nan,nan,nan,-3.616236162361621126e-02,nan,nan,nan,nan,nan,nan,nan,1.845018450184498972e-03,nan,nan,3.690036900368953710e-04,nan,3.690036900368953710e-04,nan,nan,nan,nan,nan,nan,nan,nan,nan,nan,0.000000000000000000e+00,nan,nan,nan,nan,nan,nan,nan,nan,-3.690036900368975827e-03,nan,1.110701107011070193e-01,nan,nan,nan,nan,nan,nan,nan,nan,nan,nan,nan,nan,6.014760147601479895e-02,nan,0.000000000000000000e+00,nan,nan,nan
nan,nan,-3.773584905660376629e-04,nan,nan,nan,nan,nan,nan,nan,nan,nan,nan,nan,nan,nan,nan,nan,nan,-1.886792452830188260e-03,nan,nan,0.000000000000000000e+00,nan,nan,nan,nan,nan,3.773584905660376629e-04,nan,nan,nan,nan,nan,nan,nan,nan,nan,nan,nan,nan,nan,nan,-9.056603773584904343e-03,1.509433962264150652e-03,nan,nan,nan,nan,nan,nan,nan,-2.679245283018867260e-02,1.358490566037735478e-02,nan,nan,nan,nan,nan,nan,6.075471698113206476e-02,1.509433962264150652e-03,nan,nan,nan
nan,nan,nan,nan,nan,nan,nan,nan,nan,nan,-3.891050583657129744e-04,-6.614785992217875332e-03,nan,nan,nan,nan,nan,nan,nan,nan,nan,-5.836575875486360587e-03,nan,nan,nan,nan,nan,nan,nan,nan,nan,nan,nan,nan,-5.058365758754845842e-03,nan,nan,nan,nan,nan,nan,nan,nan,nan,nan,nan,nan,nan,nan,nan,nan,nan,-3.891050583657573725e-03,nan,nan,7.782101167315258472e-03,3.696498054474717243e-02,nan,nan,nan,4.902723735408567179e-02,1.167315175097338687e-03,nan,3.501945525291838557e-02,nan
nan,nan,nan,nan,nan,nan,nan,nan,nan,nan,nan,nan,-4.206500956022996181e-03,nan,nan,nan,0.000000000000000000e+00,nan,0.000000000000000000e+00,-1.912045889101432472e-03,nan,nan,nan,nan,nan,nan,nan,nan,-2.220446049250313204e-17,nan,nan,nan,nan,nan,nan,nan,1.797323135755253196e-02,nan,-1.912045889101365902e-03,nan,nan,nan,nan,nan,nan,nan,nan,nan,nan,nan,nan,-1.491395793499046205e-02,nan,-6.883365200764846384e-03,nan,nan,nan,nan,nan,nan,nan,0.000000000000000000e+00,nan,nan,nan
nan,nan,nan,nan,nan,nan,nan,nan,nan,nan,nan,nan,nan,nan,nan,3.125000000000000173e-03,nan,nan,nan,3.906250000000000000e-03,nan,nan,nan,nan,2.148437500000000000e-02,nan,nan,nan,nan,nan,nan,2.460937499999999931e-02,nan,nan,7.031250000000000173e-03,nan,nan,nan,nan,nan,nan,nan,nan,nan,nan,nan,nan,nan,nan,nan,nan,nan,nan,1.445312500000000069e-02,nan,nan,4.296875000000000000e-02,nan,nan,1.796874999999999861e-02,nan,0.000000000000000000e+00,nan,5.195312500000000278e-02,nan
nan,nan,nan,nan,3.921568627450966677e-04,nan,nan,nan,nan,nan,nan,nan,nan,nan,nan,nan,nan,nan,nan,nan,nan,nan,nan,nan,nan,nan,nan,nan,nan,nan,nan,nan,nan,nan,-7.843137254901932920e-03,nan,1.450980392156868762e-02,nan,-7.450980392156835927e-03,nan,nan,nan,nan,nan,-4.705882352941159578e-03,nan,nan,nan,nan,nan,nan,-3.999999999999996614e-02,nan,2.745098039215698900e-03,nan,nan,nan,nan,nan,-5.137254901960777026e-02,-8.235294117647029913e-03,0.000000000000000000e+00,nan,nan,nan
nan,nan,nan,nan,nan,-2.690058479532160193e-02,1.130604288499028644e-02,nan,nan,-1.052631578947365101e-02,nan,nan,nan,nan,nan,nan,nan,nan,nan,-1.871345029239763688e-02,nan,nan,nan,nan,7.797270955165691575e-03,nan,nan,nan,nan,nan,nan,nan,nan,nan,nan,9.356725146198873952e-03,nan,nan,nan,nan,nan,nan,nan,nan,nan,nan,nan,nan,nan,nan,nan,nan,nan,nan,nan,nan,-3.898635477582843706e-02,nan,nan,nan,nan,0.000000000000000000e+00,nan,-3.586744639376217986e-02,-1.754385964912277135e-02
nan,nan,nan,nan,nan,nan,nan,2.666666666666639256e-03,-5.333333333333301063e-03,nan,-1.904761904761942490e-03,nan,-8.000000000000007105e-03,nan,nan,nan,nan,nan,nan,nan,nan,nan,nan,nan,nan,nan,nan,nan,nan,nan,nan,nan,nan,nan,nan,nan,-4.571428571428559628e-03,nan,nan,-4.190476190476188911e-03,nan,nan,nan,nan,-3.428571428571447477e-03,nan,nan,nan,nan,nan,nan,nan,-4.990476190476191704e-02,nan,nan,nan,nan,nan,nan,nan,nan,0.000000000000000000e+00,nan,nan,-8.380952380952400374e-03
nan,nan,nan,nan,nan,4.373757455268423473e-03,nan,nan,nan,nan,nan,-3.379721669980115945e-02,nan,1.988071570576566138e-03,nan,nan,nan,3.976143141153132060e-04,nan,nan,nan,nan,nan,nan,nan,nan,nan,nan,nan,nan,nan,3.976143141153354321e-04,nan,nan,nan,nan,nan,nan,nan,2.385685884691879453e-03,nan,nan,2.385685884691857335e-03,nan,nan,2.664015904572565249e-02,nan,nan,nan,nan,nan,nan,-2.783300198807154777e-02,nan,nan,nan,nan,nan,nan,nan,nan,0.000000000000000000e+00,nan,nan,nan
nan,nan,nan,nan,4.150943396226414346e-03,-1.660377358490565738e-02,nan,nan,nan,nan,nan,nan,-4.037735849056602738e-02,nan,nan,nan,nan,nan,nan,nan,nan,nan,nan,nan,nan,nan,nan,nan,nan,nan,nan,nan,nan,nan,nan,-6.792452830188677390e-03,nan,nan,nan,nan,nan,nan,nan,-1.849056603773584564e-02,-3.773584905660376629e-04,nan,nan,nan,nan,nan,nan,nan,nan,nan,-3.773584905660376521e-03,3.018867924528301303e-03,nan,nan,nan,nan,nan,0.000000000000000000e+00,nan,nan,-1.018867924528301695e-02
nan,nan,nan,nan,-3.937007874015740930e-04,nan,nan,nan,nan,nan,nan,1.181102362204722225e-03,nan,nan,nan,nan,nan,nan,nan,0.000000000000000000e+00,nan,nan,nan,nan,nan,nan,nan,nan,nan,nan,nan,nan,nan,nan,nan,nan,nan,nan,-4.724409448818888899e-03,nan,nan,nan,nan,nan,nan,nan,nan,nan,nan,nan,-1.338582677165351884e-02,nan,nan,-3.385826771653546036e-02,nan,nan,4.015748031496065018e-02,nan,nan,-4.724409448818888899e-03,-7.874015748031704121e-04,0.000000000000000000e+00,nan,nan,nan
nan,nan,nan,3.474903474903490337e-03,nan,nan,nan,nan,nan,nan,nan,-2.934362934362928430e-02,nan,2.702702702702697215e-03,nan,nan,nan,nan,nan,nan,nan,nan,nan,nan,nan,nan,nan,nan,nan,nan,nan,nan,nan,nan,nan,1.698841698841706618e-02,nan,nan,nan,nan,nan,nan,nan,nan,nan,nan,nan,nan,nan,nan,-3.861003861003853288e-03,nan,-8.069498069498064197e-02,-7.722007722007706576e-03,nan,nan,-3.667953667953660624e-02,nan,nan,nan,nan,0.000000000000000000e+00,nan,-2.779922779922774229e-02,nan
nan,nan,nan,nan,7.707129094412179743e-04,nan,nan,nan,nan,4.662813102119458403e-02,nan,nan,4.161849710982654799e-02,nan,nan,nan,nan,nan,nan,3.853564547206201002e-04,nan,nan,nan,nan,nan,nan,nan,nan,nan,nan,nan,nan,nan,nan,2.003853564547206784e-02,nan,nan,nan,nan,nan,nan,nan,nan,nan,nan,nan,nan,nan,nan,nan,nan,nan,nan,1.156069364161846878e-02,5.394990366088569730e-03,5.009633911367971856e-03,nan,nan,nan,3.468208092485536125e-03,nan,0.000000000000000000e+00,nan,nan,nan
nan,nan,nan,nan,6.095238095238065049e-03,nan,nan,nan,nan,nan,nan,-4.380952380952383290e-02,nan,nan,nan,nan,nan,nan,nan,nan,nan,nan,nan,nan,nan,nan,nan,nan,nan,1.295238095238091490e-02,nan,nan,nan,nan,-2.209523809523810181e-02,nan,nan,nan,nan,9.523809523809489974e-03,nan,nan,nan,nan,nan,nan,nan,nan,nan,nan,2.552380952380950419e-02,nan,nan,1.714285714285712636e-02,nan,nan,nan,nan,nan,-1.371428571428574480e-02,-4.647619047619051813e-02,1.904761904761898038e-03,nan,nan,nan
nan,3.667953667953669644e-02,nan,nan,nan,3.474903474903467786e-03,nan,nan,nan,nan,nan,nan,2.934362934362932940e-02,nan,nan,nan,nan,nan,nan,nan,nan,nan,nan,nan,nan,nan,nan,nan,nan,nan,nan,nan,nan,nan,nan,nan,3.783783783783787463e-02,nan,2.702702702702697215e-03,nan,nan,nan,nan,nan,nan,nan,nan,nan,nan,nan,nan,nan,3.861003861003853396e-04,nan,nan,nan,nan,nan,nan,-5.791505791505779932e-03,-2.316602316602316483e-02,0.000000000000000000e+00,nan,-2.123552123552121390e-02,nan
1.199226305609286600e-02,8.123791102514533319e-03,nan,nan,nan,2.321083172147031699e-03,nan,nan,nan,nan,nan,nan,nan,nan,nan,nan,nan,nan,nan,nan,nan,nan,nan,nan,nan,nan,nan,nan,nan,nan,6.576402321083208054e-03,nan,nan,nan,nan,7.350096711798870253e-03,nan,nan,nan,nan,nan,nan,nan,-2.437137330754348546e-02,-8.123791102514465665e-03,nan,nan,nan,nan,nan,1.547388781431391401e-03,nan,-1.972920696324944462e-02,nan,nan,nan,nan,nan,nan,nan,nan,0.000000000000000000e+00,nan,nan,nan
nan,nan,nan,nan,nan,nan,nan,nan,nan,nan,nan,nan,nan,nan,nan,nan,nan,nan,nan,nan,nan,nan,nan,nan,nan,nan,nan,nan,nan,nan,nan,nan,nan,nan,nan,3.968253968253954156e-04,nan,nan,nan,nan,nan,5.158730158730140403e-03,nan,nan,nan,nan,nan,nan,nan,nan,nan,nan,-3.412698412698413758e-02,-2.500000000000002220e-02,2.936507936507937178e-02,2.896825396825397636e-02,nan,nan,nan,-3.373015873015872135e-02,-2.777777777777790027e-03,-1.587301587301581662e-03,nan,nan,-5.158730158730184638e-03
7.770961145194266173e-03,nan,nan,nan,-4.089979550102262884e-03,-6.134969325153361366e-03,nan,nan,nan,nan,nan,nan,-7.116564417177913271e-02,nan,nan,nan,1.635991820040882906e-03,nan,nan,nan,nan,nan,nan,nan,nan,nan,2.044989775051098049e-03,nan,nan,-2.699386503067484691e-02,nan,nan,nan,nan,nan,nan,nan,nan,-6.952965235173813770e-03,nan,nan,nan,nan,nan,nan,nan,nan,nan,nan,nan,nan,nan,nan,nan,nan,nan,nan,nan,nan,nan,nan,0.000000000000000000e+00,nan,nan,7.770961145194274500e-02
nan,nan,nan,7.722007722007706576e-03,-1.930501930501926644e-03,nan,nan,nan,nan,nan,5.791505791505779932e-03,-3.629343629343632915e-02,nan,nan,nan,nan,nan,nan,nan,nan,nan,nan,4.247104247104238790e-03,nan,nan,nan,nan,nan,nan,nan,nan,nan,nan,nan,-2.702702702702697215e-03,nan,nan,nan,nan,nan,nan,nan,nan,nan,nan,nan,nan,nan,nan,nan,nan,nan,nan,-3.861003861003853396e-04,nan,nan,nan,nan,nan,nan,3.629343629343626670e-02,1.081081081081078886e-02,nan,nan,-6.949806949806958123e-03
nan,nan,nan,nan,nan,1.871345029239761606e-02,nan,nan,-7.407407407407440650e-03,nan,nan,nan,nan,nan,nan,nan,nan,nan,nan,nan,nan,nan,nan,nan,nan,nan,nan,nan,1.169590643274820430e-03,nan,nan,nan,nan,nan,nan,0.000000000000000000e+00,nan,nan,nan,-4.440892098500626408e-17,nan,nan,nan,nan,nan,nan,nan,2.729044834307958571e-03,nan,nan,nan,nan,-4.210526315789477753e-02,2.105263157894734366e-02,nan,nan,nan,nan,nan,nan,nan,1.559454191033116024e-03,nan,nan,1.403508771929820077e-02
3.468208092485558676e-03,nan,nan,nan,nan,nan,6.551059730250452691e-03,nan,-4.200385356454720831e-02,nan,nan,nan,nan,nan,nan,nan,nan,nan,nan,-5.394990366088636517e-03,nan,nan,nan,nan,nan,nan,nan,nan,nan,nan,nan,nan,nan,nan,nan,1.541425818882480401e-03,-3.545279383429671138e-02,nan,nan,nan,nan,nan,nan,nan,-2.312138728323720385e-03,nan,nan,nan,nan,nan,nan,nan,nan,nan,nan,nan,-6.512524084778419098e-02,nan,nan,nan,nan,0.000000000000000000e+00,nan,-6.512524084778421873e-02,nan
nan,nan,nan,nan,0.000000000000000000e+00,nan,nan,nan,nan,nan,0.000000000000000000e+00,nan,nan,nan,nan,nan,nan,nan,nan,0.000000000000000000e+00,nan,nan,nan,nan,nan,nan,nan,nan,nan,nan,nan,nan,nan,nan,3.913894324853117940e-04,nan,nan,nan,nan,0.000000000000000000e+00,nan,nan,nan,nan,nan,nan,nan,nan,nan,nan,nan,nan,nan,2.074363992172207835e-02,nan,nan,1.839530332681014319e-02,nan,nan,nan,1.232876712328766777e-01,-1.330724070450100063e-02,nan,2.426614481408999671e-02,nan
nan,nan,nan,nan,1.050656660412758667e-02,nan,nan,nan,nan,nan,nan,nan,nan,nan,nan,nan,nan,nan,nan,5.853658536585364114e-02,nan,nan,nan,nan,nan,nan,nan,nan,2.213883677298311703e-01,nan,nan,nan,nan,nan,nan,nan,nan,nan,nan,nan,nan,nan,nan,nan,2.101313320825515252e-02,nan,nan,nan,nan,nan,nan,nan,6.904315196998123128e-02,2.439024390243902524e-02,nan,nan,nan,nan,nan,-3.752345215759866816e-03,6.378986866791769121e-03,0.000000000000000000e+00,1.125703564727986630e-03,nan,nan
nan,nan,nan,nan,7.827788649706679319e-04,nan,nan,nan,nan,nan,nan,nan,nan,nan,nan,nan,nan,0.000000000000000000e+00,nan,nan,nan,nan,0.000000000000000000e+00,nan,nan,nan,nan,nan,nan,-6.262230919765121410e-03,nan,nan,nan,nan,nan,nan,nan,nan,nan,nan,nan,nan,nan,nan,nan,nan,nan,1.956947162426647766e-03,nan,nan,nan,-1.956947162426609862e-02,nan,-1.487279843444222482e-02,nan,nan,nan,nan,nan,nan,-4.305283757338518313e-03,-3.913894324853117940e-04,-1.839530332681014319e-02,nan,nan
nan,nan,nan,nan,nan,nan,nan,nan,nan,nan,nan,-3.383458646616488430e-03,nan,nan,nan,nan,nan,nan,nan,nan,nan,nan,nan,nan,nan,nan,nan,nan,nan,nan,nan,nan,nan,nan,-3.759398496240518028e-03,0.000000000000000000e+00,nan,nan,nan,nan,nan,nan,nan,nan,nan,nan,-4.135338345864591862e-03,nan,nan,nan,nan,nan,nan,nan,1.917293233082710893e-02,1.992481203007523405e-02,2.105263157894741305e-02,nan,nan,nan,nan,0.000000000000000000e+00,nan,2.105263157894743387e-02,-2.631578947368384998e-03
nan,nan,nan,nan,0.000000000000000000e+00,nan,nan,-2.298850574712663162e-03,nan,nan,nan,nan,nan,nan,nan,nan,0.000000000000000000e+00,nan,nan,0.000000000000000000e+00,nan,nan,nan,nan,nan,nan,nan,nan,nan,nan,nan,nan,nan,nan,nan,nan,nan,nan,nan,nan,nan,nan,nan,nan,nan,nan,nan,2.681992337164751383e-02,nan,nan,nan,nan,nan,9.195402298850607545e-03,nan,nan,1.218390804597701271e-01,nan,nan,6.896551724137967368e-03,nan,0.000000000000000000e+00,nan,2.187739463601532930e-01,nan
nan,nan,nan,nan,nan,nan,nan,-3.838771593089873591e-04,nan,nan,nan,-3.646833013435699794e-02,nan,nan,nan,nan,nan,nan,nan,-9.213051823416451222e-03,nan,nan,nan,nan,nan,nan,nan,nan,nan,nan,nan,nan,nan,nan,nan,nan,-1.124760076775431494e-01,nan,nan,2.687140115163200345e-03,nan,nan,nan,nan,-3.838771593090184540e-03,nan,nan,nan,nan,nan,nan,nan,-1.140115163147792099e-01,nan,nan,nan,-3.685220729366598530e-02,nan,nan,nan,nan,0.000000000000000000e+00,nan,-3.454894433781188073e-02,nan
nan,nan,nan,nan,-3.929273084479545158e-04,nan,nan,nan,nan,nan,nan,nan,nan,nan,nan,1.178781925343774751e-03,nan,nan,nan,-7.465618860510869412e-03,nan,nan,nan,nan,nan,nan,nan,nan,nan,-4.440892098500626408e-17,nan,nan,nan,nan,1.689587426326124436e-02,nan,nan,nan,nan,nan,nan,nan,nan,nan,nan,nan,-2.750491159135593031e-03,nan,nan,nan,nan,nan,-2.868369351669943640e-02,9.823182711198374245e-03,nan,nan,nan,nan,nan,nan,-3.654223968565819408e-02,7.858546168958646877e-04,nan,nan,nan
nan,nan,nan,nan,-3.448275862068972408e-03,nan,nan,nan,3.946360153256707470e-02,nan,nan,nan,nan,nan,nan,nan,-3.448275862068950291e-03,nan,nan,-6.130268199233679383e-03,nan,nan,nan,nan,nan,nan,nan,nan,nan,nan,nan,nan,nan,nan,nan,nan,nan,nan,nan,nan,nan,nan,nan,nan,nan,nan,2.567049808429120589e-02,nan,nan,nan,nan,nan,4.750957854406127889e-02,4.214559386973193607e-03,nan,nan,nan,nan,nan,-1.340996168582373436e-02,-5.363984674329502420e-03,0.000000000000000000e+00,nan,nan,nan
nan,nan,nan,nan,nan,nan,2.641509433962263478e-03,nan,nan,nan,nan,nan,nan,nan,nan,nan,2.264150943396226086e-03,nan,nan,nan,nan,nan,nan,nan,nan,nan,nan,nan,nan,1.886792452830188260e-03,nan,nan,nan,nan,-3.018867924528301303e-03,nan,nan,nan,nan,1.509433962264150652e-03,nan,nan,nan,-1.094339622641509260e-02,nan,nan,nan,nan,nan,nan,nan,nan,nan,-6.792452830188677390e-03,nan,nan,nan,nan,nan,nan,3.509433962264150303e-02,-3.773584905660376629e-04,1.886792452830188260e-03,nan,nan
nan,nan,nan,1.366602687140114625e-01,-6.142034548944397092e-03,-6.142034548944397092e-03,nan,nan,nan,nan,nan,nan,nan,nan,nan,1.919385796545069935e-03,5.758157389635277026e-03,nan,nan,-1.151631477927095217e-03,nan,nan,nan,nan,nan,nan,nan,nan,nan,nan,nan,nan,nan,nan,nan,nan,nan,nan,nan,-6.909788867562416045e-03,nan,nan,nan,nan,-9.980806142034625433e-03,nan,nan,nan,nan,nan,nan,nan,nan,nan,nan,nan,nan,nan,nan,1.761996161228406577e-01,nan,0.000000000000000000e+00,nan,nan,nan
nan,nan,nan,nan,nan,nan,nan,nan,nan,nan,nan,nan,nan,nan,nan,3.861003861003853396e-04,1.158301158301156073e-03,nan,nan,nan,nan,nan,nan,nan,nan,nan,nan,nan,nan,nan,nan,nan,nan,nan,nan,nan,nan,nan,nan,nan,nan,nan,nan,nan,nan,nan,nan,-7.722007722007817598e-03,nan,nan,nan,nan,-2.471042471042477276e-02,-1.891891891891899283e-02,nan,nan,2.316602316602311973e-02,nan,nan,nan,5.868725868725861716e-02,7.722007722007706793e-04,nan,2.239382239382235046e-02,-8.108108108108181417e-03
nan,nan,nan,nan,nan,nan,nan,nan,4.571428571428568649e-02,nan,nan,nan,3.695238095238091713e-02,nan,nan,nan,nan,nan,nan,2.666666666666639256e-03,nan,nan,nan,nan,nan,nan,nan,nan,nan,nan,nan,nan,nan,nan,nan,9.142857142857096706e-03,nan,nan,nan,nan,1.028571428571420886e-02,nan,nan,nan,nan,nan,nan,nan,nan,nan,nan,nan,2.819047619047612002e-02,1.142857142857138866e-02,nan,nan,nan,nan,nan,nan,6.095238095238065049e-03,1.142857142857134269e-03,nan,nan,-3.809523809524151153e-04
nan,nan,nan,nan,-5.353728489483811429e-03,nan,nan,nan,-1.912045889101388020e-03,nan,nan,-1.338432122370938372e-02,-9.560229445506718271e-03,nan,nan,nan,nan,nan,nan,nan,nan,nan,nan,nan,nan,nan,nan,nan,nan,nan,nan,nan,nan,nan,nan,-5.736137667304075372e-03,nan,nan,nan,nan,1.032504780114720279e-02,-6.500956022944559889e-03,nan,nan,nan,nan,nan,nan,nan,nan,nan,nan,-2.676864244741876744e-02,1.529636711281068262e-02,nan,nan,nan,nan,nan,nan,nan,3.824091778202642683e-04,nan,nan,nan
nan,nan,nan,nan,nan,nan,8.812260536398497379e-03,nan,nan,nan,nan,nan,nan,5.363984674329547522e-03,nan,2.681992337164773761e-03,nan,nan,nan,nan,nan,nan,nan,nan,nan,nan,nan,nan,nan,nan,nan,nan,nan,nan,1.915708812260552563e-03,1.992337164750958983e-02,nan,nan,nan,nan,nan,nan,8.045977011494231945e-03,nan,nan,nan,nan,nan,nan,nan,nan,nan,nan,1.800766283524906156e-02,nan,nan,nan,nan,nan,nan,4.137931034482762727e-02,-3.831417624521104908e-04,4.980842911877392254e-03,nan,nan
nan,1.698113207547169434e-02,nan,nan,nan,8.301886792452828692e-03,nan,nan,nan,nan,nan,-3.773584905660376521e-03,nan,nan,nan,nan,nan,nan,nan,3.396226415094338695e-03,nan,nan,nan,nan,nan,nan,nan,nan,nan,1.320754716981131782e-02,nan,nan,nan,nan,nan,nan,1.509433962264150608e-02,nan,nan,nan,nan,nan,nan,nan,1.132075471698113043e-03,nan,nan,nan,nan,nan,nan,nan,-3.924528301886791304e-02,1.886792452830188260e-03,nan,nan,nan,nan,nan,nan,nan,0.000000000000000000e+00,nan,nan,nan
nan,nan,nan,nan,0.000000000000000000e+00,nan,nan,nan,nan,nan,nan,nan,-2.268431001890369725e-02,nan,nan,nan,1.890359168241873000e-03,nan,nan,nan,nan,nan,nan,nan,nan,nan,nan,nan,nan,nan,nan,nan,nan,nan,nan,nan,nan,nan,nan,nan,nan,nan,nan,nan,nan,nan,nan,nan,nan,nan,nan,-2.268431001890369725e-02,nan,-1.587901701323257697e-02,nan,nan,4.385633270321354082e-02,nan,nan,-1.474480151228738621e-02,2.003780718336480721e-02,0.000000000000000000e+00,nan,4.612476370510391888e-02,nan
7.707129094412402005e-04,nan,nan,nan,-1.156069364161860192e-03,nan,nan,nan,nan,nan,nan,nan,0.000000000000000000e+00,nan,nan,nan,nan,nan,nan,nan,nan,nan,nan,nan,nan,nan,nan,nan,nan,nan,nan,0.000000000000000000e+00,nan,nan,nan,nan,nan,nan,nan,nan,nan,nan,nan,nan,nan,nan,nan,nan,nan,nan,nan,3.082851637764894015e-03,-1.156069364161853644e-02,5.009633911367971856e-03,nan,nan,nan,nan,nan,nan,-2.312138728323698267e-03,-2.312138728323720385e-03,-5.009633911368061195e-03,nan,nan
nan,nan,nan,nan,-6.367041198501888037e-03,nan,nan,nan,8.614232209737827245e-03,nan,nan,nan,2.621722846441953796e-03,nan,nan,nan,nan,nan,nan,nan,nan,nan,nan,nan,nan,nan,nan,nan,nan,4.494382022471920916e-03,nan,nan,nan,nan,nan,-2.247191011235960458e-03,nan,nan,-2.996254681647947567e-03,nan,nan,nan,nan,nan,nan,nan,-2.247191011235960458e-03,nan,nan,nan,nan,nan,-2.546816479400753133e-02,nan,nan,nan,nan,nan,nan,2.996254681647925015e-03,nan,0.000000000000000000e+00,nan,nan,nan
nan,nan,nan,nan,nan,nan,nan,nan,nan,nan,nan,nan,-6.551059730250485824e-02,nan,nan,-8.092485549132933526e-03,nan,nan,nan,-5.394990366088614833e-03,nan,nan,nan,nan,nan,nan,nan,nan,nan,nan,nan,nan,nan,nan,nan,nan,nan,nan,-1.425818882466281003e-02,nan,nan,nan,nan,nan,nan,nan,nan,nan,nan,nan,nan,-6.551059730250485824e-02,nan,-2.928709055876683662e-02,4.701348747591523047e-02,4.585741811175336746e-02,nan,nan,nan,nan,-6.936416184971072249e-03,0.000000000000000000e+00,nan,nan,nan
-5.870841487279810159e-03,nan,nan,nan,-3.913894324852895679e-04,nan,-1.565557729941269294e-03,nan,nan,nan,nan,nan,nan,nan,nan,nan,nan,nan,nan,-1.448140900195691270e-02,nan,nan,nan,nan,nan,nan,nan,nan,nan,nan,nan,nan,nan,nan,nan,nan,nan,nan,nan,-3.913894324853228746e-03,nan,nan,nan,nan,nan,nan,nan,nan,nan,nan,nan,nan,-2.935420743639920518e-02,-2.935420743639918090e-02,nan,nan,2.544031311154602154e-02,nan,nan,nan,5.988258317025441091e-02,-3.913894324852895679e-04,nan,nan,nan
nan,nan,nan,nan,nan,nan,nan,nan,nan,nan,nan,nan,nan,nan,nan,nan,nan,nan,nan,nan,nan,nan,nan,nan,nan,nan,-1.884615384615377989e-02,nan,nan,nan,nan,nan,nan,nan,nan,nan,nan,nan,nan,nan,nan,nan,nan,nan,nan,nan,nan,nan,nan,nan,nan,-6.923076923076920686e-02,-6.923076923076920686e-02,-5.538461538461529610e-02,7.307692307692392579e-03,1.000000000000007480e-02,2.961538461538464409e-02,nan,nan,nan,5.153846153846160238e-02,-1.153846153846149834e-03,nan,2.884615384615389980e-02,nan
nan,nan,nan,-2.412451361867706812e-02,7.782101167315147450e-04,nan,nan,nan,nan,nan,nan,-1.089494163424127235e-02,nan,nan,nan,nan,nan,nan,nan,nan,nan,nan,nan,nan,nan,nan,nan,nan,nan,nan,nan,nan,nan,nan,-2.451361867704282549e-02,nan,nan,nan,nan,nan,nan,nan,nan,nan,nan,nan,-4.474708171206231988e-02,nan,nan,nan,nan,nan,nan,-1.906614785992222227e-02,nan,nan,1.789883268482483913e-02,nan,nan,nan,4.747081712062253128e-02,0.000000000000000000e+00,nan,1.439688715953302278e-02,nan
nan,nan,nan,nan,nan,nan,nan,nan,-2.161100196463654546e-02,nan,nan,-8.251473477406711873e-03,nan,nan,nan,nan,nan,nan,nan,nan,nan,nan,nan,nan,nan,nan,nan,nan,nan,1.964636542239661665e-03,nan,nan,nan,nan,nan,nan,nan,nan,nan,nan,nan,nan,nan,nan,nan,nan,nan,nan,nan,nan,nan,nan,-3.300589390962675729e-02,-2.946954813359530315e-02,nan,nan,4.440078585461684074e-02,nan,nan,nan,2.907662082514732640e-02,0.000000000000000000e+00,-7.072691552062892670e-03,4.715127701375247671e-02,nan
nan,nan,nan,nan,0.000000000000000000e+00,nan,0.000000000000000000e+00,nan,nan,-1.484230055658653045e-03,nan,nan,nan,nan,nan,nan,nan,nan,nan,nan,nan,nan,nan,nan,nan,nan,nan,nan,nan,nan,nan,nan,nan,nan,nan,nan,nan,nan,nan,0.000000000000000000e+00,nan,nan,nan,nan,nan,nan,nan,nan,nan,nan,0.000000000000000000e+00,nan,nan,3.710575139146521373e-03,nan,nan,3.191094619666044047e-02,nan,nan,nan,7.829313543599251968e-02,0.000000000000000000e+00,nan,2.857142857142853584e-02,nan
nan,nan,nan,nan,nan,nan,nan,nan,6.476190476190524237e-03,nan,2.285714285714313208e-03,nan,nan,nan,nan,nan,nan,nan,nan,-8.380952380952332720e-03,nan,nan,nan,nan,nan,nan,nan,nan,nan,nan,nan,nan,nan,nan,nan,nan,5.333333333333389534e-03,nan,nan,nan,-1.523809523809482869e-03,nan,nan,nan,nan,nan,-6.476190476190435766e-03,nan,nan,nan,-7.619047619047192082e-04,nan,-3.847619047619042082e-02,2.285714285714313208e-03,nan,nan,nan,nan,nan,nan,nan,0.000000000000000000e+00,nan,nan,nan
nan,nan,nan,nan,nan,nan,nan,nan,nan,nan,nan,-2.281368821292795255e-03,-3.764258555133084133e-02,nan,nan,nan,nan,nan,nan,nan,nan,nan,nan,nan,nan,nan,nan,nan,nan,nan,nan,nan,nan,nan,nan,6.083650190114075866e-03,-3.688212927756655268e-02,nan,nan,nan,nan,nan,nan,nan,1.520912547528485790e-03,nan,-2.471482889733840269e-02,nan,nan,nan,nan,nan,nan,nan,nan,nan,nan,nan,nan,nan,-6.539923954372628412e-02,3.802281368821214475e-04,nan,-5.589353612167302643e-02,-1.140684410646408686e-03
nan,-3.725490196078431321e-02,nan,1.098039215686270539e-02,nan,-1.450980392156868762e-02,5.490196078431352697e-03,nan,nan,nan,nan,nan,nan,nan,nan,nan,2.352941176470579789e-03,nan,nan,-1.098039215686279560e-02,nan,nan,nan,nan,5.882352941176449690e-03,nan,nan,nan,nan,nan,nan,nan,nan,nan,nan,nan,nan,nan,nan,-3.137254901960773341e-03,nan,nan,nan,nan,-9.411764705882386811e-03,nan,nan,nan,nan,nan,nan,nan,nan,nan,nan,nan,nan,nan,nan,nan,nan,0.000000000000000000e+00,nan,nan,nan
nan,nan,nan,-7.648183556405396821e-03,-1.912045889101343567e-03,nan,nan,nan,nan,nan,nan,nan,nan,nan,-1.529636711281101525e-03,nan,nan,nan,nan,nan,nan,3.824091778202642683e-04,nan,nan,nan,nan,nan,nan,nan,nan,nan,nan,nan,nan,nan,nan,nan,nan,nan,2.676864244741850203e-03,nan,nan,nan,nan,nan,nan,nan,nan,nan,nan,-3.059273422562158815e-03,nan,nan,-1.223709369024859016e-02,nan,nan,nan,nan,nan,nan,2.217973231357548564e-02,0.000000000000000000e+00,nan,nan,6.500956022944559889e-03
4.440892098500626408e-17,-3.364485981308362652e-03,nan,nan,nan,nan,nan,nan,4.112149532710329680e-03,nan,nan,nan,nan,nan,nan,nan,nan,nan,nan,nan,nan,nan,nan,nan,nan,nan,nan,nan,nan,nan,nan,nan,nan,nan,-5.981308411214913967e-03,1.121495327102817186e-03,nan,nan,nan,-2.990654205607445708e-03,nan,nan,nan,nan,nan,nan,nan,nan,nan,nan,nan,nan,-4.523364485981300198e-02,-2.990654205607423590e-03,nan,nan,nan,nan,nan,nan,nan,3.738317757009390618e-04,-9.719626168224238666e-03,nan,nan
9.411764705882319157e-03,nan,nan,nan,nan,nan,nan,nan,3.529411764705880916e-02,nan,nan,nan,nan,nan,nan,nan,nan,nan,nan,nan,nan,nan,nan,nan,nan,nan,nan,nan,nan,nan,nan,nan,nan,nan,nan,nan,3.372549019607842119e-02,nan,-6.666666666666642808e-03,nan,nan,nan,nan,nan,0.000000000000000000e+00,nan,nan,nan,nan,nan,1.960784313725483230e-03,nan,2.196078431372550099e-02,6.666666666666642808e-03,nan,nan,nan,nan,nan,nan,-8.627450980392147722e-03,0.000000000000000000e+00,nan,nan,nan
nan,nan,nan,nan,-8.383233532934153756e-03,nan,nan,nan,6.387225548902186571e-03,nan,nan,nan,nan,nan,nan,nan,nan,nan,nan,9.980039920159611277e-03,nan,nan,nan,nan,nan,nan,nan,nan,nan,nan,nan,nan,nan,nan,-3.992015968064199999e-04,-2.220446049250313204e-17,-3.992015968063889267e-03,nan,1.437125748502989832e-02,nan,nan,nan,nan,nan,nan,nan,nan,nan,nan,nan,nan,nan,nan,3.792415169660674767e-02,nan,nan,nan,nan,nan,2.155688622754490386e-02,nan,0.000000000000000000e+00,nan,nan,nan
nan,nan,nan,nan,nan,nan,nan,nan,-1.269230769230775789e-02,nan,nan,nan,nan,nan,nan,nan,nan,nan,nan,-1.538461538461533039e-03,nan,nan,nan,nan,nan,nan,nan,nan,nan,nan,nan,nan,nan,nan,nan,nan,nan,nan,nan,nan,nan,1.230769230769226431e-02,1.269230769230764687e-02,1.153846153846149834e-03,nan,nan,-2.692307692307682656e-03,nan,nan,nan,nan,nan,nan,nan,nan,nan,nan,nan,nan,-3.461538461538449067e-03,1.923076923076916245e-03,1.538461538461533039e-03,nan,nan,-3.461538461538449067e-03
nan,nan,nan,nan,1.495327102803667343e-03,0.000000000000000000e+00,nan,nan,nan,nan,nan,nan,nan,nan,nan,nan,nan,nan,nan,1.869158878504584287e-03,nan,nan,1.869158878504584287e-03,nan,nan,nan,nan,nan,nan,nan,nan,nan,nan,nan,nan,nan,nan,nan,nan,0.000000000000000000e+00,nan,nan,nan,nan,nan,nan,nan,nan,nan,nan,nan,nan,nan,nan,nan,nan,3.738317757009279596e-03,nan,nan,1.495327102803667343e-03,1.009345794392515518e-02,0.000000000000000000e+00,nan,3.738317757009279596e-03,nan
nan,nan,nan,nan,nan,nan,nan,nan,nan,nan,nan,1.908396946564860919e-03,nan,nan,nan,nan,2.977099236641216409e-02,nan,nan,-1.145038167939005282e-03,nan,nan,nan,nan,nan,nan,nan,nan,nan,nan,nan,nan,nan,nan,nan,nan,nan,nan,nan,nan,nan,1.145038167938927653e-02,nan,nan,nan,nan,nan,nan,nan,nan,nan,nan,nan,1.908396946564860919e-03,5.725190839694582756e-03,nan,2.519083969465642919e-02,nan,nan,nan,-3.435114503816860589e-03,0.000000000000000000e+00,2.824427480916027328e-02,nan,nan
nan,nan,nan,-7.279693486590054982e-03,nan,nan,nan,nan,nan,nan,nan,nan,nan,nan,nan,nan,nan,nan,nan,-1.532567049808441963e-03,nan,nan,nan,nan,nan,nan,-4.214559386973182331e-03,nan,nan,nan,nan,nan,nan,nan,nan,-1.149425287356342640e-03,nan,nan,-1.915708812260552563e-03,nan,nan,nan,nan,-2.413793103448277216e-02,-1.957854406130268288e-01,nan,nan,nan,nan,nan,nan,nan,nan,-2.670498084291187402e-01,nan,nan,nan,nan,nan,-2.954022988505747849e-01,nan,3.831417624520994320e-04,nan,nan,nan
nan,nan,nan,nan,-1.698113207547169434e-02,nan,nan,nan,nan,nan,nan,-3.849056603773583912e-02,-1.471698113207546912e-02,nan,-2.754716981132074999e-02,nan,nan,nan,nan,nan,nan,nan,nan,nan,nan,nan,nan,nan,nan,nan,nan,nan,nan,nan,nan,nan,nan,nan,nan,-1.094339622641509260e-02,nan,-1.132075471698112956e-02,nan,nan,nan,nan,nan,nan,nan,nan,nan,nan,nan,-4.150943396226414346e-03,nan,nan,nan,nan,nan,nan,nan,-7.547169811320753258e-04,7.547169811320753258e-04,nan,-1.547169811320754304e-02
nan,nan,nan,nan,nan,nan,nan,nan,nan,nan,nan,nan,nan,nan,nan,nan,nan,nan,nan,0.000000000000000000e+00,nan,nan,nan,nan,nan,nan,nan,nan,0.000000000000000000e+00,nan,nan,nan,nan,nan,nan,nan,nan,nan,nan,nan,nan,nan,nan,nan,nan,nan,nan,nan,nan,nan,3.773584905660376629e-04,nan,0.000000000000000000e+00,-3.773584905660376629e-04,2.566037735849056173e-02,2.377358490566037347e-02,5.018867924528300911e-02,nan,nan,nan,nan,0.000000000000000000e+00,nan,5.056603773584904260e-02,nan
2.794411177644740181e-03,nan,nan,nan,nan,nan,nan,nan,nan,nan,nan,nan,1.556886227544915756e-02,nan,nan,nan,7.984031936127955476e-04,nan,nan,nan,nan,nan,nan,nan,nan,nan,nan,nan,nan,1.317365269461083857e-02,nan,nan,nan,nan,nan,nan,nan,nan,nan,-1.197604790419126751e-03,nan,nan,nan,nan,nan,nan,nan,nan,nan,nan,nan,nan,nan,1.596806387225613213e-03,nan,nan,nan,nan,nan,-2.155688622754485875e-02,4.271457085828347239e-02,1.197604790419171204e-03,nan,nan,1.197604790419193321e-03
nan,nan,nan,1.691176470588229286e-02,nan,nan,nan,nan,nan,nan,nan,nan,nan,nan,-2.205882352941257538e-03,nan,3.676470588235281056e-04,nan,nan,-1.102941176470650887e-03,nan,nan,nan,nan,nan,nan,-2.220446049250313204e-17,nan,nan,nan,nan,nan,nan,nan,2.941176470588180610e-03,nan,nan,nan,nan,nan,nan,nan,-2.683823529411768355e-02,nan,-2.573529411764763526e-03,nan,-2.647058823529415544e-02,nan,nan,nan,nan,nan,nan,nan,nan,nan,nan,nan,nan,nan,nan,0.000000000000000000e+00,nan,nan,nan
nan,nan,nan,nan,nan,nan,nan,nan,nan,nan,nan,nan,nan,nan,nan,nan,nan,nan,nan,-8.846153846153925401e-03,nan,nan,1.115384615384611491e-02,nan,nan,nan,nan,nan,-7.692307692308330896e-04,nan,nan,nan,nan,nan,nan,1.192307692307688002e-02,nan,nan,nan,nan,nan,nan,nan,nan,3.846153846153610337e-04,nan,nan,nan,nan,nan,nan,nan,1.538461538461533039e-03,nan,9.999999999999963779e-03,9.999999999999963779e-03,nan,nan,nan,nan,6.499999999999994671e-02,3.846153846153832598e-04,nan,nan,nan
nan,-1.363636363636369121e-02,nan,nan,-5.303030303030320698e-03,nan,nan,nan,nan,nan,nan,nan,-2.575757575757584711e-02,nan,nan,nan,nan,nan,nan,nan,nan,nan,nan,nan,9.469696969696905775e-03,nan,nan,nan,1.022727272727270639e-02,nan,nan,nan,nan,nan,-1.363636363636366866e-02,-3.787878787878806632e-03,nan,nan,nan,nan,nan,nan,nan,nan,nan,nan,nan,-5.303030303030342382e-03,nan,nan,nan,nan,nan,1.439393939393935826e-02,nan,nan,nan,nan,nan,nan,nan,7.575757575757346984e-04,nan,nan,nan
nan,nan,nan,nan,nan,nan,nan,nan,nan,nan,nan,nan,nan,nan,nan,nan,0.000000000000000000e+00,nan,nan,0.000000000000000000e+00,nan,nan,nan,nan,nan,nan,nan,nan,nan,nan,nan,nan,nan,nan,nan,nan,nan,nan,nan,nan,nan,nan,nan,nan,nan,nan,nan,nan,nan,nan,nan,nan,-5.522682445759308049e-03,2.366863905325455961e-03,-3.944773175542426241e-04,7.889546351084852482e-04,1.183431952662750098e-03,nan,nan,nan,nan,0.000000000000000000e+00,nan,3.944773175542426241e-04,1.577909270216970496e-03
nan,nan,nan,nan,nan,nan,1.370967741935484943e-02,nan,nan,nan,3.225806451612922739e-03,nan,nan,nan,nan,0.000000000000000000e+00,nan,nan,nan,nan,nan,nan,1.370967741935487025e-02,nan,nan,nan,nan,nan,nan,8.064516129032273453e-03,nan,nan,nan,nan,6.048387096774199452e-03,nan,nan,nan,nan,nan,nan,nan,nan,nan,nan,nan,nan,nan,nan,nan,nan,nan,nan,nan,nan,nan,nan,nan,nan,-4.999999999999997502e-02,nan,0.000000000000000000e+00,-1.169354838709673119e-02,nan,8.467741935483896060e-03
nan,nan,nan,nan,nan,3.913894324853251297e-03,nan,1.800391389432487443e-02,nan,nan,nan,nan,nan,8.219178082191812978e-03,nan,nan,nan,nan,nan,nan,nan,nan,nan,nan,nan,nan,nan,nan,nan,nan,1.526418786692760286e-02,nan,nan,nan,nan,nan,nan,nan,7.045009784735834120e-03,nan,nan,nan,nan,nan,nan,nan,nan,nan,nan,nan,nan,nan,9.393346379647771888e-03,1.761252446183958487e-02,nan,nan,nan,nan,nan,-1.330724070450095553e-02,-3.287671232876707844e-02,0.000000000000000000e+00,nan,nan,nan
nan,nan,nan,3.816793893129810742e-03,nan,nan,-1.145038167938916595e-03,nan,nan,nan,nan,nan,nan,nan,nan,nan,nan,nan,nan,nan,nan,nan,nan,nan,nan,nan,nan,nan,nan,nan,nan,nan,nan,nan,-4.580152671755688062e-03,-3.816793893129721621e-04,nan,nan,nan,nan,nan,2.290076335877922094e-03,nan,nan,6.488549618320660003e-03,nan,nan,nan,nan,nan,nan,-1.297709923664120898e-02,nan,-8.778625954198426840e-03,nan,nan,nan,nan,nan,nan,-2.595419847328239715e-02,-3.816793893129721621e-04,nan,nan,nan
nan,nan,nan,nan,1.919385796545136722e-03,nan,3.838771593090317571e-04,2.687140115163200345e-03,nan,nan,nan,nan,-2.495201535508635368e-02,nan,nan,nan,1.919385796545158840e-03,nan,nan,nan,nan,nan,nan,nan,nan,nan,nan,nan,nan,nan,nan,nan,nan,nan,2.303262955854146199e-03,nan,nan,nan,nan,nan,nan,nan,nan,nan,nan,nan,nan,nan,nan,nan,nan,-2.149712092130515867e-02,nan,4.606525911708269846e-03,nan,nan,nan,nan,nan,nan,-5.028790786948176411e-02,0.000000000000000000e+00,nan,nan,nan
