nan,nan,nan,nan,nan,nan,nan,nan,nan,nan,nan,nan,nan,nan,4.359861591695506078e-02,nan,nan,nan,nan,nan,nan,nan,nan,nan,nan,nan,nan,nan,nan,2.906574394463674535e-02,-7.543252595155705564e-02,nan,nan,nan,nan,nan,nan,nan,nan,nan,nan,nan,2.332179930795848510e-01,2.207612456747405361e-01,8.304498269896255086e-03,nan,6.228373702422152283e-03,2.076124567474080251e-03,nan,nan,nan,nan,nan,nan,nan,nan,nan,nan,nan,-2.574394463667819544e-01,nan,nan,-2.470588235294117196e-01,nan,nan
nan,nan,nan,nan,nan,nan,nan,nan,nan,nan,nan,nan,nan,nan,nan,nan,nan,nan,nan,nan,nan,nan,nan,nan,nan,nan,nan,nan,nan,-4.697986577181167793e-03,7.382550335570492277e-03,nan,nan,nan,nan,nan,nan,nan,nan,nan,nan,3.355704697986605731e-03,nan,1.140939597315435670e-02,-6.711409395972811392e-04,nan,nan,nan,nan,nan,nan,7.919463087248324040e-02,4.026845637583895826e-02,nan,nan,nan,nan,nan,nan,-6.711409395973122125e-03,nan,nan,-6.711409395973100440e-03,nan,2.885906040268457901e-02
nan,nan,nan,nan,nan,nan,nan,nan,nan,nan,nan,nan,8.783783783783794680e-03,nan,nan,nan,nan,nan,nan,nan,nan,nan,nan,nan,nan,nan,nan,nan,nan,nan,nan,nan,nan,nan,nan,nan,nan,nan,nan,nan,nan,nan,nan,-5.405405405405416981e-03,-5.405405405405394430e-03,-5.405405405405438665e-03,-9.459459459459451311e-03,-3.378378378378399383e-03,nan,nan,nan,-4.729729729729727911e-02,-3.175675675675673076e-02,nan,nan,nan,nan,nan,nan,-4.054054054054079433e-03,-4.054054054054079433e-03,nan,nan,nan,nan
nan,nan,nan,nan,nan,nan,nan,nan,nan,nan,nan,nan,nan,nan,nan,nan,nan,nan,nan,nan,nan,nan,nan,nan,nan,nan,nan,nan,nan,-5.940594059405901635e-03,2.112211221122115706e-02,nan,nan,nan,nan,nan,nan,nan,nan,nan,nan,7.920792079207972930e-03,nan,-3.300330033003251364e-03,8.580858085808639943e-03,nan,nan,nan,nan,nan,nan,6.600660066007124410e-04,-3.960396039603956975e-02,nan,nan,nan,nan,nan,nan,9.900990099009954887e-03,3.498349834983500994e-02,nan,nan,nan,9.900990099009909784e-03
nan,nan,nan,nan,nan,nan,nan,nan,nan,nan,nan,nan,nan,nan,nan,nan,nan,nan,nan,nan,nan,nan,nan,nan,nan,nan,nan,nan,nan,-3.197278911564629261e-02,3.129251700680264758e-02,nan,nan,nan,nan,nan,nan,nan,nan,-1.360544217687076254e-03,nan,nan,6.122448979591821674e-03,2.448979591836728670e-02,nan,-3.537414965986398346e-02,-3.741496598639459936e-02,-3.877551020408167431e-02,nan,nan,nan,nan,nan,nan,nan,nan,nan,nan,nan,-1.972789115646260763e-02,nan,-2.789115646258508857e-02,nan,nan,nan
nan,-3.754266211604097986e-02,nan,nan,nan,nan,nan,nan,nan,nan,nan,nan,nan,nan,nan,nan,nan,nan,nan,nan,nan,nan,nan,nan,nan,nan,nan,nan,nan,0.000000000000000000e+00,nan,nan,nan,nan,nan,nan,nan,nan,nan,nan,-1.774744027303756105e-02,nan,nan,-6.825938566553003007e-04,3.412969283276412382e-03,7.508532423208124848e-03,-8.191126279863536822e-03,4.778156996586990432e-03,nan,nan,nan,nan,nan,nan,nan,nan,nan,nan,nan,5.460750853242291383e-03,nan,nan,nan,nan,2.047781569965811781e-03
nan,nan,nan,nan,nan,nan,nan,nan,nan,nan,nan,nan,nan,nan,nan,nan,nan,nan,nan,nan,nan,nan,nan,nan,nan,nan,nan,nan,nan,0.000000000000000000e+00,0.000000000000000000e+00,nan,nan,nan,nan,nan,nan,nan,nan,nan,nan,nan,nan,nan,nan,0.000000000000000000e+00,0.000000000000000000e+00,nan,nan,nan,nan,nan,0.000000000000000000e+00,nan,nan,nan,-1.344051446945337402e-01,nan,nan,0.000000000000000000e+00,-1.704180064308681852e-01,nan,nan,-1.292604501607716727e-01,-6.430868167202508524e-04
nan,nan,nan,nan,nan,nan,nan,nan,-3.199999999999993822e-02,nan,nan,nan,-8.399999999999993583e-02,nan,-2.066666666666659019e-02,nan,nan,nan,nan,nan,nan,nan,nan,nan,nan,nan,nan,nan,nan,-3.999999999999992450e-02,6.666666666667264924e-04,nan,nan,nan,nan,nan,-5.133333333333327253e-02,nan,nan,nan,nan,nan,nan,2.000000000000023894e-03,nan,nan,nan,nan,nan,nan,nan,nan,nan,nan,nan,nan,nan,nan,nan,5.333333333333389534e-03,4.666666666666685268e-03,0.000000000000000000e+00,nan,nan,nan
nan,nan,nan,nan,nan,nan,nan,nan,nan,nan,nan,nan,nan,nan,nan,nan,nan,nan,nan,nan,nan,nan,nan,nan,nan,nan,nan,nan,nan,-7.142857142857184267e-03,8.441558441558427023e-03,nan,nan,nan,nan,nan,nan,nan,nan,-1.948051948051952170e-02,nan,-2.142857142857141836e-02,nan,-2.207792207792209568e-02,-1.428571428571432343e-02,1.363636363636360274e-02,-1.558441558441558961e-02,nan,nan,nan,nan,nan,nan,nan,nan,nan,nan,nan,nan,0.000000000000000000e+00,nan,nan,nan,nan,-2.077922077922078614e-02
nan,nan,nan,nan,nan,nan,nan,nan,nan,nan,nan,nan,nan,nan,-7.166123778501632020e-03,nan,nan,nan,nan,nan,nan,nan,nan,nan,nan,nan,nan,nan,nan,-3.257328990228014476e-02,-1.758957654723127678e-02,nan,nan,nan,nan,nan,nan,nan,nan,nan,nan,nan,nan,nan,1.302931596091205704e-03,nan,-5.667752442996745049e-02,0.000000000000000000e+00,nan,nan,nan,-6.058631921824107064e-02,-1.863192182410424169e-01,nan,nan,nan,nan,nan,nan,-9.771986970684043428e-03,nan,nan,nan,nan,-5.211726384364822814e-03
nan,nan,7.350993377483446001e-02,nan,nan,nan,nan,nan,nan,nan,nan,2.516556291390730296e-02,nan,nan,nan,nan,nan,nan,nan,nan,nan,nan,nan,nan,nan,nan,nan,7.019867549668874773e-02,nan,-6.622516556291424333e-04,nan,nan,5.960264900662255727e-02,nan,nan,nan,nan,nan,nan,nan,nan,nan,nan,nan,nan,nan,nan,6.622516556291424333e-04,nan,nan,nan,-1.655629139072845035e-02,-4.900662251655629742e-02,nan,nan,nan,nan,nan,nan,-1.324503311258284867e-03,nan,nan,-6.622516556291424333e-04,nan,nan
nan,nan,5.695364238410591945e-02,nan,nan,nan,nan,nan,nan,nan,nan,nan,nan,nan,9.337748344370852549e-02,nan,nan,nan,nan,nan,nan,nan,nan,nan,nan,nan,nan,nan,nan,0.000000000000000000e+00,nan,nan,nan,nan,nan,nan,nan,nan,nan,nan,0.000000000000000000e+00,nan,nan,0.000000000000000000e+00,0.000000000000000000e+00,0.000000000000000000e+00,3.973509933774832699e-03,nan,nan,nan,nan,nan,nan,nan,nan,nan,nan,nan,nan,0.000000000000000000e+00,nan,nan,nan,nan,0.000000000000000000e+00
nan,nan,nan,nan,nan,nan,nan,nan,nan,nan,nan,nan,-8.657718120805377171e-02,nan,nan,nan,nan,nan,nan,nan,nan,nan,nan,nan,nan,nan,nan,nan,nan,5.369127516778493710e-03,nan,nan,nan,nan,nan,nan,nan,nan,nan,nan,nan,nan,-2.080536912751680331e-02,-3.087248322147653073e-02,-9.395973154362446608e-03,-1.140939597315440181e-02,-5.503355704697994455e-02,nan,nan,nan,nan,nan,nan,nan,nan,nan,nan,nan,nan,-5.369127516778560497e-03,-1.140939597315440181e-02,nan,nan,nan,-6.711409395973211463e-03
nan,nan,nan,nan,nan,nan,nan,nan,nan,nan,nan,nan,nan,nan,nan,nan,nan,nan,nan,nan,nan,nan,nan,nan,nan,nan,nan,nan,nan,-7.766990291262154678e-03,6.472491909385103166e-03,nan,nan,nan,nan,nan,nan,nan,nan,nan,nan,-9.708737864077688143e-03,nan,7.766990291262087891e-03,1.488673139158578317e-02,-6.472491909385480902e-04,3.236245954692540307e-03,nan,nan,nan,nan,-5.113268608414241190e-02,-3.171521035598708071e-02,nan,nan,nan,nan,nan,nan,-4.440892098500626408e-17,nan,nan,nan,nan,nan
nan,nan,nan,nan,nan,nan,nan,nan,nan,nan,nan,nan,nan,nan,nan,nan,nan,nan,nan,nan,nan,nan,nan,nan,nan,nan,nan,nan,nan,nan,-1.296928327645052725e-02,nan,nan,nan,nan,nan,nan,nan,nan,nan,nan,4.095563139931690348e-03,nan,2.662116040955626525e-02,9.556313993174025967e-03,nan,3.412969283276447857e-02,1.774744027303749513e-02,nan,nan,nan,-1.569965870307167555e-01,5.938566552901023560e-02,nan,nan,nan,nan,nan,nan,4.778156996586990432e-03,nan,nan,3.412969283276412382e-03,nan,nan
nan,nan,nan,nan,nan,nan,nan,nan,nan,nan,nan,nan,nan,nan,nan,nan,nan,nan,nan,nan,nan,nan,nan,nan,nan,nan,nan,nan,nan,2.105263157894765418e-03,nan,nan,nan,nan,nan,nan,nan,nan,nan,7.017543859649366233e-04,2.105263157894765418e-03,nan,nan,nan,4.912280701754400888e-03,-2.807017543859591235e-03,2.807017543859702258e-03,nan,nan,nan,nan,-2.175438596491223800e-02,-7.789473684210521109e-02,nan,nan,nan,nan,nan,nan,3.508771929824572311e-03,nan,nan,nan,nan,-7.017543859648922794e-04
nan,nan,nan,nan,nan,nan,nan,nan,4.966442953020131640e-02,nan,nan,nan,1.979865771812080177e-01,nan,nan,nan,nan,nan,nan,nan,nan,nan,nan,nan,nan,nan,nan,nan,nan,nan,nan,nan,nan,nan,nan,nan,nan,nan,nan,3.288590604026844083e-02,nan,nan,nan,2.013422818791945484e-02,3.825503355704695796e-02,nan,nan,nan,nan,nan,nan,-7.181208053691276461e-02,2.449664429530201137e-01,nan,nan,nan,nan,nan,nan,3.691275167785233041e-02,nan,3.624161073825500623e-02,2.818791946308723054e-02,nan,nan
nan,nan,nan,nan,nan,nan,nan,nan,nan,nan,nan,nan,nan,nan,nan,nan,nan,nan,nan,nan,nan,nan,nan,nan,nan,nan,nan,nan,nan,-7.284768211920544974e-03,nan,nan,nan,nan,nan,nan,nan,nan,-7.947019867549708766e-03,-1.986754966887427191e-03,nan,nan,1.059602649006616791e-02,3.112582781456951775e-02,5.960264900662193104e-03,nan,nan,nan,nan,nan,nan,3.311258278145692152e-02,-7.019867549668876161e-02,nan,nan,nan,nan,nan,nan,1.523178807947014358e-02,nan,nan,1.788079470198673457e-02,nan,nan
nan,nan,nan,nan,nan,nan,nan,nan,7.792207792207839039e-03,nan,nan,nan,1.779220779220779536e-01,nan,-2.012987012987008800e-02,nan,nan,nan,nan,nan,nan,nan,nan,nan,nan,nan,nan,nan,nan,-2.857142857142851503e-02,-1.428571428571425751e-02,nan,nan,nan,nan,nan,2.402597402597408255e-02,nan,nan,nan,nan,nan,nan,nan,nan,-2.532467532467526025e-02,-2.922077922077914724e-02,nan,nan,nan,nan,nan,nan,nan,nan,nan,nan,nan,nan,nan,-1.883116883116879928e-02,nan,nan,-2.597402597402591676e-02,nan
nan,nan,nan,nan,nan,nan,nan,nan,nan,nan,nan,nan,nan,nan,nan,nan,nan,nan,nan,nan,nan,nan,nan,nan,nan,nan,nan,nan,nan,1.006993006993006645e-01,nan,nan,nan,nan,nan,nan,nan,nan,6.993006993006867233e-04,nan,nan,nan,nan,nan,nan,8.041958041958041647e-02,7.832167832167831467e-02,-1.468531468531466579e-02,nan,nan,nan,7.342657342657343822e-02,7.692307692307687184e-02,nan,nan,nan,6.083916083916085515e-02,nan,nan,nan,-3.706293706293708329e-02,nan,nan,5.594405594405591625e-02,nan
nan,nan,nan,nan,nan,nan,nan,nan,4.605263157894712127e-03,nan,nan,nan,1.118421052631579649e-02,nan,nan,nan,nan,nan,nan,nan,nan,nan,nan,nan,nan,nan,nan,nan,nan,nan,1.973684210526305445e-03,nan,nan,nan,nan,nan,5.263157894736814231e-03,nan,nan,8.552631578947344701e-03,nan,nan,nan,nan,nan,nan,-1.973684210526316374e-02,9.210526315789424254e-03,nan,nan,nan,-5.328947368421053238e-02,-2.828947368421053099e-02,nan,nan,nan,nan,nan,nan,nan,-1.052631578947371693e-02,nan,nan,nan,nan
nan,nan,6.622516556291313528e-03,nan,nan,nan,nan,nan,nan,nan,nan,nan,nan,nan,2.251655629139066514e-02,nan,nan,nan,nan,nan,nan,nan,nan,nan,nan,nan,nan,nan,nan,2.649006622516549697e-02,nan,nan,nan,nan,nan,nan,nan,nan,nan,6.622516556290980894e-04,nan,nan,nan,8.609271523178784954e-03,-4.635761589404019042e-03,1.841059602649006144e-01,2.317880794701980898e-02,nan,nan,nan,nan,nan,nan,nan,nan,nan,nan,nan,nan,7.284768211920455636e-03,nan,nan,6.622516556291313528e-03,nan,nan
nan,nan,nan,nan,nan,nan,nan,nan,nan,nan,nan,nan,nan,nan,nan,nan,nan,nan,nan,nan,nan,nan,nan,nan,nan,nan,nan,nan,nan,-5.098039215686278602e-02,-4.052287581699350050e-02,nan,nan,nan,nan,nan,nan,nan,nan,nan,nan,5.228758169934644498e-03,nan,nan,nan,2.941176470588235947e-02,1.437908496732023290e-02,2.614379084967322076e-02,nan,nan,nan,-8.823529411764707842e-02,-1.437908496732029882e-02,nan,nan,nan,nan,nan,nan,3.006535947712416640e-02,nan,nan,nan,nan,3.267973856209145656e-02
nan,nan,nan,nan,nan,nan,nan,nan,nan,nan,nan,nan,nan,nan,nan,nan,nan,nan,nan,nan,nan,nan,nan,nan,nan,nan,nan,nan,nan,nan,0.000000000000000000e+00,nan,nan,nan,nan,nan,nan,nan,nan,nan,nan,nan,nan,0.000000000000000000e+00,nan,nan,0.000000000000000000e+00,0.000000000000000000e+00,nan,nan,nan,nan,0.000000000000000000e+00,nan,nan,nan,0.000000000000000000e+00,nan,nan,0.000000000000000000e+00,-1.575163398692810413e-01,nan,nan,0.000000000000000000e+00,0.000000000000000000e+00
nan,nan,nan,nan,nan,nan,nan,nan,0.000000000000000000e+00,nan,nan,nan,-3.246753246753275590e-03,nan,nan,nan,nan,nan,nan,nan,nan,nan,nan,nan,nan,nan,nan,nan,nan,nan,0.000000000000000000e+00,nan,nan,nan,nan,nan,-6.493506493506550964e-04,nan,nan,nan,nan,nan,nan,nan,nan,nan,nan,nan,nan,nan,nan,nan,-3.246753246753275590e-03,nan,nan,nan,-1.435064935064934710e-01,nan,nan,0.000000000000000000e+00,-1.467532467532467189e-01,nan,nan,-1.461038961038960970e-01,0.000000000000000000e+00
nan,nan,nan,nan,nan,nan,nan,nan,nan,nan,nan,nan,1.237785016286645570e-02,nan,nan,nan,nan,nan,nan,nan,nan,nan,nan,nan,nan,nan,nan,nan,nan,1.302931596091205704e-03,0.000000000000000000e+00,nan,nan,nan,nan,nan,nan,nan,nan,nan,nan,nan,nan,nan,nan,3.257328990228014476e-03,-1.433224755700326404e-02,-5.863192182410425883e-03,nan,nan,nan,-3.908794788273617545e-03,-6.514657980456028518e-04,nan,nan,nan,nan,nan,nan,-6.514657980456028518e-04,3.257328990228014476e-03,nan,nan,nan,nan
nan,nan,1.782178217821783761e-02,nan,nan,nan,nan,nan,nan,nan,nan,nan,nan,nan,0.000000000000000000e+00,nan,nan,nan,0.000000000000000000e+00,nan,nan,nan,nan,nan,nan,nan,nan,nan,nan,0.000000000000000000e+00,6.600660066006592067e-03,nan,nan,nan,nan,nan,nan,nan,nan,nan,nan,0.000000000000000000e+00,nan,nan,0.000000000000000000e+00,nan,0.000000000000000000e+00,0.000000000000000000e+00,nan,nan,nan,nan,nan,nan,nan,nan,nan,nan,nan,nan,nan,0.000000000000000000e+00,nan,nan,nan
nan,nan,nan,nan,nan,nan,nan,nan,nan,nan,nan,nan,nan,nan,nan,nan,nan,nan,nan,nan,nan,nan,nan,nan,nan,nan,nan,nan,nan,-3.493150684931511929e-02,1.287671232876712035e-01,nan,nan,nan,nan,nan,nan,nan,nan,nan,nan,nan,2.999999999999999334e-01,2.910958904109589018e-01,2.561643835616437825e-01,nan,1.691780821917807931e-01,2.534246575342462629e-02,nan,nan,nan,nan,2.219178082191780865e-01,nan,nan,nan,nan,nan,nan,-5.410958904109593182e-02,nan,nan,-7.054794520547950920e-02,nan,nan
nan,nan,3.125000000000044409e-03,nan,nan,nan,nan,nan,nan,nan,nan,nan,nan,nan,nan,nan,nan,nan,3.125000000000044409e-03,nan,nan,nan,nan,nan,nan,nan,nan,3.125000000000044409e-03,nan,2.500000000000035614e-03,2.500000000000035614e-03,nan,nan,nan,nan,nan,nan,nan,nan,nan,3.125000000000044409e-03,nan,nan,3.125000000000044409e-03,3.125000000000044409e-03,nan,3.125000000000044409e-03,nan,nan,nan,nan,nan,nan,nan,nan,nan,nan,nan,nan,1.875000000000026602e-03,nan,nan,nan,nan,nan
nan,nan,nan,nan,nan,nan,nan,nan,nan,nan,nan,nan,nan,nan,nan,nan,nan,nan,nan,nan,nan,nan,nan,nan,nan,nan,nan,nan,nan,nan,nan,nan,nan,nan,nan,nan,nan,nan,nan,1.369863013698613451e-03,nan,-8.904109589041132172e-03,nan,0.000000000000000000e+00,nan,-3.150684931506850944e-02,-1.780821917808226434e-02,-2.220446049250313204e-17,nan,nan,nan,-2.260273972602746401e-02,-4.726027397260279539e-02,nan,nan,nan,nan,nan,nan,nan,-4.794520547945246500e-03,nan,nan,nan,-9.589041095890449631e-03
nan,nan,4.692041522491348648e-01,nan,nan,nan,nan,nan,nan,nan,nan,nan,nan,nan,4.650519031141867599e-01,nan,nan,nan,nan,nan,nan,nan,nan,nan,nan,nan,nan,nan,nan,0.000000000000000000e+00,nan,nan,nan,nan,nan,nan,nan,nan,0.000000000000000000e+00,9.411764705882351423e-02,nan,nan,1.854671280276816436e-01,0.000000000000000000e+00,6.366782006920415626e-02,nan,nan,nan,nan,nan,nan,nan,nan,nan,nan,nan,nan,nan,nan,0.000000000000000000e+00,nan,nan,1.107266435986158440e-02,nan,nan
nan,nan,nan,nan,nan,nan,nan,nan,nan,nan,nan,nan,nan,nan,2.635135135135140486e-02,nan,nan,nan,nan,nan,nan,nan,nan,nan,nan,nan,nan,nan,nan,-2.229729729729725690e-02,nan,nan,nan,nan,nan,nan,nan,nan,nan,1.351351351351359666e-03,nan,nan,nan,nan,nan,nan,-3.378378378378399383e-03,-1.351351351351359666e-03,nan,nan,nan,2.297297297297300547e-02,2.162162162162164364e-02,nan,nan,nan,nan,nan,nan,nan,-1.554054054054052579e-02,nan,nan,-5.405405405405416981e-03,-1.689189189189186507e-02
nan,nan,nan,nan,nan,nan,nan,nan,0.000000000000000000e+00,nan,nan,nan,1.328903654485058582e-03,nan,nan,nan,nan,nan,nan,nan,nan,nan,nan,nan,nan,nan,nan,nan,nan,nan,0.000000000000000000e+00,nan,nan,nan,nan,nan,-3.322259136212646347e-03,nan,nan,nan,nan,nan,0.000000000000000000e+00,0.000000000000000000e+00,6.644518272425292910e-04,nan,nan,nan,nan,nan,nan,nan,nan,nan,nan,nan,-1.960132890365448022e-01,nan,nan,nan,-1.740863787375415139e-01,nan,nan,-1.973421926910298718e-01,nan
nan,nan,3.388704318936876930e-02,nan,nan,nan,nan,nan,nan,nan,nan,nan,nan,nan,nan,nan,nan,nan,nan,nan,nan,nan,nan,nan,nan,nan,nan,nan,nan,-5.980066445182763077e-03,1.926910299003323918e-02,nan,nan,nan,nan,nan,nan,nan,nan,nan,2.657807308970096954e-02,nan,nan,-6.644518272425292693e-03,4.651162790697637925e-03,nan,-6.644518272425292693e-03,nan,nan,nan,nan,nan,nan,nan,nan,nan,nan,nan,nan,-6.644518272425292693e-03,5.315614617940167541e-03,nan,nan,nan,-2.657807308970139282e-03
nan,nan,nan,nan,nan,nan,nan,nan,2.533333333333333964e-02,nan,nan,nan,2.466666666666668048e-02,nan,nan,nan,nan,nan,nan,nan,nan,nan,nan,nan,nan,nan,nan,nan,nan,nan,nan,nan,nan,nan,nan,nan,4.533333333333331577e-02,nan,nan,-6.000000000000005329e-03,nan,nan,nan,-2.000000000000001776e-03,nan,-3.000000000000000583e-02,-2.066666666666667693e-02,-4.666666666666663583e-03,nan,nan,nan,nan,nan,nan,nan,nan,nan,nan,nan,-6.666666666666598139e-04,nan,nan,nan,nan,-1.000000000000000888e-02
nan,nan,nan,nan,nan,nan,nan,nan,nan,nan,nan,nan,nan,nan,nan,nan,nan,nan,nan,nan,nan,nan,nan,nan,nan,nan,nan,nan,nan,-9.120521172638441226e-03,1.302931596091205704e-03,nan,nan,nan,nan,nan,nan,nan,nan,nan,nan,nan,nan,1.237785016286645570e-02,1.954397394136808772e-03,-3.908794788273617545e-03,6.514657980456028518e-04,-8.469055374592837290e-03,nan,nan,nan,1.302931596091205704e-03,6.514657980456028518e-04,nan,nan,nan,nan,nan,nan,-1.302931596091205704e-03,nan,nan,nan,nan,nan
nan,nan,nan,nan,nan,nan,nan,nan,nan,nan,nan,nan,nan,nan,nan,nan,nan,nan,nan,nan,nan,nan,nan,nan,nan,nan,nan,nan,nan,nan,0.000000000000000000e+00,nan,nan,nan,nan,nan,nan,nan,nan,nan,nan,0.000000000000000000e+00,nan,nan,nan,0.000000000000000000e+00,0.000000000000000000e+00,0.000000000000000000e+00,nan,nan,nan,nan,nan,nan,nan,nan,-2.065359477124182885e-01,nan,nan,0.000000000000000000e+00,-2.326797385620914815e-01,nan,nan,-2.581699346405228468e-01,0.000000000000000000e+00
nan,nan,3.391891891891892219e-01,nan,nan,nan,nan,nan,nan,nan,nan,nan,nan,nan,nan,nan,nan,nan,nan,nan,nan,nan,nan,nan,nan,nan,nan,nan,nan,nan,-2.702702702702719333e-03,nan,nan,nan,nan,nan,nan,nan,nan,nan,nan,nan,nan,1.351351351351359666e-03,-4.054054054054079433e-03,9.391891891891893107e-02,-6.756756756756754530e-03,-2.702702702702703894e-02,nan,nan,nan,nan,nan,nan,nan,nan,nan,nan,nan,-3.378378378378399383e-03,nan,-4.729729729729759483e-03,-4.729729729729759483e-03,nan,nan
nan,nan,nan,nan,nan,nan,nan,nan,nan,nan,nan,nan,nan,nan,-4.635761589403908020e-03,nan,nan,nan,nan,nan,nan,nan,nan,nan,nan,nan,nan,nan,nan,0.000000000000000000e+00,2.119205298013253705e-02,nan,nan,nan,nan,nan,nan,nan,nan,-1.125827814569533257e-02,nan,0.000000000000000000e+00,-1.655629139072845035e-02,-1.655629139072845035e-02,0.000000000000000000e+00,nan,nan,nan,nan,nan,nan,nan,nan,nan,nan,nan,nan,nan,nan,-6.622516556291202072e-04,nan,nan,nan,nan,-6.622516556291313528e-03
nan,nan,nan,nan,nan,nan,nan,nan,2.416107382550336524e-02,nan,nan,nan,3.288590604026844083e-02,nan,nan,nan,nan,nan,nan,nan,nan,nan,nan,nan,nan,nan,nan,nan,nan,-1.342281879194633445e-02,6.711409395972811392e-04,nan,nan,nan,nan,nan,nan,nan,nan,nan,nan,nan,nan,nan,1.677852348993291720e-02,-3.422818791946309613e-02,1.073825503355703079e-02,nan,nan,nan,nan,-3.288590604026844083e-02,-2.751677852348994799e-02,nan,nan,nan,nan,nan,nan,-1.006711409395977253e-02,nan,nan,nan,nan,nan
nan,nan,2.675585284280934586e-03,nan,nan,nan,nan,nan,nan,nan,nan,nan,nan,nan,nan,nan,nan,nan,nan,nan,nan,nan,nan,nan,nan,nan,nan,nan,nan,nan,-2.006688963210700831e-03,nan,nan,nan,nan,nan,nan,nan,nan,5.351170568561869172e-03,nan,nan,nan,nan,-2.675585284280934586e-03,1.337792642140467336e-02,0.000000000000000000e+00,-2.541806020066888008e-02,nan,nan,nan,-2.207357859531771174e-02,-6.822742474916383693e-02,nan,nan,nan,nan,nan,nan,6.688963210702336465e-04,nan,nan,nan,nan,nan
nan,nan,nan,nan,nan,nan,nan,nan,6.896551724137944600e-04,nan,nan,nan,-2.758620689655177840e-03,nan,1.379310344827588920e-03,nan,nan,nan,nan,nan,nan,nan,nan,nan,nan,nan,nan,nan,nan,3.448275862068972408e-03,nan,nan,6.896551724137944817e-03,nan,nan,nan,4.827586206896561545e-03,nan,nan,nan,nan,nan,nan,nan,nan,nan,nan,nan,nan,nan,nan,-1.999999999999992756e-02,-6.896551724137833794e-03,nan,nan,nan,nan,nan,nan,0.000000000000000000e+00,6.896551724137944600e-04,nan,nan,nan,nan
nan,nan,4.402515723270439274e-03,nan,nan,nan,nan,nan,-3.144654088050313767e-03,nan,nan,nan,-6.100628930817608708e-02,nan,nan,nan,nan,nan,nan,nan,nan,nan,nan,nan,nan,nan,nan,nan,nan,0.000000000000000000e+00,6.289308176100627534e-03,nan,-3.459119496855345144e-02,nan,nan,nan,-6.289308176100627534e-03,nan,nan,nan,nan,nan,nan,0.000000000000000000e+00,6.289308176100627534e-04,nan,nan,nan,nan,nan,nan,nan,nan,nan,nan,nan,nan,nan,nan,4.402515723270439274e-03,nan,nan,nan,nan,nan
nan,nan,nan,nan,nan,nan,nan,nan,nan,nan,nan,nan,nan,nan,nan,nan,nan,nan,nan,nan,nan,nan,nan,nan,nan,nan,nan,nan,nan,nan,nan,nan,nan,nan,nan,nan,nan,nan,nan,1.337792642140489627e-03,nan,nan,nan,-6.688963210702336465e-04,-7.357859531772548319e-03,2.809364548494992439e-02,6.020066889632114115e-02,4.347826086956529945e-02,nan,nan,nan,-4.882943143812705500e-02,-2.876254180602004842e-02,nan,nan,nan,nan,nan,nan,2.608695652173920188e-02,nan,nan,nan,nan,4.882943143812716602e-02
nan,nan,nan,nan,nan,nan,nan,nan,nan,nan,nan,nan,nan,nan,nan,nan,nan,nan,nan,nan,nan,nan,nan,nan,nan,nan,nan,nan,nan,nan,nan,nan,nan,nan,nan,nan,nan,nan,nan,nan,nan,nan,nan,nan,nan,0.000000000000000000e+00,0.000000000000000000e+00,0.000000000000000000e+00,nan,nan,nan,nan,nan,nan,0.000000000000000000e+00,0.000000000000000000e+00,3.436426116838586786e-03,nan,nan,0.000000000000000000e+00,-1.443298969072164262e-01,nan,nan,3.436426116838586786e-03,0.000000000000000000e+00
nan,nan,nan,nan,nan,nan,nan,nan,nan,nan,nan,nan,nan,nan,nan,nan,nan,nan,nan,nan,nan,nan,nan,nan,nan,nan,nan,-3.300330033003229246e-03,nan,-3.300330033003229246e-03,nan,nan,nan,nan,nan,nan,nan,nan,nan,-2.640264026402605602e-03,-2.640264026402583484e-03,nan,-1.650165016501647930e-02,-3.300330033003251364e-03,-3.300330033003229246e-03,nan,nan,-3.300330033003229246e-03,nan,nan,nan,nan,nan,nan,nan,nan,nan,nan,nan,-1.320132013201291742e-03,nan,nan,nan,nan,-5.280528052805255439e-03
nan,nan,nan,nan,nan,nan,nan,nan,nan,nan,nan,nan,nan,nan,nan,nan,nan,nan,nan,nan,nan,nan,nan,nan,nan,nan,nan,nan,nan,5.816993464052287038e-02,nan,nan,nan,nan,nan,nan,nan,nan,nan,1.163398692810457408e-01,nan,nan,nan,1.150326797385620575e-01,-4.575163398692838439e-03,nan,nan,nan,nan,nan,nan,2.352941176470586468e-02,-2.418300653594773753e-02,nan,nan,nan,nan,nan,nan,-7.712418300653597902e-02,-4.575163398692860990e-03,nan,-8.758169934640525067e-02,nan,1.339869281045751315e-01
nan,nan,nan,nan,nan,nan,nan,nan,6.622516556291424550e-03,nan,nan,nan,2.052980132450332729e-02,nan,nan,nan,nan,nan,nan,nan,nan,nan,nan,nan,nan,nan,nan,nan,nan,-1.721854304635754909e-02,-1.390728476821188019e-02,nan,nan,nan,nan,nan,1.059602649006625638e-02,nan,nan,nan,nan,nan,nan,nan,nan,9.933774834437159376e-03,-2.649006622516480829e-03,nan,nan,nan,nan,-3.178807947019864077e-02,-1.390728476821188019e-02,nan,nan,nan,nan,nan,nan,nan,nan,-2.649006622516547615e-03,nan,nan,nan
nan,nan,nan,nan,nan,nan,nan,nan,nan,nan,nan,nan,nan,nan,nan,nan,nan,nan,nan,nan,nan,nan,nan,nan,nan,nan,nan,nan,nan,-3.133333333333339354e-02,-4.600000000000004086e-02,nan,nan,nan,nan,nan,nan,nan,nan,6.666666666666609849e-03,nan,nan,nan,-3.400000000000003020e-02,-3.533333333333334852e-02,nan,nan,nan,nan,nan,nan,nan,nan,nan,nan,nan,nan,nan,nan,-2.853333333333333277e-01,-2.800000000000002487e-02,-3.000000000000004746e-02,-2.800000000000000822e-01,nan,1.359999999999999543e-01
nan,nan,nan,nan,nan,nan,nan,nan,nan,nan,nan,nan,nan,nan,nan,nan,nan,nan,nan,nan,nan,nan,nan,nan,nan,nan,nan,nan,nan,2.369337979094073704e-02,2.229965156794423350e-02,nan,nan,nan,nan,nan,nan,nan,nan,2.299651567944248701e-02,nan,nan,nan,2.090592334494770915e-02,nan,2.299651567944248701e-02,-3.275261324041813665e-02,-2.787456445993035173e-02,nan,nan,nan,nan,nan,nan,nan,nan,nan,nan,nan,-4.794425087108013517e-01,nan,nan,-4.822299651567944490e-01,nan,-1.881533101045296252e-02
nan,nan,nan,nan,nan,nan,nan,nan,nan,nan,nan,nan,nan,nan,nan,nan,nan,nan,nan,nan,nan,nan,nan,nan,nan,nan,nan,nan,nan,nan,0.000000000000000000e+00,nan,nan,nan,nan,nan,nan,nan,nan,nan,nan,nan,nan,-2.749140893470869516e-03,-2.061855670103152245e-03,-3.436426116838586786e-03,0.000000000000000000e+00,nan,nan,nan,nan,-2.061855670103152245e-03,0.000000000000000000e+00,nan,nan,nan,-4.398625429553271182e-02,nan,nan,nan,-7.422680412371140957e-02,nan,nan,-5.360824742268046478e-02,nan
nan,nan,nan,nan,nan,nan,nan,nan,3.183391003460207813e-02,nan,nan,nan,1.384083044982675715e-03,nan,2.975778546712801870e-02,nan,nan,nan,nan,nan,nan,nan,nan,nan,nan,nan,nan,nan,nan,3.460207612456733632e-03,9.065743944636672769e-02,nan,1.197231833910033794e-01,nan,nan,nan,9.273356401384078018e-02,nan,nan,nan,nan,nan,nan,nan,nan,nan,nan,nan,nan,nan,nan,-2.145328719723187463e-02,-1.522491349480969980e-02,nan,nan,nan,nan,nan,nan,9.065743944636675544e-02,nan,nan,nan,nan,nan
nan,nan,nan,nan,nan,nan,nan,nan,nan,nan,nan,nan,nan,nan,nan,nan,nan,nan,nan,nan,nan,nan,nan,nan,nan,nan,nan,nan,nan,-1.968253968253965563e-02,7.619047619047636388e-03,nan,nan,nan,nan,nan,nan,nan,nan,nan,nan,nan,2.095238095238098966e-02,6.349206349206326649e-03,nan,nan,nan,nan,nan,nan,nan,-2.050793650793650558e-01,-1.961904761904761652e-01,nan,nan,nan,nan,nan,nan,-2.285714285714279814e-02,-6.349206349206326649e-03,0.000000000000000000e+00,nan,nan,1.015873015873023331e-02
nan,nan,nan,nan,nan,nan,nan,nan,nan,nan,nan,nan,nan,nan,nan,nan,nan,nan,nan,nan,nan,nan,nan,nan,nan,nan,nan,nan,nan,-1.746575342465752911e-01,7.534246575342495519e-03,nan,nan,nan,nan,nan,nan,nan,nan,nan,nan,-1.910958904109588685e-01,0.000000000000000000e+00,8.219178082191812978e-03,8.219178082191792162e-03,9.589041095890449631e-03,-1.246575342465753022e-01,nan,nan,nan,nan,nan,nan,nan,nan,nan,nan,nan,nan,2.054794520547953245e-03,-1.938356164383561453e-01,nan,nan,nan,nan
nan,nan,nan,nan,nan,nan,nan,nan,-2.305084745762717852e-02,nan,nan,nan,-2.372881355932210390e-02,nan,nan,nan,nan,nan,nan,nan,nan,nan,nan,nan,nan,nan,nan,nan,nan,nan,2.508474576271186793e-02,nan,nan,nan,nan,nan,4.949152542372876884e-02,nan,nan,-1.016949152542374543e-02,nan,-2.033898305084747005e-02,nan,nan,nan,1.694915254237283619e-02,2.779661016949151048e-02,nan,nan,nan,nan,nan,nan,nan,nan,nan,nan,nan,nan,6.779661016949156682e-03,nan,nan,nan,nan,1.830508474576266614e-02
nan,nan,nan,nan,nan,nan,nan,nan,nan,nan,nan,nan,1.035598705501623515e-02,nan,nan,nan,nan,nan,nan,nan,nan,nan,nan,nan,nan,nan,nan,nan,nan,-1.488673139158571725e-02,7.119741100323651040e-03,nan,nan,nan,nan,nan,nan,nan,nan,nan,nan,nan,nan,-5.825242718446532741e-03,-5.825242718446532741e-03,nan,1.294498381877024970e-02,nan,nan,nan,nan,-4.207119741100320137e-02,-3.365695792880256387e-02,nan,nan,nan,nan,nan,nan,-1.941747572815488796e-03,nan,nan,nan,nan,2.588996763754047858e-02
nan,nan,nan,nan,nan,nan,nan,nan,nan,nan,nan,nan,5.146579804560265370e-02,nan,nan,nan,nan,nan,nan,nan,nan,nan,nan,nan,nan,nan,nan,nan,nan,nan,nan,nan,nan,nan,nan,nan,nan,nan,nan,-1.563517915309447018e-02,nan,nan,3.973941368078177938e-02,-2.214983713355049913e-02,-1.172638436482085177e-02,-2.149837133550489693e-02,3.439739413680781288e-01,nan,nan,nan,nan,nan,-1.029315960912051686e-01,nan,nan,nan,nan,nan,nan,-1.302931596091205790e-02,nan,nan,-1.042345276872964563e-02,nan,nan
nan,nan,nan,nan,nan,nan,nan,nan,nan,nan,nan,nan,nan,nan,nan,nan,nan,nan,nan,nan,nan,nan,nan,nan,nan,nan,nan,nan,nan,-1.889250814332248465e-02,5.863192182410425883e-03,nan,nan,nan,nan,nan,nan,nan,-7.817589576547235089e-03,nan,nan,nan,nan,nan,nan,2.149837133550489693e-02,7.817589576547235089e-03,nan,nan,nan,nan,-4.690553745928340706e-02,-2.605863192182411407e-03,nan,nan,nan,nan,nan,nan,-5.863192182410425883e-03,nan,-1.302931596091205704e-03,4.560260586319220613e-03,nan,nan
nan,nan,nan,nan,nan,nan,nan,nan,0.000000000000000000e+00,nan,nan,nan,-8.815789473684206012e-02,nan,nan,nan,nan,nan,nan,nan,nan,nan,nan,nan,nan,nan,nan,nan,nan,nan,nan,nan,-2.499999999999997710e-02,nan,nan,nan,1.315789473684248010e-03,nan,nan,nan,nan,nan,6.578947368421240050e-04,-3.289473684210508786e-03,0.000000000000000000e+00,nan,nan,nan,nan,nan,nan,-6.249999999999995837e-02,-5.197368421052628307e-02,nan,nan,nan,nan,nan,nan,1.315789473684248010e-03,nan,nan,nan,nan,nan
nan,nan,nan,nan,nan,nan,nan,nan,nan,nan,nan,nan,nan,nan,nan,nan,nan,nan,nan,nan,nan,nan,nan,nan,nan,nan,nan,nan,nan,-1.003344481605350502e-02,-2.006688963210700831e-03,nan,nan,nan,nan,nan,nan,nan,nan,nan,nan,-5.618729096989969612e-02,nan,7.357859531772570003e-03,4.682274247491635850e-03,nan,nan,4.013377926421401662e-03,nan,nan,nan,1.939799331103678470e-01,6.755852842809359493e-02,nan,nan,nan,nan,nan,nan,7.357859531772570003e-03,nan,nan,9.364548494983271701e-03,nan,nan
nan,nan,nan,nan,nan,nan,nan,nan,nan,nan,nan,nan,nan,nan,nan,nan,nan,nan,nan,nan,nan,nan,nan,nan,nan,nan,nan,nan,nan,0.000000000000000000e+00,0.000000000000000000e+00,nan,nan,nan,nan,nan,nan,nan,nan,nan,nan,0.000000000000000000e+00,nan,0.000000000000000000e+00,0.000000000000000000e+00,nan,nan,nan,nan,nan,nan,nan,nan,nan,nan,nan,0.000000000000000000e+00,nan,nan,0.000000000000000000e+00,-1.345070422535211419e-01,nan,nan,0.000000000000000000e+00,0.000000000000000000e+00
nan,nan,6.756756756756798332e-04,nan,nan,nan,nan,nan,nan,nan,nan,nan,nan,nan,4.729729729729736931e-03,nan,nan,nan,nan,nan,nan,nan,nan,nan,nan,nan,nan,nan,nan,1.081081081081081141e-02,2.702702702702701812e-02,nan,nan,nan,nan,nan,nan,nan,nan,nan,nan,nan,3.040540540540539322e-02,2.364864864864868466e-02,5.405405405405394430e-03,1.013513513513513223e-02,6.756756756756798332e-04,nan,nan,nan,nan,nan,nan,nan,nan,nan,nan,nan,nan,0.000000000000000000e+00,nan,nan,nan,nan,nan
nan,nan,nan,nan,nan,nan,nan,nan,nan,nan,nan,nan,nan,nan,nan,nan,nan,nan,nan,nan,nan,nan,nan,nan,nan,nan,nan,nan,nan,-1.290322580645164542e-03,-1.290322580645142424e-03,nan,nan,nan,nan,nan,nan,nan,nan,nan,nan,nan,-1.935483870967713528e-03,-3.225806451612855952e-03,-1.290322580645142424e-03,6.451612903225712120e-04,-1.290322580645142424e-03,nan,nan,nan,nan,-5.935483870967746267e-02,-3.741935483870968693e-02,nan,nan,nan,nan,nan,nan,0.000000000000000000e+00,nan,nan,nan,nan,nan
nan,nan,nan,nan,nan,nan,nan,nan,nan,nan,nan,nan,-4.430379746835422412e-03,nan,nan,nan,nan,nan,nan,nan,nan,nan,nan,nan,nan,nan,nan,nan,nan,-1.037974683544303361e-01,5.696202531645622527e-03,nan,nan,nan,nan,nan,nan,nan,nan,nan,nan,-7.974683544303792782e-02,nan,nan,1.392405063291144406e-02,6.962025316455733304e-03,8.860759493670933296e-03,nan,nan,nan,nan,nan,nan,nan,nan,nan,nan,nan,nan,2.658227848101270968e-02,-4.999999999999995420e-02,nan,nan,nan,-8.860759493670822273e-03
nan,nan,nan,nan,nan,nan,nan,nan,nan,nan,nan,nan,nan,nan,0.000000000000000000e+00,nan,nan,nan,nan,nan,nan,nan,nan,nan,nan,nan,nan,nan,nan,0.000000000000000000e+00,0.000000000000000000e+00,nan,nan,nan,nan,nan,nan,nan,nan,nan,nan,nan,0.000000000000000000e+00,0.000000000000000000e+00,2.040816326530614597e-03,nan,nan,nan,nan,nan,nan,nan,nan,nan,nan,nan,1.020408163265307255e-02,nan,nan,0.000000000000000000e+00,-1.285714285714285032e-01,nan,nan,1.020408163265307255e-02,nan
nan,nan,nan,nan,nan,nan,nan,nan,nan,nan,nan,nan,nan,nan,-6.853582554517134891e-03,nan,nan,nan,nan,nan,nan,nan,nan,nan,nan,nan,nan,nan,nan,-2.492211838006230633e-03,nan,nan,nan,nan,nan,nan,nan,nan,nan,4.361370716510904258e-03,nan,-2.492211838006230633e-03,nan,-7.476635514018692766e-03,-1.059190031152648127e-02,-6.230529595015577016e-03,-2.554517133956386507e-02,nan,nan,nan,nan,nan,nan,nan,nan,nan,nan,nan,nan,1.744548286604361703e-02,nan,nan,nan,nan,-2.305295950155763357e-02
nan,nan,nan,nan,nan,nan,nan,nan,nan,nan,nan,nan,1.489361702127660683e-02,nan,nan,nan,nan,nan,nan,nan,nan,nan,nan,nan,nan,nan,nan,nan,nan,4.964539007092238707e-03,2.482269503546101833e-02,nan,nan,nan,nan,nan,nan,nan,nan,nan,nan,nan,nan,nan,2.269503546099291974e-02,2.695035460992907181e-02,1.773049645390072440e-02,nan,nan,nan,nan,nan,-2.553191489361701302e-02,nan,nan,nan,nan,nan,nan,1.843971631205674339e-02,nan,nan,1.773049645390070012e-02,nan,7.730496453900712051e-02
nan,nan,nan,nan,nan,nan,nan,nan,nan,nan,nan,nan,nan,nan,nan,nan,nan,nan,nan,nan,nan,nan,nan,nan,nan,nan,nan,nan,nan,nan,nan,nan,nan,nan,nan,nan,nan,nan,nan,-1.967213114754096191e-03,nan,nan,3.016393442622950991e-02,5.901639344262295250e-02,-1.573770491803276952e-02,1.193442622950819931e-01,-1.114754098360655130e-02,-2.950819672131144156e-02,nan,nan,nan,nan,nan,nan,nan,nan,nan,nan,nan,-1.363934426229508057e-01,nan,nan,-5.311475409836063921e-02,nan,9.049180327868852625e-02
nan,nan,8.609271523178762403e-03,nan,nan,nan,nan,nan,nan,nan,nan,nan,nan,nan,nan,nan,nan,nan,nan,nan,nan,nan,nan,nan,nan,nan,nan,nan,nan,nan,1.192052980132445386e-02,nan,nan,nan,nan,nan,nan,nan,nan,nan,nan,nan,nan,nan,-3.973509933774854383e-03,1.721854304635756991e-02,-1.000000000000000472e-01,-1.059602649006627893e-02,nan,nan,nan,-1.556291390728476998e-01,-1.211920529801324697e-01,nan,nan,nan,nan,nan,nan,1.788079470198673457e-02,nan,nan,nan,nan,1.589403973509930651e-02
nan,nan,7.692307692307698286e-02,nan,nan,nan,nan,nan,nan,nan,nan,nan,nan,nan,nan,nan,nan,nan,nan,nan,nan,nan,nan,nan,nan,nan,nan,nan,nan,nan,5.551839464882950270e-02,nan,nan,nan,nan,nan,nan,nan,2.207357859531779848e-02,nan,nan,nan,nan,6.020066889632169280e-03,-2.006688963210678713e-03,nan,nan,nan,nan,nan,nan,1.551839464882943387e-01,-6.822742474916379529e-02,nan,nan,nan,nan,nan,nan,-5.351170568561869172e-03,nan,nan,-1.337792642140445175e-03,nan,4.816053511705693790e-02
nan,nan,nan,6.756756756756798332e-04,nan,nan,nan,nan,-6.756756756756687743e-03,nan,nan,nan,-5.810810810810809052e-02,nan,nan,nan,nan,nan,nan,nan,nan,nan,nan,nan,nan,nan,nan,nan,nan,-1.148648648648646978e-02,nan,nan,-8.783783783783782884e-02,nan,nan,nan,-4.054054054054035197e-03,nan,nan,0.000000000000000000e+00,nan,-1.081081081081076631e-02,nan,nan,nan,nan,nan,nan,nan,nan,nan,nan,nan,nan,nan,nan,nan,nan,nan,0.000000000000000000e+00,nan,nan,nan,nan,-1.418918918918916569e-02
nan,nan,nan,nan,nan,nan,nan,nan,nan,nan,nan,nan,nan,nan,nan,nan,nan,nan,nan,nan,nan,nan,nan,nan,nan,nan,nan,nan,nan,-3.230240549828178320e-02,nan,nan,nan,nan,nan,nan,nan,nan,nan,nan,nan,nan,nan,1.374570446735390306e-03,2.749140893470780611e-03,-1.786941580756013989e-02,2.268041237113405106e-02,nan,nan,nan,nan,-4.054982817869414585e-02,-2.749140893470780611e-03,nan,nan,nan,nan,nan,nan,-2.749140893470780611e-03,nan,nan,6.872852233676951528e-04,nan,6.872852233676951528e-03
nan,nan,nan,nan,nan,nan,nan,nan,6.711409395973255915e-04,nan,nan,nan,-1.342281879194628848e-03,nan,nan,nan,nan,nan,nan,nan,nan,nan,nan,nan,nan,nan,nan,nan,nan,-4.026845637583864428e-03,1.006711409395972742e-02,nan,nan,nan,nan,nan,3.355704697986605731e-03,nan,nan,nan,nan,nan,nan,nan,nan,-8.724832214765054772e-03,8.053691275167796509e-03,nan,nan,nan,nan,-6.375838926174495769e-02,-3.288590604026842001e-02,nan,nan,nan,nan,nan,nan,nan,6.040268456375863862e-03,nan,nan,nan,nan
nan,nan,nan,nan,nan,nan,nan,nan,nan,nan,nan,nan,nan,nan,nan,nan,nan,nan,nan,nan,nan,nan,nan,nan,nan,nan,nan,nan,nan,nan,6.493506493506328702e-04,nan,nan,nan,nan,nan,nan,nan,nan,1.298701298701265740e-03,nan,nan,nan,nan,nan,-3.246753246753275590e-03,0.000000000000000000e+00,nan,nan,nan,nan,nan,0.000000000000000000e+00,nan,nan,nan,nan,nan,nan,1.298701298701265740e-03,2.727272727272724712e-02,nan,0.000000000000000000e+00,1.168831168831168527e-01,6.493506493506328702e-04
nan,nan,nan,nan,nan,nan,nan,nan,nan,nan,nan,nan,nan,nan,nan,nan,nan,nan,nan,nan,nan,nan,nan,nan,nan,nan,nan,nan,nan,-4.026845637583898255e-03,nan,nan,nan,nan,nan,nan,nan,nan,nan,3.355704697986561062e-03,nan,nan,nan,-1.610738255033557914e-02,6.711409395972811392e-04,-1.342281879194651183e-03,-1.208053691275170517e-02,-6.711409395973144242e-04,nan,nan,nan,nan,nan,nan,nan,nan,nan,nan,nan,-3.825503355704698016e-01,nan,nan,-3.946308724832214843e-01,nan,-5.369127516778526669e-03
nan,nan,nan,nan,nan,nan,nan,nan,nan,nan,nan,nan,nan,nan,nan,nan,nan,nan,nan,nan,nan,nan,nan,nan,nan,nan,nan,nan,nan,-1.058441558441558794e-01,1.038961038961039307e-02,nan,nan,nan,nan,nan,nan,nan,nan,1.753246753246753137e-02,nan,nan,2.987012987012986967e-02,2.272727272727270709e-02,-6.493506493506550964e-04,nan,nan,nan,nan,nan,nan,-1.720779220779220520e-01,-1.681818181818181823e-01,nan,nan,nan,nan,nan,nan,1.428571428571430088e-02,nan,nan,nan,nan,3.766233766233766100e-02
nan,nan,1.443298969072159821e-02,nan,nan,nan,nan,nan,nan,nan,nan,nan,nan,nan,nan,nan,nan,nan,nan,nan,nan,nan,nan,nan,nan,nan,nan,nan,nan,0.000000000000000000e+00,1.030927835051542729e-02,nan,nan,nan,nan,nan,nan,nan,nan,2.061855670103085458e-03,nan,-2.749140893470780611e-03,nan,nan,nan,-1.374570446735412423e-03,-2.268041237113405106e-02,nan,nan,nan,nan,nan,nan,nan,nan,nan,nan,nan,nan,-6.185567010309256375e-03,nan,nan,-2.061855670103085458e-03,nan,-1.374570446735399153e-02
nan,nan,nan,nan,nan,nan,nan,nan,-8.524590163934430559e-03,nan,nan,nan,-1.770491803278693294e-02,nan,nan,nan,nan,nan,nan,nan,nan,nan,nan,nan,nan,nan,nan,nan,nan,-2.163934426229514527e-02,-9.180327868852500642e-03,nan,nan,nan,nan,nan,-2.622950819672142855e-03,nan,nan,nan,nan,nan,nan,nan,nan,nan,-3.081967213114757825e-02,-2.622950819672142855e-03,nan,nan,nan,-7.737704918032790868e-02,-7.868852459016428130e-03,nan,nan,nan,nan,nan,nan,-1.508196721311478791e-02,nan,nan,nan,nan,nan
nan,nan,nan,nan,nan,nan,nan,nan,nan,nan,nan,nan,4.571428571428566567e-02,nan,nan,nan,nan,nan,nan,nan,nan,nan,nan,nan,nan,nan,nan,nan,nan,nan,1.269841269841265287e-03,nan,nan,nan,nan,nan,nan,nan,nan,nan,nan,1.904761904761898038e-03,nan,nan,nan,3.809523809523796076e-03,2.412698412698410788e-02,nan,nan,nan,nan,-1.142857142857145458e-02,-1.650793650793653741e-02,nan,nan,nan,nan,nan,nan,-3.174603174603185442e-03,4.444444444444428828e-03,0.000000000000000000e+00,nan,nan,nan
nan,nan,nan,nan,nan,nan,nan,nan,nan,nan,nan,nan,nan,nan,nan,nan,nan,nan,nan,nan,nan,nan,nan,nan,nan,nan,nan,nan,nan,nan,nan,nan,nan,nan,nan,nan,nan,nan,nan,nan,nan,nan,nan,nan,nan,nan,0.000000000000000000e+00,0.000000000000000000e+00,nan,nan,nan,0.000000000000000000e+00,0.000000000000000000e+00,nan,0.000000000000000000e+00,0.000000000000000000e+00,-1.283276450511945943e-01,nan,nan,nan,-1.597269624573379176e-01,nan,nan,-1.221843003412969447e-01,0.000000000000000000e+00
nan,nan,-6.578947368421017789e-04,nan,nan,nan,nan,nan,nan,nan,nan,nan,nan,nan,nan,nan,nan,nan,nan,nan,nan,nan,nan,nan,nan,nan,nan,nan,nan,0.000000000000000000e+00,0.000000000000000000e+00,nan,nan,nan,nan,nan,nan,nan,nan,nan,nan,nan,nan,nan,nan,0.000000000000000000e+00,0.000000000000000000e+00,nan,nan,nan,nan,nan,0.000000000000000000e+00,nan,nan,nan,-1.815789473684211175e-01,nan,nan,nan,-2.309210526315790268e-01,nan,nan,-1.750000000000000722e-01,0.000000000000000000e+00
nan,nan,nan,nan,nan,nan,nan,nan,nan,nan,nan,nan,nan,nan,nan,nan,nan,nan,nan,nan,nan,nan,nan,nan,nan,nan,nan,nan,nan,nan,nan,nan,nan,nan,nan,nan,nan,nan,nan,1.298701298701310193e-03,nan,-1.168831168831161414e-02,nan,nan,4.545454545454586000e-03,nan,2.077922077922083124e-02,3.246753246753275590e-03,nan,nan,nan,3.110389610389611148e-01,3.116883116883117921e-01,nan,nan,nan,nan,nan,nan,5.194805194805240771e-03,nan,nan,0.000000000000000000e+00,nan,1.038961038961043817e-02
nan,nan,0.000000000000000000e+00,nan,nan,nan,nan,nan,nan,nan,nan,nan,nan,nan,nan,nan,nan,nan,0.000000000000000000e+00,nan,nan,nan,nan,nan,nan,nan,0.000000000000000000e+00,nan,nan,0.000000000000000000e+00,0.000000000000000000e+00,0.000000000000000000e+00,nan,0.000000000000000000e+00,nan,nan,nan,nan,0.000000000000000000e+00,nan,nan,nan,nan,nan,nan,nan,nan,nan,nan,nan,nan,nan,0.000000000000000000e+00,nan,nan,nan,nan,nan,nan,0.000000000000000000e+00,nan,nan,nan,nan,nan
nan,nan,nan,nan,nan,nan,nan,nan,nan,nan,nan,nan,nan,nan,-1.355932203389875702e-03,nan,nan,nan,nan,nan,nan,nan,nan,nan,nan,nan,nan,nan,nan,3.389830508474522830e-03,5.423728813559303315e-03,nan,nan,nan,nan,nan,nan,nan,nan,nan,nan,nan,nan,nan,nan,2.305084745762710913e-02,-6.779661016949156682e-03,5.423728813559303315e-03,nan,nan,nan,-3.525423728813559254e-02,2.033898305084735816e-03,nan,nan,nan,nan,nan,nan,2.711864406779618264e-03,nan,1.355932203389809132e-03,nan,nan,nan
nan,nan,nan,nan,nan,nan,nan,nan,nan,nan,nan,nan,nan,nan,nan,nan,nan,nan,0.000000000000000000e+00,nan,nan,nan,nan,nan,nan,nan,0.000000000000000000e+00,nan,nan,0.000000000000000000e+00,nan,0.000000000000000000e+00,nan,0.000000000000000000e+00,nan,nan,nan,nan,nan,nan,3.412969283276390264e-03,nan,nan,0.000000000000000000e+00,0.000000000000000000e+00,nan,0.000000000000000000e+00,nan,nan,nan,nan,nan,nan,nan,nan,nan,nan,nan,nan,0.000000000000000000e+00,nan,nan,nan,nan,nan
nan,nan,nan,nan,nan,nan,nan,nan,nan,nan,nan,nan,nan,nan,nan,nan,nan,nan,nan,nan,nan,nan,nan,nan,nan,nan,nan,nan,nan,-1.811846689895466739e-02,1.881533101045300763e-02,nan,nan,nan,nan,nan,nan,nan,nan,nan,nan,nan,nan,nan,-2.787456445993008371e-03,2.090592334494778548e-02,1.114982578397216706e-02,nan,nan,nan,nan,3.003484320557491816e-01,9.825783972125438914e-02,nan,nan,nan,nan,nan,nan,9.059233449477389205e-03,nan,nan,6.968641114982632168e-03,nan,2.020905923344953198e-02
nan,nan,nan,nan,nan,nan,nan,nan,nan,nan,nan,nan,nan,nan,nan,nan,nan,nan,nan,nan,nan,nan,nan,nan,nan,nan,nan,nan,nan,nan,1.290322580645142424e-03,nan,nan,nan,nan,nan,nan,nan,nan,1.612903225806450180e-02,nan,-4.580645161290324008e-02,nan,3.870967741935449173e-03,nan,nan,-5.483870967741936997e-02,1.032258064516125041e-02,nan,nan,nan,nan,-4.000000000000001471e-02,nan,nan,nan,nan,nan,nan,-2.064516129032258757e-02,-2.451612903225806189e-02,nan,nan,nan,5.161290322580636483e-03
nan,nan,nan,nan,nan,nan,nan,nan,nan,nan,nan,nan,nan,nan,nan,nan,nan,nan,nan,nan,nan,nan,nan,nan,nan,nan,nan,nan,nan,1.911262798634807275e-02,nan,nan,nan,nan,nan,nan,nan,nan,nan,2.525597269624570845e-02,nan,nan,3.071672354948800157e-02,1.979522184300339799e-02,2.866894197952216811e-02,1.433447098976108891e-01,3.344709897610920191e-02,nan,nan,nan,nan,nan,nan,nan,nan,nan,nan,nan,nan,-1.583617747440273227e-01,nan,nan,-1.426621160409556610e-01,nan,2.245733788395904151e-01
nan,nan,-8.191126279863469167e-03,nan,nan,nan,nan,nan,nan,nan,nan,nan,nan,nan,4.573378839590445250e-02,nan,nan,nan,nan,nan,nan,nan,nan,nan,nan,nan,nan,nan,nan,-2.047781569965878568e-03,1.474402730375426462e-01,nan,nan,nan,nan,nan,nan,nan,nan,nan,nan,nan,-1.092150170648467124e-02,0.000000000000000000e+00,-4.095563139931757135e-03,nan,nan,nan,nan,nan,nan,nan,-8.191126279863514270e-03,nan,nan,nan,nan,nan,nan,-8.873720136518815221e-03,nan,nan,-2.047781569965878568e-03,nan,nan
nan,nan,nan,nan,nan,nan,nan,nan,nan,nan,nan,nan,nan,nan,nan,nan,nan,nan,nan,nan,nan,nan,nan,nan,nan,nan,nan,nan,nan,-1.172638436482085177e-02,4.234527687296418819e-02,nan,nan,nan,nan,nan,nan,nan,nan,-3.908794788273617545e-03,nan,-3.257328990228014476e-03,nan,nan,nan,nan,nan,nan,nan,nan,nan,1.439739413680781177e-01,1.074918566775244083e-01,nan,nan,nan,nan,nan,nan,3.517915309446255356e-02,nan,-6.514657980456028518e-04,3.648208469055376491e-02,nan,3.908794788273617371e-02
nan,nan,nan,nan,nan,nan,nan,nan,6.410256410256387483e-03,nan,nan,nan,-3.205128205128260528e-03,nan,nan,nan,nan,nan,nan,nan,nan,nan,nan,nan,nan,nan,nan,nan,nan,nan,-6.410256410256498505e-03,nan,nan,nan,nan,nan,9.615384615384581224e-03,nan,nan,nan,nan,nan,nan,-3.205128205128304764e-03,5.769230769230748734e-03,-5.769230769230837205e-03,-2.628205128205132052e-02,nan,nan,nan,nan,nan,nan,nan,nan,nan,nan,nan,nan,-2.564102564102599228e-03,3.205128205128171624e-03,nan,nan,nan,nan
nan,nan,nan,nan,nan,nan,nan,nan,nan,nan,nan,nan,nan,nan,nan,nan,nan,nan,nan,nan,nan,nan,nan,nan,nan,nan,nan,nan,nan,0.000000000000000000e+00,nan,nan,nan,nan,nan,nan,nan,nan,nan,nan,nan,nan,nan,0.000000000000000000e+00,nan,nan,0.000000000000000000e+00,0.000000000000000000e+00,nan,nan,nan,0.000000000000000000e+00,0.000000000000000000e+00,nan,nan,nan,-1.288025889967637505e-01,nan,nan,nan,-1.197411003236245886e-01,nan,nan,-1.236245954692556381e-01,0.000000000000000000e+00
nan,nan,nan,nan,nan,nan,nan,nan,nan,nan,nan,nan,nan,nan,-5.642633228840154488e-03,nan,nan,nan,nan,nan,nan,nan,nan,nan,nan,nan,nan,nan,nan,5.015673981191248916e-03,-1.253918495297812229e-03,nan,nan,nan,nan,nan,nan,nan,nan,-1.253918495297812229e-03,nan,nan,nan,-2.507836990595624458e-03,-1.065830721003140427e-02,-4.075235109717871562e-02,-2.131661442006269752e-02,nan,nan,nan,nan,nan,nan,nan,nan,nan,nan,nan,nan,-9.404388714733591392e-03,nan,nan,nan,nan,1.755485893416928317e-02
nan,nan,0.000000000000000000e+00,nan,nan,nan,nan,nan,nan,nan,nan,nan,nan,nan,0.000000000000000000e+00,nan,nan,nan,nan,nan,nan,nan,nan,nan,nan,nan,nan,nan,nan,0.000000000000000000e+00,0.000000000000000000e+00,nan,nan,nan,nan,nan,nan,nan,2.020202020202011093e-03,0.000000000000000000e+00,nan,nan,nan,0.000000000000000000e+00,0.000000000000000000e+00,nan,nan,nan,nan,nan,nan,nan,nan,nan,nan,nan,nan,nan,nan,9.898989898989898895e-02,nan,nan,nan,nan,3.367003367003373795e-03
nan,nan,nan,nan,nan,nan,nan,nan,nan,nan,nan,nan,nan,nan,nan,nan,nan,nan,nan,nan,nan,nan,nan,nan,nan,nan,nan,nan,nan,nan,-3.401360544217690851e-03,nan,nan,nan,nan,nan,nan,nan,nan,nan,nan,nan,nan,4.081632653061229195e-03,4.081632653061229195e-03,-6.802721088435381702e-03,2.040816326530614597e-03,nan,nan,nan,nan,7.482993197278920046e-03,1.564625850340137930e-02,nan,nan,nan,nan,nan,nan,0.000000000000000000e+00,nan,0.000000000000000000e+00,-6.802721088435381269e-04,nan,nan
nan,nan,nan,nan,nan,nan,nan,nan,nan,nan,nan,nan,nan,nan,nan,nan,nan,nan,nan,nan,nan,nan,nan,nan,nan,nan,nan,nan,nan,-2.229965156794422310e-02,1.261324041811847374e-01,nan,nan,nan,nan,nan,nan,nan,nan,nan,nan,nan,nan,nan,1.393728222996570756e-03,1.149825783972125981e-01,1.177700348432056121e-01,-1.463414634146338253e-02,nan,nan,nan,nan,nan,nan,nan,nan,nan,nan,nan,1.247386759581882165e-01,-3.484320557491260573e-03,nan,1.247386759581882165e-01,8.850174216027878460e-02,nan
nan,nan,0.000000000000000000e+00,nan,nan,nan,nan,nan,0.000000000000000000e+00,nan,nan,nan,0.000000000000000000e+00,nan,0.000000000000000000e+00,nan,nan,nan,nan,nan,nan,nan,nan,nan,nan,nan,nan,nan,nan,0.000000000000000000e+00,0.000000000000000000e+00,nan,0.000000000000000000e+00,nan,nan,nan,0.000000000000000000e+00,nan,nan,nan,nan,nan,nan,nan,0.000000000000000000e+00,nan,nan,nan,nan,nan,nan,nan,nan,nan,nan,nan,nan,nan,nan,nan,nan,nan,nan,nan,0.000000000000000000e+00
nan,nan,nan,nan,nan,nan,nan,nan,nan,nan,nan,nan,nan,nan,nan,nan,nan,nan,nan,nan,nan,nan,nan,nan,nan,nan,nan,nan,nan,nan,-2.801302931596092588e-02,nan,nan,nan,nan,nan,nan,nan,nan,-4.560260586319220613e-03,nan,nan,nan,nan,-9.120521172638441226e-03,-1.042345276872964563e-02,3.257328990228014476e-03,nan,nan,nan,nan,-7.426710097719872727e-02,-3.778501628664496931e-02,nan,nan,nan,nan,nan,nan,-7.817589576547235089e-03,-1.563517915309447018e-02,nan,nan,nan,-3.583061889250815923e-02
nan,nan,9.463722397476392878e-03,nan,nan,nan,nan,nan,nan,nan,nan,nan,nan,nan,6.309148264984298926e-03,nan,nan,nan,nan,nan,nan,nan,nan,nan,nan,nan,nan,nan,nan,0.000000000000000000e+00,1.892744479495278576e-03,nan,nan,nan,nan,nan,nan,nan,nan,1.261829652996837494e-03,0.000000000000000000e+00,nan,nan,0.000000000000000000e+00,0.000000000000000000e+00,nan,nan,nan,nan,nan,nan,nan,nan,nan,nan,nan,nan,nan,nan,6.309148264984187470e-04,nan,nan,nan,nan,-1.261829652996837494e-03
nan,nan,6.138613861386137127e-02,nan,nan,nan,nan,nan,nan,nan,nan,nan,nan,nan,6.534653465346533519e-02,nan,nan,nan,nan,nan,nan,nan,nan,nan,nan,nan,nan,nan,nan,-5.412541254125411566e-02,5.082508250825083784e-02,nan,nan,nan,nan,nan,nan,nan,nan,nan,nan,nan,1.386138613861387370e-02,-5.940594059405945870e-03,-1.980198019802004075e-03,nan,nan,nan,nan,nan,nan,-1.663366336633663456e-01,-1.564356435643564358e-01,nan,nan,nan,nan,nan,nan,nan,nan,5.940594059405923319e-03,nan,nan,nan
