nan,nan,4.435797665369647230e-02,nan,nan,nan,nan,nan,nan,nan,nan,-1.556420233463029490e-03,nan,nan,nan,nan,nan,nan,nan,nan,nan,nan,nan,nan,nan,nan,nan,nan,nan,nan,2.101167315175094322e-02,nan,nan,nan,nan,nan,nan,nan,4.669260700389088470e-03,-1.556420233463029490e-03,nan,nan,nan,1.089494163424120643e-02,1.556420233463029490e-03,nan,nan,0.000000000000000000e+00,nan,nan,nan,nan,nan,nan,nan,nan,nan,nan,nan,5.447470817120603215e-03,nan,nan,nan,nan,7.782101167315147450e-03
nan,nan,nan,nan,nan,nan,nan,nan,nan,nan,nan,nan,nan,nan,nan,nan,nan,nan,nan,nan,nan,nan,nan,nan,nan,nan,nan,nan,nan,1.216730038022815173e-02,nan,nan,nan,nan,nan,nan,nan,nan,6.844106463878318544e-03,7.604562737642650127e-04,1.368821292775668219e-02,1.520912547528507908e-03,-6.083650190114054182e-03,2.281368821292773137e-03,nan,nan,nan,nan,nan,nan,nan,nan,nan,nan,nan,nan,nan,nan,nan,-5.323193916349788953e-03,nan,nan,-3.041825095057060051e-03,nan,2.889733840304180637e-02
nan,nan,nan,nan,nan,nan,nan,nan,nan,nan,nan,0.000000000000000000e+00,nan,nan,0.000000000000000000e+00,nan,nan,nan,nan,nan,nan,nan,nan,nan,nan,nan,nan,nan,nan,7.692307692307664979e-03,1.692307692307688446e-02,nan,nan,nan,nan,nan,nan,nan,nan,nan,1.769230769230762876e-02,nan,6.923076923076898134e-03,-3.076923076923088196e-03,nan,nan,nan,0.000000000000000000e+00,nan,nan,nan,nan,nan,nan,nan,nan,nan,nan,nan,-2.307692307692299667e-03,nan,nan,nan,nan,1.999999999999992756e-02
nan,nan,nan,nan,nan,nan,nan,nan,nan,nan,nan,7.434944237918239334e-04,nan,nan,6.691449814126415943e-03,nan,nan,nan,nan,nan,nan,nan,nan,nan,nan,nan,nan,nan,nan,nan,nan,nan,nan,nan,nan,nan,nan,nan,-9.665427509293644456e-03,nan,-5.947955390334547232e-03,-2.973977695167295734e-03,nan,-1.040892193308546806e-02,-5.947955390334591468e-03,nan,nan,nan,nan,nan,nan,nan,nan,nan,nan,nan,nan,nan,nan,-1.486988847583647867e-03,nan,nan,-4.460966542750921700e-03,nan,1.040892193308553572e-02
nan,nan,nan,nan,nan,nan,nan,nan,nan,nan,nan,nan,nan,nan,0.000000000000000000e+00,nan,nan,nan,nan,nan,nan,nan,nan,nan,nan,nan,nan,nan,nan,1.149425287356318180e-02,4.674329501915706203e-02,nan,nan,nan,nan,nan,nan,nan,-4.597701149425282088e-03,-1.532567049808441963e-03,1.455938697318004404e-02,7.662835249042209817e-04,nan,nan,nan,nan,nan,-7.662835249042209817e-04,nan,nan,nan,nan,nan,nan,nan,nan,nan,nan,nan,5.363984674329480735e-03,nan,nan,nan,nan,3.831417624521060890e-03
nan,nan,nan,nan,nan,nan,nan,nan,nan,nan,1.789883268482483913e-02,nan,nan,nan,nan,nan,nan,nan,nan,nan,nan,nan,nan,nan,nan,nan,nan,nan,nan,nan,nan,nan,nan,nan,nan,nan,nan,nan,-4.669260700389176941e-03,nan,1.011673151750969168e-02,nan,nan,-7.782101167315591973e-04,7.782101167314925188e-04,2.023346303501938337e-02,-2.220446049250313204e-17,3.112840466926058980e-03,nan,nan,nan,nan,nan,nan,nan,nan,nan,nan,nan,7.782101167314702927e-04,nan,nan,-7.782101167315369711e-04,nan,nan
nan,nan,nan,nan,nan,nan,nan,nan,nan,nan,3.223443223443225175e-02,7.326007326007299980e-04,nan,nan,nan,nan,nan,nan,nan,nan,nan,nan,nan,nan,nan,nan,nan,nan,nan,nan,nan,nan,nan,nan,nan,nan,nan,nan,-7.326007326007299980e-03,nan,1.758241758241763097e-02,nan,nan,-2.930402930402919992e-03,-2.930402930402919992e-03,nan,1.391941391941398098e-02,1.465201465201482114e-03,nan,nan,nan,nan,nan,nan,nan,nan,nan,nan,nan,4.395604395604424224e-03,nan,nan,nan,nan,6.593406593406614218e-03
nan,nan,nan,nan,nan,nan,nan,nan,nan,nan,nan,nan,nan,nan,nan,nan,nan,nan,nan,nan,nan,nan,nan,nan,nan,nan,nan,nan,nan,nan,nan,nan,nan,nan,nan,nan,nan,nan,7.604562737642650127e-04,3.802281368821303163e-03,nan,nan,-1.520912547528530025e-03,-4.562737642585567958e-03,nan,nan,nan,-1.520912547528530025e-03,nan,nan,nan,1.520912547528485790e-03,-9.885931558935402014e-03,nan,-9.885931558935402014e-03,-7.604562737642583774e-03,nan,nan,nan,nan,nan,nan,nan,nan,-7.604562737642606325e-03
nan,nan,nan,nan,nan,nan,nan,nan,nan,3.663003663003649990e-03,nan,nan,nan,nan,nan,nan,nan,nan,nan,nan,nan,nan,nan,nan,nan,nan,nan,nan,nan,nan,nan,nan,nan,nan,nan,nan,nan,nan,1.465201465201459996e-03,nan,nan,2.930402930402919992e-03,nan,7.326007326007299980e-03,nan,nan,nan,nan,nan,nan,nan,nan,nan,nan,nan,nan,8.058608058608029978e-03,nan,nan,1.172161172161167997e-02,5.128205128205109986e-03,nan,1.025641025641021997e-02,0.000000000000000000e+00,1.172161172161167997e-02
nan,nan,nan,nan,nan,nan,nan,nan,nan,nan,3.812949640287773001e-02,nan,nan,nan,nan,nan,nan,nan,nan,nan,nan,nan,nan,nan,nan,nan,nan,nan,nan,nan,3.237410071942448120e-02,nan,nan,nan,nan,nan,nan,nan,-2.158273381294950524e-03,nan,nan,nan,-1.438848920863300494e-03,-7.194244604316280206e-04,nan,3.597122302158317804e-03,7.194244604316945907e-04,-2.877697841726600987e-03,nan,nan,nan,nan,nan,nan,nan,nan,nan,nan,nan,7.913669064748263954e-03,nan,nan,0.000000000000000000e+00,nan,nan
nan,nan,nan,nan,nan,nan,nan,nan,nan,nan,nan,nan,nan,nan,nan,nan,nan,nan,nan,nan,nan,nan,nan,nan,nan,nan,nan,nan,nan,nan,nan,nan,nan,nan,nan,nan,nan,nan,2.909090909090927997e-03,0.000000000000000000e+00,2.763636363636366028e-02,6.545454545454565225e-03,nan,7.272727272727319992e-04,5.818181818181855994e-03,nan,1.454545454545455065e-02,2.181818181818195781e-03,nan,nan,nan,nan,nan,nan,nan,nan,nan,nan,nan,2.181818181818182684e-02,nan,nan,4.363636363636391562e-03,nan,nan
nan,nan,nan,nan,nan,nan,nan,nan,nan,nan,nan,nan,nan,nan,nan,nan,nan,nan,nan,nan,nan,nan,nan,nan,nan,nan,nan,nan,nan,nan,2.666666666666670654e-02,nan,nan,nan,nan,nan,nan,nan,-5.925925925925934305e-03,0.000000000000000000e+00,nan,-5.925925925925912621e-03,7.407407407407750732e-04,-8.148148148148149153e-03,-2.222222222222192296e-03,nan,nan,nan,nan,nan,nan,nan,nan,nan,nan,nan,nan,nan,nan,-2.962962962962945035e-03,nan,nan,-3.703703703703697774e-03,nan,8.148148148148192521e-03
nan,nan,nan,nan,nan,nan,nan,nan,nan,nan,nan,nan,nan,nan,1.520912547528530025e-03,nan,nan,nan,nan,nan,nan,nan,nan,nan,nan,nan,nan,nan,nan,3.041825095057060051e-03,2.737642585551331928e-02,nan,nan,nan,nan,nan,nan,nan,3.802281368821325280e-03,3.802281368821325280e-03,1.368821292775665964e-02,nan,-3.041825095057060051e-03,3.802281368821281045e-03,0.000000000000000000e+00,nan,nan,nan,nan,nan,nan,-3.041825095057060051e-03,nan,nan,nan,nan,nan,nan,nan,nan,nan,nan,nan,nan,nan
nan,nan,nan,nan,nan,nan,nan,nan,nan,nan,nan,-2.173913043478270437e-03,nan,nan,nan,nan,nan,nan,nan,nan,nan,nan,nan,nan,nan,nan,nan,nan,nan,nan,nan,nan,nan,nan,nan,nan,nan,nan,7.246376811594235513e-04,nan,nan,1.449275362318835914e-02,nan,-7.971014492753659281e-03,nan,2.971014492753618758e-02,4.347826086956474087e-03,-5.072463768115964208e-03,nan,nan,nan,nan,nan,nan,nan,nan,nan,nan,nan,-2.173913043478270437e-03,nan,nan,-6.521739130434811745e-03,nan,2.826086956521733917e-02
nan,nan,nan,nan,nan,nan,nan,nan,nan,nan,nan,nan,nan,nan,nan,nan,nan,nan,nan,nan,nan,nan,nan,nan,nan,nan,nan,nan,nan,nan,nan,nan,nan,nan,nan,nan,nan,nan,8.429118773946342111e-03,nan,1.149425287356320435e-02,6.130268199233701934e-03,9.961685823754761956e-03,1.149425287356322690e-02,7.662835249042121780e-03,nan,nan,-7.662835249041988640e-04,nan,nan,nan,1.839080459770116999e-02,nan,nan,nan,nan,nan,nan,nan,1.685823754789272932e-02,nan,nan,7.662835249042432078e-04,nan,nan
nan,nan,nan,nan,nan,nan,nan,nan,nan,nan,2.650602409638560392e-02,nan,nan,nan,nan,nan,nan,nan,nan,nan,nan,nan,nan,nan,nan,nan,nan,nan,nan,nan,nan,nan,nan,nan,nan,nan,nan,nan,-1.044176706827304457e-02,nan,-1.847389558232927914e-02,-5.622489959839316147e-03,nan,2.220446049250313204e-17,-4.819277108433705874e-03,1.285140562248998641e-02,2.409638554216919724e-03,4.016064257028139836e-03,nan,nan,nan,nan,nan,nan,nan,nan,nan,nan,nan,nan,nan,nan,nan,nan,9.638554216867500218e-03
nan,nan,nan,nan,nan,nan,nan,nan,nan,nan,nan,nan,nan,nan,nan,nan,nan,nan,nan,nan,nan,nan,nan,nan,nan,nan,nan,nan,nan,nan,nan,nan,nan,nan,nan,nan,nan,nan,-6.691449814126415943e-03,-2.230483271375471692e-03,nan,-7.434944237918239551e-03,nan,nan,nan,4.460966542750899148e-03,-1.412639405204465549e-02,-1.263940520446100654e-02,nan,nan,nan,nan,nan,nan,nan,nan,nan,nan,nan,nan,-8.921933085501886768e-03,nan,-1.858736059479559888e-02,-5.204460966542789543e-03,-2.230483271375471692e-03
nan,nan,2.037735849056603391e-02,nan,nan,nan,nan,nan,nan,nan,nan,nan,nan,nan,nan,nan,nan,nan,nan,nan,nan,nan,nan,nan,nan,nan,nan,nan,nan,nan,1.509433962264150608e-02,nan,nan,nan,nan,nan,nan,nan,1.509433962264150652e-03,0.000000000000000000e+00,nan,7.547169811320753258e-04,-3.018867924528301303e-03,0.000000000000000000e+00,nan,nan,nan,nan,nan,nan,nan,nan,nan,nan,nan,nan,nan,nan,nan,-4.528301886792452172e-03,nan,nan,1.509433962264150652e-03,nan,9.056603773584904343e-03
nan,nan,nan,nan,nan,nan,nan,nan,nan,nan,9.489051094890533014e-03,nan,nan,nan,nan,nan,nan,nan,nan,nan,nan,nan,nan,nan,nan,nan,nan,nan,nan,nan,nan,nan,nan,nan,nan,-2.189781021897796529e-03,nan,nan,-1.459854014598493867e-03,3.649635036496379301e-03,nan,nan,nan,nan,nan,-5.109489051094873169e-03,-2.919708029197032404e-03,2.919708029197121309e-03,nan,nan,nan,nan,3.649635036496357184e-03,nan,8.759124087591252036e-03,6.569343065693455941e-03,nan,nan,nan,nan,nan,nan,nan,nan,nan
nan,nan,nan,nan,nan,nan,nan,nan,nan,nan,nan,-1.574803149606296372e-03,nan,nan,nan,nan,nan,nan,nan,nan,nan,nan,nan,nan,nan,nan,nan,nan,nan,nan,nan,nan,nan,nan,nan,nan,nan,nan,2.362204724409444449e-03,nan,nan,nan,1.811023622047240947e-02,-7.086614173228334215e-03,-4.724409448818888899e-03,nan,nan,3.149606299212592744e-03,nan,nan,nan,nan,1.653543307086611375e-02,nan,3.385826771653537015e-02,nan,nan,nan,nan,1.574803149606296372e-03,nan,nan,1.574803149606296372e-03,nan,nan
nan,nan,nan,nan,nan,nan,nan,nan,nan,nan,1.933085501858739993e-02,nan,nan,nan,nan,nan,nan,nan,nan,nan,nan,nan,nan,nan,nan,nan,nan,nan,nan,nan,nan,nan,nan,nan,nan,nan,nan,nan,0.000000000000000000e+00,nan,-4.460966542750899148e-03,3.717472118959119776e-03,-4.460966542750921700e-03,-2.230483271375471692e-03,-2.230483271375427456e-03,7.434944237918239551e-03,-6.691449814126370840e-03,2.230483271375471692e-03,nan,nan,nan,nan,nan,nan,nan,nan,nan,nan,nan,nan,nan,nan,nan,nan,nan
nan,nan,nan,nan,nan,nan,nan,nan,nan,nan,nan,nan,nan,nan,-1.492537313432884625e-03,nan,nan,nan,nan,nan,nan,nan,nan,nan,nan,nan,nan,nan,nan,5.970149253731316455e-03,nan,nan,nan,nan,nan,nan,nan,nan,1.492537313432840173e-03,nan,2.089552238805969520e-02,-2.985074626865680345e-03,nan,1.492537313432817838e-03,5.223880597014907319e-03,nan,nan,-1.492537313432862290e-03,nan,nan,nan,nan,nan,nan,nan,nan,nan,nan,nan,7.462686567164089190e-04,nan,nan,4.477611940298498183e-03,nan,nan
nan,nan,nan,nan,nan,nan,nan,nan,nan,nan,nan,nan,nan,nan,nan,nan,nan,nan,nan,nan,nan,nan,nan,nan,nan,nan,nan,nan,nan,nan,nan,nan,nan,nan,nan,nan,nan,nan,-3.663003663003649990e-03,0.000000000000000000e+00,nan,7.326007326007299980e-03,nan,1.172161172161167997e-02,3.663003663003649990e-03,nan,nan,nan,nan,nan,nan,1.391941391941386996e-02,0.000000000000000000e+00,nan,nan,nan,nan,nan,nan,-2.197802197802189994e-03,nan,nan,-2.930402930402919992e-03,nan,3.956043956043953091e-02
nan,nan,nan,nan,nan,nan,nan,nan,nan,nan,nan,nan,nan,nan,nan,nan,nan,nan,nan,nan,nan,nan,nan,nan,nan,nan,nan,nan,nan,nan,nan,nan,nan,nan,nan,nan,nan,nan,-7.352941176470784374e-04,nan,nan,nan,1.029411764705878696e-02,4.411764705882337267e-03,1.470588235294112422e-03,nan,1.470588235294114678e-02,1.176470588235289938e-02,nan,nan,nan,8.823529411764674535e-03,-5.882352941176472241e-03,nan,nan,nan,nan,nan,nan,1.397058823529406801e-02,nan,nan,nan,nan,1.838235294117640528e-02
nan,nan,nan,nan,nan,nan,nan,nan,nan,nan,nan,nan,nan,nan,4.301075268817222512e-03,nan,nan,nan,nan,nan,nan,nan,nan,nan,nan,nan,nan,nan,nan,nan,3.010752688172040406e-02,nan,nan,nan,nan,nan,nan,nan,3.584229390681015291e-03,-7.168458781362074383e-04,8.602150537634401656e-03,nan,nan,1.433691756272414877e-03,nan,nan,nan,nan,nan,nan,nan,nan,nan,nan,nan,nan,1.935483870967742367e-02,nan,nan,7.168458781361853206e-04,1.433691756272414877e-03,nan,nan,1.003584229390681523e-02,nan
nan,nan,nan,nan,nan,nan,nan,nan,nan,nan,nan,nan,nan,nan,nan,nan,nan,nan,nan,nan,nan,nan,nan,nan,nan,nan,nan,nan,nan,nan,nan,nan,nan,nan,nan,nan,nan,nan,7.299270072992803272e-04,nan,8.759124087591274588e-03,4.379562043795614742e-03,6.569343065693411705e-03,2.189781021897840765e-03,3.649635036496401419e-03,2.919708029197098757e-03,7.299270072992714367e-03,1.459854014598560654e-03,nan,nan,nan,nan,nan,nan,nan,nan,nan,nan,nan,nan,nan,nan,nan,nan,2.335766423357663740e-02
nan,nan,nan,nan,nan,nan,nan,nan,nan,nan,nan,nan,nan,nan,nan,nan,nan,nan,nan,nan,nan,nan,nan,nan,nan,nan,nan,nan,nan,nan,nan,nan,nan,nan,nan,nan,nan,nan,-2.247191011235960458e-03,nan,nan,2.996254681647947567e-03,nan,nan,nan,nan,2.220446049250313204e-17,6.741573033707881808e-03,nan,nan,nan,nan,nan,nan,nan,nan,2.996254681647945312e-02,nan,nan,-3.745318352059890006e-03,-1.498127340823951449e-03,nan,2.247191011235960458e-03,2.996254681647947567e-03,7.490636704119868483e-03
nan,nan,2.068965517241374424e-02,nan,nan,nan,nan,nan,nan,nan,nan,nan,nan,nan,nan,nan,nan,nan,nan,nan,nan,nan,nan,nan,nan,nan,nan,nan,nan,-2.298850574712663162e-03,3.371647509578538926e-02,nan,nan,nan,nan,nan,nan,nan,-2.298850574712685280e-03,nan,4.597701149425259537e-03,nan,nan,-7.662835249042654340e-04,nan,nan,1.072796934865896147e-02,nan,nan,nan,nan,nan,nan,nan,nan,nan,nan,nan,nan,7.662835249041766378e-04,nan,nan,7.662835249041988640e-04,nan,6.896551724137878030e-03
nan,nan,nan,nan,nan,nan,nan,nan,nan,nan,nan,nan,nan,nan,5.460750853242335619e-03,nan,nan,nan,nan,nan,nan,nan,nan,nan,nan,nan,nan,nan,nan,nan,nan,nan,nan,nan,nan,nan,nan,nan,-2.047781569965834332e-03,nan,-5.460750853242268832e-03,nan,nan,-3.412969283276390264e-03,6.825938566553003007e-04,3.412969283276501287e-03,-6.143344709897591467e-03,-6.825938566552780746e-04,nan,nan,nan,nan,nan,nan,nan,nan,nan,nan,nan,3.412969283276457051e-03,nan,nan,-1.365187713310556149e-03,nan,nan
nan,nan,nan,nan,nan,nan,nan,nan,nan,nan,nan,nan,nan,nan,-7.662835249042187699e-03,nan,nan,nan,nan,nan,nan,nan,nan,nan,nan,nan,nan,nan,nan,-6.130268199233746169e-03,2.298850574712596375e-03,nan,nan,nan,nan,nan,nan,nan,nan,-1.532567049808441963e-03,-6.130268199233746169e-03,nan,-5.363984674329547522e-03,-8.429118773946387214e-03,nan,nan,nan,nan,nan,nan,nan,nan,nan,nan,nan,nan,nan,nan,nan,-2.298850574712663162e-03,nan,nan,-1.532567049808441963e-03,nan,-1.532567049808486416e-03
nan,nan,nan,nan,nan,nan,nan,nan,nan,nan,nan,7.692307692307665196e-04,nan,nan,nan,nan,nan,nan,nan,nan,nan,nan,nan,nan,nan,nan,nan,nan,nan,nan,nan,nan,nan,nan,nan,nan,nan,nan,9.999999999999963779e-03,nan,1.615384615384609507e-02,2.307692307692299667e-03,6.923076923076876450e-03,9.230769230769198669e-03,3.076923076923066078e-03,nan,nan,nan,nan,nan,nan,nan,nan,nan,nan,nan,nan,nan,nan,8.461538461538431824e-03,nan,nan,5.384615384615365312e-03,nan,1.615384615384609507e-02
nan,nan,nan,nan,nan,nan,nan,nan,nan,nan,nan,-1.509433962264150652e-03,nan,nan,nan,nan,nan,nan,nan,nan,nan,nan,nan,nan,nan,nan,nan,nan,nan,2.264150943396226086e-03,3.773584905660376521e-02,nan,nan,nan,nan,nan,nan,nan,-3.773584905660376521e-03,nan,7.547169811320753041e-03,0.000000000000000000e+00,nan,-3.773584905660376521e-03,nan,nan,nan,nan,nan,nan,nan,nan,nan,nan,nan,nan,nan,nan,nan,-7.547169811320753258e-04,nan,nan,-9.056603773584904343e-03,nan,3.018867924528301303e-03
nan,nan,nan,nan,nan,nan,nan,nan,nan,nan,5.204460966542767859e-03,nan,nan,nan,nan,nan,nan,nan,nan,nan,nan,nan,nan,nan,nan,nan,nan,nan,nan,nan,nan,nan,nan,nan,nan,nan,nan,nan,-1.115241635687731422e-02,nan,-1.338289962825276423e-02,-1.263940520446094062e-02,nan,-1.412639405204456702e-02,nan,nan,-2.230483271375460763e-02,-9.665427509293689559e-03,nan,nan,nan,nan,nan,nan,nan,nan,nan,nan,nan,-4.460966542750921700e-03,nan,nan,-5.947955390334591468e-03,nan,7.434944237918239551e-03
nan,nan,nan,nan,nan,nan,nan,nan,nan,nan,nan,nan,nan,nan,nan,nan,nan,nan,nan,nan,nan,nan,nan,nan,nan,nan,nan,nan,nan,nan,5.093632958801495164e-02,nan,nan,nan,nan,nan,nan,nan,4.494382022471920916e-03,nan,nan,-1.498127340823973783e-03,-7.490636704119868917e-04,-8.988764044943841833e-03,-3.745318352059934242e-03,nan,nan,-2.247191011235960458e-03,nan,nan,nan,nan,nan,nan,nan,nan,nan,nan,nan,5.243445692883907591e-03,nan,nan,7.490636704119868917e-04,nan,-5.243445692883907591e-03
nan,nan,nan,nan,nan,nan,nan,nan,nan,nan,nan,nan,nan,nan,nan,nan,nan,nan,nan,nan,nan,nan,nan,nan,nan,nan,nan,nan,nan,nan,nan,nan,nan,nan,nan,nan,nan,nan,-3.773584905660376521e-03,nan,1.509433962264150608e-02,-5.283018867924526955e-03,1.509433962264150652e-03,-6.792452830188677390e-03,0.000000000000000000e+00,nan,nan,0.000000000000000000e+00,nan,nan,nan,nan,nan,nan,nan,nan,nan,nan,nan,-5.283018867924526955e-03,nan,nan,-9.811320754716978260e-03,nan,1.660377358490565738e-02
nan,nan,3.882783882783887031e-02,nan,nan,nan,nan,nan,nan,nan,nan,nan,nan,nan,nan,nan,nan,nan,nan,nan,nan,nan,nan,nan,nan,nan,nan,nan,nan,nan,7.326007326007522242e-04,nan,nan,nan,nan,nan,nan,nan,7.326007326007522242e-04,nan,nan,2.197802197802189994e-03,7.326007326007299980e-04,-1.465201465201459996e-03,-2.197802197802189994e-03,nan,nan,nan,nan,nan,nan,nan,nan,nan,nan,nan,nan,nan,nan,-1.465201465201437878e-03,nan,nan,0.000000000000000000e+00,nan,1.172161172161179099e-02
nan,nan,nan,nan,nan,nan,nan,nan,nan,nan,2.992700729927006906e-02,nan,nan,nan,nan,nan,nan,nan,nan,nan,nan,nan,nan,nan,nan,nan,nan,nan,nan,nan,2.773722627737225041e-02,nan,nan,nan,nan,nan,nan,nan,nan,nan,1.751824817518248326e-02,nan,7.299270072992803272e-04,2.919708029197121309e-03,-7.299270072992803272e-04,nan,1.678832116788320228e-02,7.299270072992803272e-04,nan,nan,nan,nan,nan,nan,nan,nan,nan,nan,nan,5.109489051094895720e-03,nan,nan,nan,nan,2.919708029197121309e-03
nan,nan,nan,nan,nan,nan,nan,nan,nan,nan,nan,-7.662835249042209817e-04,nan,nan,nan,nan,nan,nan,nan,nan,nan,nan,nan,nan,nan,nan,nan,nan,nan,nan,3.448275862068961306e-02,nan,nan,nan,nan,nan,nan,nan,-4.597701149425326324e-03,3.831417624520994103e-03,nan,-3.065134099616883927e-03,-7.662835249042210251e-03,-8.429118773946409765e-03,nan,nan,nan,nan,nan,nan,nan,nan,nan,nan,nan,nan,nan,nan,nan,-1.685823754789277443e-02,nan,nan,-1.532567049808464298e-03,nan,-5.363984674329569206e-03
nan,nan,nan,nan,nan,nan,nan,nan,nan,nan,nan,3.690036900368953710e-03,nan,nan,nan,nan,nan,nan,nan,nan,nan,nan,nan,nan,nan,nan,nan,nan,nan,nan,3.173431734317344599e-02,nan,nan,nan,nan,nan,nan,nan,1.476014760147603602e-03,nan,1.623616236162361837e-02,nan,5.904059040590370171e-03,6.642066420664160913e-03,nan,nan,nan,nan,nan,nan,nan,8.856088560885599925e-03,nan,nan,nan,nan,nan,nan,nan,1.033210332103320396e-02,nan,nan,2.214022140221416461e-03,nan,0.000000000000000000e+00
nan,nan,nan,nan,nan,nan,nan,nan,nan,nan,nan,nan,nan,nan,nan,nan,nan,nan,nan,nan,nan,nan,nan,nan,nan,nan,nan,nan,nan,-2.272727272727270882e-03,nan,nan,nan,nan,nan,nan,nan,nan,-7.575757575757569029e-03,3.030303030303027698e-03,0.000000000000000000e+00,nan,nan,nan,nan,-4.545454545454541764e-03,5.303030303030298147e-03,-3.030303030303027698e-03,nan,nan,nan,nan,nan,nan,nan,nan,nan,nan,nan,4.545454545454541764e-03,nan,nan,3.030303030303027698e-03,nan,-7.575757575757569246e-04
nan,nan,nan,nan,nan,nan,nan,nan,nan,nan,nan,nan,nan,nan,nan,nan,nan,nan,nan,nan,nan,nan,nan,nan,nan,nan,nan,nan,nan,nan,2.339622641509433304e-02,nan,nan,nan,nan,nan,nan,nan,-7.547169811320753258e-04,nan,nan,-3.018867924528301303e-03,1.509433962264150652e-03,3.018867924528301303e-03,nan,nan,nan,nan,nan,nan,nan,-1.509433962264150652e-03,-6.037735849056602606e-03,nan,nan,nan,nan,nan,nan,-7.547169811320753258e-04,nan,nan,-1.509433962264150652e-03,nan,0.000000000000000000e+00
nan,nan,1.317829457364343496e-02,nan,nan,nan,nan,nan,nan,nan,7.751937984496138018e-04,nan,nan,nan,nan,nan,nan,nan,nan,nan,nan,nan,nan,nan,nan,nan,nan,nan,nan,nan,3.875968992248068901e-03,nan,nan,nan,nan,7.751937984496138018e-04,nan,nan,-1.550387596899227604e-03,nan,nan,nan,nan,nan,nan,-5.426356589147296287e-03,8.527131782945751928e-03,3.875968992248068901e-03,nan,nan,nan,nan,nan,nan,nan,nan,nan,nan,nan,1.627906976744186718e-02,nan,nan,nan,nan,-7.751937984496138018e-04
nan,nan,nan,nan,nan,nan,nan,nan,nan,nan,nan,-2.135231316725971860e-03,nan,nan,nan,nan,nan,nan,nan,nan,nan,nan,nan,nan,nan,nan,nan,nan,nan,nan,1.637010676156580580e-02,nan,nan,nan,nan,nan,nan,nan,-3.558718861209997190e-03,nan,nan,7.117437722419905476e-04,-7.117437722419905476e-04,-5.693950177935991168e-03,-9.252669039145988358e-03,nan,nan,nan,nan,nan,nan,nan,nan,nan,nan,nan,nan,nan,nan,-4.270462633452010506e-03,nan,nan,0.000000000000000000e+00,nan,2.064056939501772783e-02
nan,nan,4.812030075187971601e-02,nan,nan,nan,nan,nan,nan,nan,nan,nan,nan,nan,nan,nan,nan,nan,nan,nan,nan,nan,nan,nan,nan,nan,nan,nan,nan,nan,9.774436090225635185e-03,nan,nan,nan,nan,nan,nan,nan,-3.007518796992436714e-03,2.220446049250313204e-17,nan,nan,-7.518796992481147079e-03,-7.518796992480814229e-04,nan,nan,1.578947368421055458e-02,-7.518796992481036490e-04,nan,nan,nan,nan,nan,nan,nan,nan,nan,nan,nan,1.503759398496273868e-03,nan,nan,nan,nan,1.578947368421053030e-02
nan,nan,nan,nan,nan,nan,nan,nan,nan,nan,nan,nan,nan,nan,nan,nan,nan,nan,nan,nan,nan,nan,nan,nan,nan,nan,nan,nan,nan,nan,nan,nan,nan,nan,nan,nan,nan,nan,8.527131782945751928e-03,-7.751937984496138018e-04,nan,2.325581395348830238e-02,nan,0.000000000000000000e+00,6.976744186046523674e-03,nan,1.937984496124029940e-02,3.875968992248068901e-03,nan,nan,nan,nan,nan,nan,nan,nan,nan,nan,nan,1.472868217054261811e-02,2.248062015503871081e-02,nan,6.976744186046523674e-03,nan,nan
nan,nan,nan,nan,nan,nan,nan,nan,nan,nan,nan,-3.717472118959119776e-03,nan,nan,nan,nan,nan,nan,nan,nan,nan,nan,nan,nan,nan,nan,nan,nan,nan,nan,3.271375464684012080e-02,nan,nan,nan,nan,nan,nan,nan,2.973977695167273616e-03,nan,nan,2.973977695167295734e-03,nan,-2.220446049250313204e-17,nan,nan,nan,nan,nan,nan,nan,nan,nan,nan,nan,nan,5.204460966542723624e-03,nan,nan,7.434944237918151080e-03,8.178438661709997240e-03,nan,nan,-2.230483271375471692e-03,4.460966542750899148e-03
nan,nan,nan,nan,nan,nan,nan,nan,nan,nan,6.545454545454520989e-03,nan,nan,nan,nan,nan,nan,nan,nan,nan,nan,nan,nan,nan,nan,nan,nan,nan,nan,nan,nan,nan,nan,nan,nan,nan,nan,nan,1.454545454545463998e-03,nan,nan,-5.090909090909123344e-03,nan,-7.999999999999984554e-03,nan,-1.454545454545486116e-03,-3.636363636363659779e-03,0.000000000000000000e+00,nan,nan,nan,nan,nan,nan,nan,nan,nan,nan,nan,-2.181818181818195781e-03,nan,nan,-2.181818181818173663e-03,nan,-7.272727272727541169e-04
nan,nan,nan,nan,nan,nan,nan,nan,nan,nan,nan,nan,nan,nan,nan,nan,nan,nan,nan,nan,nan,nan,nan,nan,nan,nan,nan,nan,nan,nan,nan,nan,nan,nan,nan,nan,nan,nan,nan,nan,nan,-7.518796992481257668e-04,-9.022556390977421598e-03,7.518796992481257668e-04,7.518796992481257668e-04,nan,-1.503759398496229416e-03,1.503759398496251534e-03,nan,nan,nan,-8.270676691729294747e-03,7.518796992481257668e-04,nan,nan,nan,nan,nan,nan,nan,nan,nan,-6.766917293233043647e-03,nan,1.353383458646615321e-02
nan,nan,nan,nan,nan,nan,nan,nan,nan,nan,nan,-1.044776119402983719e-02,nan,nan,-8.955223880596996366e-03,nan,nan,nan,nan,nan,nan,nan,nan,nan,nan,nan,nan,nan,nan,-8.955223880596996366e-03,-7.462686567163868013e-04,nan,nan,nan,nan,nan,nan,nan,nan,nan,2.220446049250313204e-17,nan,nan,nan,nan,nan,nan,nan,nan,nan,nan,-1.119402985074624546e-02,-5.970149253731338139e-03,nan,nan,nan,nan,nan,nan,-1.119402985074624546e-02,nan,nan,7.462686567164533713e-04,nan,-5.223880597014929003e-03
nan,nan,nan,nan,nan,nan,nan,nan,nan,nan,nan,nan,nan,nan,nan,nan,nan,nan,nan,nan,nan,nan,nan,nan,nan,nan,nan,nan,nan,nan,5.433070866141735678e-02,nan,nan,nan,nan,nan,nan,nan,nan,nan,nan,2.362204724409511236e-03,-4.724409448818888899e-03,-3.149606299212570626e-03,-1.574803149606251920e-03,nan,2.362204724409511236e-03,-7.874015748031259598e-04,nan,nan,nan,nan,nan,nan,nan,nan,nan,nan,nan,7.874015748031926382e-04,nan,nan,-7.874015748031259598e-04,nan,-1.574803149606274254e-03
nan,nan,nan,nan,nan,nan,nan,nan,nan,nan,nan,nan,nan,nan,nan,nan,nan,nan,nan,nan,nan,nan,nan,nan,nan,nan,nan,nan,nan,nan,2.023346303501947357e-02,nan,nan,nan,nan,nan,nan,nan,-3.891050583657573725e-03,7.782101167315147450e-04,nan,0.000000000000000000e+00,nan,nan,nan,nan,nan,nan,nan,nan,nan,nan,8.560311284046662195e-03,nan,-7.782101167315147450e-04,7.003891050583632705e-03,nan,nan,nan,6.225680933852117960e-03,7.003891050583632705e-03,nan,nan,nan,2.334630350194544235e-03
nan,nan,nan,nan,nan,nan,nan,nan,nan,7.633587786259222064e-04,nan,-7.633587786259577249e-03,nan,nan,nan,nan,nan,nan,nan,nan,nan,nan,nan,nan,nan,nan,nan,nan,nan,nan,nan,nan,nan,nan,nan,nan,nan,nan,-1.526717557251933101e-03,3.053435114503777296e-03,nan,-7.633587786259887764e-04,3.053435114503799848e-03,4.580152671755710614e-03,nan,nan,nan,nan,nan,nan,nan,nan,nan,nan,nan,nan,nan,nan,nan,-1.526717557251933101e-03,nan,nan,-6.106870229007688167e-03,nan,3.435114503816791981e-02
nan,nan,nan,nan,nan,nan,nan,nan,nan,nan,nan,nan,nan,nan,nan,nan,nan,nan,nan,nan,nan,nan,nan,nan,nan,nan,nan,nan,nan,nan,5.104895104895106062e-02,nan,nan,nan,nan,nan,nan,nan,2.797202797202835798e-03,nan,nan,-4.195804195804208811e-03,nan,-6.993006993007089495e-04,nan,8.391608391608374254e-03,9.090909090909083529e-03,3.496503496503544639e-03,nan,nan,nan,nan,nan,nan,nan,nan,nan,nan,nan,6.993006993007000807e-03,nan,nan,1.398601398601417899e-03,nan,1.398601398601400161e-02
nan,nan,nan,nan,nan,nan,nan,nan,nan,nan,nan,nan,nan,nan,nan,nan,nan,nan,nan,nan,nan,nan,nan,nan,nan,nan,nan,nan,nan,nan,4.580152671755719634e-02,nan,nan,nan,nan,nan,nan,nan,1.526717557251866531e-03,nan,nan,7.633587786259443241e-04,nan,-2.290076335877899542e-03,nan,nan,nan,nan,nan,nan,nan,nan,nan,nan,nan,3.816793893129721837e-03,-4.580152671755754849e-03,nan,nan,6.870229007633521685e-03,3.816793893129743955e-03,nan,4.580152671755666378e-03,1.526717557251866531e-03,nan
nan,nan,2.499999999999997710e-02,nan,nan,nan,nan,nan,nan,nan,nan,nan,nan,nan,nan,nan,nan,nan,nan,nan,nan,nan,nan,nan,nan,nan,nan,nan,nan,nan,0.000000000000000000e+00,nan,nan,nan,nan,nan,nan,nan,-5.303030303030298147e-03,nan,-7.575757575757569246e-04,-6.818181818181811779e-03,-1.060606060606059629e-02,-3.030303030303027698e-03,-8.333333333333326279e-03,nan,nan,nan,nan,nan,nan,nan,nan,nan,nan,nan,nan,nan,nan,0.000000000000000000e+00,nan,nan,-9.848484848484839044e-03,nan,nan
nan,nan,4.620938628158841738e-02,nan,nan,nan,nan,nan,nan,nan,nan,nan,nan,nan,nan,nan,nan,nan,nan,nan,nan,nan,nan,nan,nan,nan,nan,nan,nan,nan,1.299638989169671355e-02,nan,nan,nan,nan,nan,nan,nan,nan,2.166064981949422479e-03,nan,3.610108303249059871e-03,4.332129963898890060e-03,7.220216606497853028e-04,nan,nan,nan,nan,nan,nan,nan,1.083032490974724683e-02,1.444043321299637306e-02,nan,nan,nan,nan,nan,nan,1.155234657039709914e-02,nan,nan,nan,nan,1.516245487364622536e-02
nan,nan,nan,nan,nan,nan,nan,nan,nan,nan,nan,nan,nan,nan,nan,nan,nan,nan,nan,nan,nan,nan,nan,nan,nan,nan,nan,nan,nan,-1.459854014598516202e-03,nan,nan,nan,nan,nan,nan,nan,nan,-7.299270072992669264e-03,1.459854014598560654e-03,nan,6.569343065693433389e-03,nan,nan,nan,7.299270072992736051e-03,4.379562043795637294e-03,2.919708029197121309e-03,nan,nan,nan,nan,nan,nan,nan,nan,nan,nan,nan,-1.094890510948900476e-02,nan,nan,1.459854014598582772e-03,nan,1.970802919708034701e-02
nan,nan,nan,nan,nan,nan,nan,nan,nan,nan,nan,nan,nan,nan,nan,nan,nan,nan,nan,nan,nan,nan,nan,nan,nan,nan,nan,nan,nan,nan,nan,nan,nan,nan,nan,nan,nan,nan,nan,4.444444444444495615e-03,nan,nan,nan,-2.962962962962945035e-03,nan,4.444444444444473064e-03,8.148148148148192521e-03,-5.185185185185181567e-03,nan,nan,nan,nan,nan,nan,nan,nan,9.629629629629654630e-03,nan,nan,-7.407407407407085032e-04,1.481481481481505911e-03,nan,-5.925925925925912621e-03,2.222222222222258649e-03,nan
nan,nan,nan,nan,nan,nan,nan,nan,nan,nan,nan,nan,nan,nan,nan,nan,nan,nan,nan,nan,nan,nan,nan,nan,nan,nan,nan,nan,nan,-6.661338147750938996e-17,2.490842490842484075e-02,nan,nan,nan,nan,nan,nan,nan,5.860805860805839984e-03,nan,nan,-4.395604395604468459e-03,nan,-7.326007326007965680e-04,5.860805860805839984e-03,nan,nan,-1.465201465201504448e-03,nan,nan,nan,nan,nan,nan,nan,nan,nan,nan,nan,1.391941391941386996e-02,nan,nan,-1.465201465201526566e-03,nan,1.098901098901094997e-02
nan,nan,nan,nan,nan,nan,nan,nan,nan,nan,nan,nan,nan,nan,nan,nan,nan,nan,nan,nan,nan,nan,nan,nan,nan,nan,nan,nan,nan,nan,5.243445692883898918e-02,nan,nan,nan,nan,nan,nan,nan,-7.490636704119202132e-04,nan,1.198501872659179027e-02,5.243445692883907591e-03,nan,8.239700374531856025e-03,nan,2.097378277153563036e-02,2.471910112359556461e-02,1.498127340823995901e-03,nan,nan,nan,nan,nan,nan,nan,nan,nan,nan,nan,7.490636704119868483e-03,nan,nan,nan,nan,1.273408239700377607e-02
nan,nan,nan,nan,nan,nan,nan,nan,nan,nan,nan,nan,nan,nan,nan,nan,nan,nan,nan,nan,nan,nan,nan,nan,nan,nan,nan,nan,nan,nan,4.046692607003887776e-02,nan,nan,nan,nan,nan,nan,nan,1.556420233463029490e-03,nan,1.245136186770423592e-02,1.556420233463029490e-03,nan,7.782101167315147450e-04,0.000000000000000000e+00,nan,1.089494163424120643e-02,2.334630350194544235e-03,nan,nan,nan,nan,nan,nan,nan,nan,nan,nan,nan,-1.556420233463051608e-03,nan,nan,nan,nan,8.560311284046662195e-03
nan,nan,nan,nan,nan,nan,nan,nan,nan,nan,nan,nan,nan,nan,nan,nan,nan,nan,nan,nan,nan,nan,nan,nan,nan,nan,nan,nan,nan,nan,nan,nan,nan,nan,nan,nan,nan,nan,5.384615384615365312e-03,nan,1.923076923076916245e-02,nan,nan,3.846153846153810372e-03,nan,nan,-6.661338147750938996e-17,3.076923076923066078e-03,nan,nan,nan,9.230769230769198669e-03,-1.538461538461577491e-03,nan,nan,nan,nan,nan,nan,4.615384615384599334e-03,nan,nan,7.692307692307664979e-03,nan,3.538461538461536854e-02
nan,nan,nan,nan,nan,nan,nan,nan,nan,nan,nan,nan,nan,nan,nan,nan,nan,nan,nan,nan,nan,nan,nan,nan,nan,nan,nan,nan,nan,nan,7.942238267148016284e-03,nan,nan,nan,nan,nan,nan,nan,1.444043321299592940e-03,nan,nan,1.444043321299592940e-03,7.220216606498297551e-04,4.332129963898911744e-03,nan,-7.220216606498297551e-04,-2.166064981949445030e-03,7.220216606498075290e-04,nan,nan,nan,nan,nan,nan,nan,nan,nan,nan,nan,1.227436823104690634e-02,3.610108303249081989e-03,nan,nan,nan,nan
nan,nan,nan,nan,nan,nan,nan,nan,nan,nan,1.071428571428567622e-02,nan,nan,nan,nan,nan,nan,nan,nan,nan,nan,nan,nan,nan,nan,nan,nan,nan,nan,nan,nan,nan,nan,nan,nan,nan,nan,nan,4.999999999999981889e-03,nan,nan,3.571428571428558740e-03,7.857142857142829923e-03,2.142857142857135157e-03,nan,nan,9.285714285714253072e-03,-4.285714285714270315e-03,nan,nan,nan,nan,nan,nan,nan,nan,nan,nan,nan,2.142857142857135157e-03,nan,nan,-7.857142857142829923e-03,nan,1.071428571428567622e-02
nan,nan,nan,nan,nan,nan,nan,nan,nan,nan,6.792452830188677390e-03,nan,nan,nan,nan,nan,nan,nan,nan,nan,nan,nan,nan,nan,nan,nan,nan,nan,nan,nan,nan,nan,nan,nan,nan,nan,nan,nan,-4.528301886792452172e-03,1.509433962264150652e-03,1.056603773584905391e-02,nan,nan,2.264150943396226086e-03,6.037735849056602606e-03,2.716981132075470956e-02,-2.264150943396226086e-03,-1.509433962264150652e-03,nan,nan,nan,nan,nan,nan,nan,nan,nan,nan,nan,nan,nan,nan,nan,nan,2.566037735849056173e-02
nan,nan,nan,nan,nan,nan,nan,nan,nan,nan,nan,4.225352112676161731e-03,nan,nan,nan,nan,nan,nan,nan,nan,nan,nan,nan,nan,nan,nan,nan,nan,nan,nan,nan,nan,nan,nan,nan,nan,nan,nan,-2.816901408450678355e-03,2.112676056338092141e-03,nan,8.450704225352212440e-03,nan,1.408450704225394689e-03,4.440892098500626408e-17,nan,4.225352112676117496e-03,-4.225352112676050709e-03,nan,nan,nan,nan,nan,nan,nan,nan,nan,nan,nan,-1.126760563380280189e-02,nan,nan,-1.408450704225328119e-03,nan,nan
nan,nan,nan,nan,nan,nan,nan,nan,nan,nan,nan,nan,nan,nan,nan,nan,nan,nan,nan,nan,nan,nan,nan,nan,nan,nan,nan,nan,nan,1.660079051383398646e-02,nan,nan,nan,nan,nan,nan,nan,nan,2.371541501976248776e-03,nan,4.268774703557307731e-02,nan,nan,-2.371541501976337681e-03,3.952569169960451489e-03,nan,2.766798418972329227e-02,-7.905138339921125240e-04,nan,nan,nan,nan,nan,nan,nan,nan,3.003952569169956316e-02,nan,nan,nan,2.292490118577075048e-02,nan,nan,9.486166007905106126e-03,nan
nan,nan,nan,nan,nan,nan,nan,nan,nan,nan,nan,1.444043321299615058e-03,nan,nan,nan,nan,nan,nan,nan,nan,nan,nan,nan,nan,nan,nan,nan,nan,nan,nan,3.537906137184112371e-02,nan,nan,nan,nan,nan,nan,nan,4.332129963898890060e-03,nan,nan,-7.220216606498297551e-04,nan,3.610108303249059871e-03,nan,nan,nan,nan,nan,nan,nan,5.776173285198504467e-03,1.444043321299615058e-03,nan,nan,nan,nan,nan,nan,9.386281588447609875e-03,nan,nan,5.776173285198504467e-03,nan,7.942238267147993733e-03
nan,nan,nan,nan,nan,nan,nan,nan,nan,nan,nan,nan,nan,nan,nan,nan,nan,nan,nan,nan,nan,nan,nan,nan,nan,nan,nan,nan,nan,2.973977695167273616e-03,nan,nan,nan,nan,nan,nan,nan,nan,2.973977695167295734e-03,nan,nan,3.717472118959119776e-03,2.973977695167251498e-03,4.460966542750943384e-03,nan,7.434944237918017073e-04,3.717472118959119776e-03,0.000000000000000000e+00,nan,nan,nan,nan,nan,nan,nan,nan,nan,nan,nan,1.263940520446091807e-02,nan,nan,-1.486988847583647867e-03,nan,nan
nan,nan,nan,nan,nan,nan,nan,nan,nan,nan,nan,nan,nan,nan,nan,nan,nan,nan,nan,nan,nan,nan,nan,nan,nan,nan,nan,nan,nan,nan,5.909090909090904120e-02,nan,nan,nan,nan,nan,nan,nan,0.000000000000000000e+00,2.272727272727270882e-03,nan,-3.030303030303027698e-03,1.515151515151513849e-03,3.787878787878784514e-03,nan,nan,nan,nan,nan,nan,nan,9.090909090909083529e-03,8.333333333333326279e-03,nan,nan,nan,nan,nan,nan,9.090909090909083529e-03,nan,nan,nan,nan,5.303030303030298147e-03
nan,nan,2.129277566539922173e-02,nan,nan,nan,nan,nan,nan,nan,nan,-7.604562737642650127e-04,nan,nan,nan,nan,nan,nan,nan,nan,nan,nan,nan,nan,nan,nan,nan,nan,nan,nan,1.520912547528530025e-03,nan,nan,nan,nan,nan,nan,nan,nan,nan,nan,-3.041825095057060051e-03,nan,-4.562737642585567958e-03,nan,nan,nan,nan,nan,nan,nan,nan,-3.802281368821325280e-03,nan,7.604562737642428950e-04,7.604562737642650127e-04,nan,nan,nan,-7.604562737642650127e-04,nan,nan,nan,nan,-7.604562737642650127e-04
nan,nan,nan,nan,nan,nan,nan,nan,nan,nan,nan,nan,nan,nan,9.848484848484839044e-03,nan,nan,nan,nan,nan,nan,nan,nan,nan,nan,nan,nan,nan,nan,1.287878787878786804e-02,nan,nan,nan,nan,nan,nan,nan,nan,-2.272727272727270882e-03,3.030303030303027698e-03,nan,-3.787878787878784514e-03,nan,3.787878787878784514e-03,nan,nan,nan,nan,nan,nan,nan,4.545454545454541764e-03,8.333333333333326279e-03,nan,nan,nan,nan,nan,nan,1.060606060606059629e-02,nan,nan,nan,nan,5.303030303030298147e-03
nan,nan,nan,nan,nan,nan,nan,nan,nan,nan,nan,nan,nan,nan,nan,nan,nan,nan,nan,nan,nan,nan,nan,nan,nan,nan,nan,nan,nan,nan,nan,nan,nan,nan,nan,nan,nan,nan,-6.060606060606055397e-03,-3.030303030303027698e-03,1.515151515151513849e-03,nan,nan,5.303030303030298147e-03,nan,1.439393939393938081e-02,1.515151515151513849e-03,0.000000000000000000e+00,nan,nan,nan,nan,nan,nan,nan,nan,nan,nan,nan,-3.030303030303027698e-03,nan,nan,2.272727272727270882e-03,nan,6.060606060606055397e-03
nan,nan,nan,nan,nan,nan,nan,nan,nan,nan,nan,nan,nan,nan,nan,nan,nan,nan,nan,nan,nan,nan,nan,nan,nan,nan,nan,nan,nan,nan,4.436363636363634122e-02,nan,nan,nan,nan,nan,nan,nan,2.181818181818151545e-03,nan,nan,-4.440892098500626408e-17,nan,-2.181818181818195781e-03,nan,2.109090909090902827e-02,5.090909090909034873e-03,6.545454545454476754e-03,nan,nan,nan,nan,nan,nan,nan,nan,nan,nan,nan,2.909090909090861210e-03,nan,nan,-2.181818181818217899e-03,nan,8.727272727272649550e-03
nan,nan,nan,nan,nan,nan,nan,nan,nan,nan,nan,nan,nan,nan,3.030303030303027698e-03,nan,nan,nan,nan,nan,nan,nan,nan,nan,nan,nan,nan,nan,nan,3.787878787878784514e-03,2.803030303030300610e-02,nan,nan,nan,nan,nan,nan,nan,9.848484848484839044e-03,nan,6.060606060606055397e-03,1.515151515151513849e-03,nan,3.030303030303027698e-03,nan,nan,nan,nan,nan,nan,nan,nan,nan,nan,nan,nan,nan,nan,nan,2.272727272727270882e-03,nan,nan,5.303030303030298147e-03,nan,1.136363636363635354e-02
nan,nan,nan,nan,nan,nan,nan,nan,nan,nan,1.476014760147648054e-03,nan,nan,nan,nan,nan,nan,nan,nan,nan,nan,nan,nan,nan,nan,nan,nan,nan,nan,nan,nan,nan,nan,nan,nan,nan,nan,nan,-1.033210332103318141e-02,-6.642066420664183464e-03,nan,-7.380073800737974206e-03,nan,-7.380073800737974206e-03,nan,nan,-6.642066420664160913e-03,-1.180811808118078544e-02,nan,nan,nan,nan,nan,nan,nan,nan,nan,nan,nan,-1.107011070110697215e-02,-5.166051660516579429e-03,nan,nan,9.594095940959456587e-03,nan
nan,nan,nan,nan,nan,nan,nan,nan,nan,nan,nan,nan,nan,nan,nan,nan,nan,nan,nan,nan,nan,nan,nan,nan,nan,nan,nan,nan,nan,nan,nan,nan,nan,nan,nan,nan,nan,nan,3.076923076923066078e-03,nan,-4.440892098500626408e-17,7.692307692307442935e-04,nan,-6.153846153846220628e-03,-7.692307692308108635e-04,nan,nan,nan,nan,nan,nan,-2.307692307692343903e-03,-2.220446049250313204e-17,nan,nan,nan,nan,nan,nan,6.153846153846109605e-03,nan,nan,-2.307692307692343903e-03,nan,1.538461538461510705e-03
nan,nan,nan,nan,nan,nan,nan,nan,nan,nan,nan,nan,nan,nan,nan,nan,nan,nan,nan,nan,nan,nan,nan,nan,nan,nan,nan,nan,nan,nan,2.773722627737220531e-02,nan,nan,nan,nan,nan,nan,nan,2.189781021897774411e-03,0.000000000000000000e+00,nan,-2.189781021897840765e-03,nan,nan,nan,-4.440892098500626408e-17,4.379562043795593058e-03,1.459854014598516202e-03,nan,nan,nan,-2.919708029197121309e-03,nan,nan,nan,nan,nan,nan,nan,6.569343065693411705e-03,nan,nan,4.379562043795593058e-03,nan,nan
nan,nan,nan,nan,nan,nan,nan,nan,nan,nan,nan,nan,nan,nan,nan,nan,nan,nan,nan,nan,nan,nan,nan,nan,nan,nan,nan,nan,nan,2.857142857142869283e-03,2.642857142857144709e-02,nan,nan,nan,nan,nan,nan,nan,-2.142857142857135157e-03,nan,nan,-6.428571428571405906e-03,-1.214285714285709937e-02,-4.285714285714270315e-03,nan,nan,nan,nan,nan,nan,nan,nan,nan,nan,nan,nan,2.142857142857157275e-03,nan,nan,3.571428571428602976e-03,1.428571428571423583e-03,nan,nan,-2.142857142857135157e-03,nan
nan,nan,nan,nan,nan,nan,nan,nan,nan,nan,nan,nan,nan,nan,2.316602316602312146e-03,nan,nan,nan,nan,nan,nan,nan,nan,nan,nan,nan,nan,nan,nan,-4.633204633204712763e-03,2.316602316602311973e-02,nan,nan,nan,nan,nan,nan,nan,-3.088803088803149070e-03,-4.633204633204712763e-03,1.621621621621618242e-02,3.088803088803082717e-03,nan,nan,nan,nan,nan,nan,nan,nan,nan,nan,nan,nan,nan,nan,nan,nan,nan,1.003861003861001785e-02,nan,nan,3.088803088803082717e-03,nan,1.003861003861001785e-02
nan,nan,nan,nan,nan,nan,nan,nan,nan,nan,nan,nan,nan,nan,nan,nan,nan,nan,nan,nan,nan,nan,nan,nan,nan,nan,nan,nan,nan,nan,nan,nan,nan,nan,nan,nan,nan,nan,6.569343065693411705e-03,nan,3.795620437956200022e-02,nan,nan,1.751824817518243815e-02,nan,nan,5.109489051094873169e-03,3.649635036496290397e-03,nan,nan,nan,-7.299270072992803272e-04,4.379562043795593058e-03,nan,nan,nan,nan,nan,nan,1.313868613138682341e-02,nan,nan,7.299270072992358749e-04,nan,3.576642335766420239e-02
nan,nan,nan,nan,nan,nan,nan,nan,nan,nan,nan,nan,nan,nan,7.299270072992691816e-03,nan,nan,nan,nan,nan,nan,nan,nan,nan,nan,nan,nan,nan,nan,5.109489051094850617e-03,2.554744525547436584e-02,nan,nan,nan,nan,nan,nan,nan,1.459854014598516202e-03,nan,-2.189781021897840765e-03,nan,5.109489051094850617e-03,-2.220446049250313204e-17,nan,nan,nan,nan,nan,nan,nan,nan,nan,nan,nan,nan,nan,nan,nan,-2.189781021897840765e-03,nan,nan,5.839416058394131595e-03,nan,1.313868613138682341e-02
nan,nan,nan,nan,nan,nan,nan,nan,nan,nan,nan,nan,nan,nan,nan,nan,nan,nan,nan,nan,nan,nan,nan,nan,nan,nan,nan,nan,nan,2.247191011235949443e-02,nan,nan,nan,nan,nan,nan,nan,nan,-5.243445692883907591e-03,0.000000000000000000e+00,1.797752808988757264e-02,2.247191011235938340e-03,nan,4.494382022471899232e-03,nan,nan,2.996254681647902898e-03,4.494382022471876681e-03,nan,nan,nan,nan,nan,nan,nan,nan,nan,nan,nan,-3.745318352059934242e-03,nan,nan,nan,nan,2.322097378277148197e-02
nan,nan,nan,nan,nan,nan,nan,nan,nan,nan,nan,nan,nan,nan,nan,nan,nan,nan,nan,nan,nan,nan,nan,nan,nan,nan,nan,nan,nan,nan,nan,nan,nan,nan,nan,nan,nan,nan,nan,nan,nan,nan,nan,8.461538461538431824e-03,nan,nan,nan,3.076923076923066078e-03,nan,nan,nan,nan,nan,nan,9.999999999999963779e-03,1.999999999999999695e-02,1.384615384615381882e-02,nan,nan,-7.692307692307665196e-04,1.846153846153841815e-02,nan,3.076923076923066078e-03,9.230769230769198669e-03,1.923076923076920755e-02
nan,nan,nan,nan,nan,nan,nan,nan,nan,-7.812500000000000434e-04,nan,nan,nan,nan,nan,nan,nan,nan,nan,nan,nan,nan,nan,nan,nan,nan,nan,nan,nan,nan,2.421875000000000069e-02,nan,nan,nan,nan,nan,nan,nan,nan,nan,nan,-1.562500000000000087e-03,nan,-2.343749999999999913e-03,-1.562500000000000087e-03,nan,1.562500000000000087e-03,-3.125000000000000173e-03,nan,nan,nan,nan,nan,nan,nan,nan,nan,nan,nan,1.250000000000000069e-02,nan,nan,-2.343749999999999913e-03,nan,3.906250000000000000e-03
nan,nan,nan,nan,nan,nan,nan,nan,nan,nan,nan,nan,nan,nan,nan,nan,nan,nan,nan,nan,nan,nan,nan,nan,nan,nan,nan,nan,nan,nan,2.766798418972336165e-02,nan,nan,nan,nan,nan,nan,nan,7.905138339920902979e-04,nan,nan,-1.581027667984180596e-03,nan,-4.743083003952541787e-03,nan,1.422924901185773638e-02,1.106719367588935264e-02,0.000000000000000000e+00,nan,nan,nan,nan,nan,nan,nan,nan,nan,nan,nan,-2.371541501976270894e-03,nan,nan,0.000000000000000000e+00,nan,7.114624505928856917e-03
nan,nan,nan,nan,nan,nan,nan,nan,nan,nan,1.739130434782614268e-02,nan,nan,nan,nan,nan,nan,nan,nan,nan,nan,nan,nan,nan,nan,nan,nan,nan,nan,nan,nan,nan,nan,nan,nan,nan,nan,nan,7.246376811594235513e-04,nan,1.449275362318847103e-03,nan,nan,1.449275362318847103e-03,0.000000000000000000e+00,nan,3.623188405797139657e-03,0.000000000000000000e+00,nan,nan,nan,nan,nan,nan,nan,nan,2.898550724637694205e-03,nan,nan,nan,-4.347826086956519190e-03,nan,nan,-4.347826086956496638e-03,nan
nan,nan,nan,nan,nan,nan,nan,nan,nan,nan,nan,3.076923076923066078e-03,nan,nan,nan,nan,nan,nan,nan,nan,nan,nan,nan,nan,nan,nan,nan,nan,nan,nan,nan,nan,nan,nan,nan,nan,nan,nan,8.461538461538497743e-03,nan,7.692307692307709215e-03,1.538461538461533039e-03,-1.153846153846149747e-02,-7.692307692307665196e-04,nan,nan,nan,3.846153846153854607e-03,nan,nan,nan,nan,nan,nan,nan,nan,nan,nan,nan,-6.923076923076898134e-03,nan,nan,1.153846153846156339e-02,nan,1.846153846153848407e-02
nan,nan,nan,nan,nan,nan,nan,nan,nan,nan,nan,nan,nan,nan,nan,nan,nan,nan,nan,nan,nan,nan,nan,nan,nan,nan,nan,nan,nan,nan,nan,nan,nan,nan,nan,nan,nan,nan,-3.112840466926058980e-03,-7.782101167315147450e-04,nan,-3.891050583657573725e-03,nan,2.334630350194544235e-03,nan,1.712062256809334521e-02,-2.334630350194544235e-03,-7.003891050583655256e-03,nan,nan,nan,nan,nan,nan,nan,nan,nan,nan,nan,-1.556420233463051608e-03,nan,nan,-5.447470817120603215e-03,nan,4.669260700389088470e-03
nan,nan,nan,nan,nan,nan,nan,nan,nan,0.000000000000000000e+00,nan,nan,nan,nan,nan,nan,nan,nan,nan,nan,nan,nan,nan,nan,nan,nan,nan,nan,nan,nan,4.761904761904758171e-02,nan,nan,nan,nan,nan,nan,nan,4.395604395604379988e-03,0.000000000000000000e+00,nan,-2.197802197802189994e-03,-2.197802197802189994e-03,-4.395604395604379988e-03,nan,nan,nan,nan,nan,nan,nan,nan,nan,nan,nan,nan,nan,nan,nan,1.465201465201459996e-03,nan,nan,1.465201465201459996e-03,nan,5.860805860805839984e-03
nan,nan,nan,nan,nan,nan,nan,nan,nan,4.332129963898890060e-03,nan,nan,nan,nan,nan,nan,nan,nan,nan,nan,nan,nan,nan,nan,nan,nan,nan,nan,nan,nan,3.754512635379052277e-02,nan,nan,nan,nan,nan,nan,nan,2.166064981949422479e-03,-7.220216606498297551e-04,nan,2.888086642599230116e-03,-2.888086642599319021e-03,-1.444043321299681628e-03,nan,nan,nan,nan,nan,nan,nan,nan,nan,nan,nan,nan,nan,nan,nan,7.220216606497631851e-04,nan,nan,-4.332129963899001082e-03,nan,-1.444043321299681628e-03
nan,nan,nan,nan,nan,nan,nan,nan,nan,nan,2.214285714285708570e-02,nan,nan,nan,nan,nan,nan,nan,nan,nan,nan,nan,nan,nan,nan,nan,nan,nan,nan,nan,nan,nan,nan,nan,nan,nan,nan,nan,3.571428571428558740e-03,7.142857142856895653e-04,nan,-1.428571428571490153e-03,1.428571428571401248e-03,-7.857142857142918393e-03,-2.857142857142935637e-03,nan,9.285714285714230520e-03,-1.428571428571467818e-03,nan,nan,nan,nan,nan,nan,nan,nan,nan,nan,nan,nan,9.285714285714230520e-03,nan,nan,nan,nan
nan,nan,nan,nan,nan,nan,nan,nan,nan,4.895104895104918086e-03,nan,nan,nan,nan,nan,nan,nan,nan,nan,nan,nan,nan,nan,nan,nan,nan,nan,nan,nan,nan,nan,nan,nan,nan,nan,nan,nan,nan,4.195804195804187127e-03,nan,2.867132867132866567e-02,6.993006993007089495e-04,3.566433566433566821e-02,9.090909090909104345e-03,6.993006993007000807e-03,nan,nan,nan,nan,nan,nan,nan,nan,nan,nan,nan,nan,nan,nan,8.391608391608417622e-03,nan,nan,6.293706293706314084e-03,nan,3.846153846153847755e-02
nan,nan,nan,nan,nan,nan,nan,nan,nan,nan,1.263940520446100654e-02,nan,nan,nan,8.178438661710063159e-03,nan,nan,nan,nan,nan,nan,nan,nan,nan,nan,nan,nan,nan,nan,nan,3.940520446096653501e-02,nan,nan,nan,nan,nan,nan,nan,nan,nan,3.717472118959119776e-03,nan,-5.204460966542767859e-03,1.486988847583647867e-03,7.434944237918239334e-04,1.486988847583647867e-03,2.230483271375471692e-03,0.000000000000000000e+00,nan,nan,nan,nan,nan,nan,nan,nan,nan,nan,nan,nan,nan,nan,nan,nan,nan
nan,nan,nan,nan,nan,nan,nan,nan,nan,nan,nan,-1.185185185185189116e-02,nan,nan,6.666666666666642808e-03,nan,nan,nan,nan,nan,nan,nan,nan,nan,nan,nan,nan,nan,nan,7.407407407407085032e-04,1.259259259259255456e-02,nan,nan,nan,nan,nan,nan,nan,5.925925925925912621e-03,nan,2.222222222222214414e-03,nan,nan,5.925925925925890070e-03,nan,nan,nan,nan,nan,nan,nan,1.481481481481474773e-02,8.148148148148126602e-03,nan,nan,nan,nan,nan,nan,nan,nan,nan,nan,nan,5.925925925925890070e-03
nan,nan,nan,nan,nan,nan,nan,nan,nan,nan,nan,3.125000000000000173e-03,nan,nan,nan,nan,nan,nan,nan,nan,nan,nan,nan,nan,nan,nan,nan,nan,nan,2.109375000000000139e-02,nan,nan,nan,nan,nan,nan,nan,nan,1.171875000000000000e-02,2.343749999999999913e-03,2.031250000000000069e-02,7.031250000000000173e-03,nan,1.562500000000000087e-03,nan,nan,nan,nan,nan,nan,nan,nan,nan,nan,nan,nan,nan,nan,nan,-3.125000000000000173e-03,nan,nan,2.343749999999999913e-03,nan,3.906250000000000000e-02
nan,nan,1.811320754716980869e-02,nan,nan,nan,nan,nan,nan,nan,nan,nan,nan,nan,nan,nan,nan,nan,nan,nan,nan,nan,nan,nan,nan,nan,nan,nan,nan,nan,1.584905660377358000e-02,nan,nan,nan,nan,nan,nan,nan,1.509433962264150652e-03,nan,nan,-2.264150943396226086e-03,7.547169811320753258e-04,1.509433962264150652e-03,nan,nan,nan,nan,nan,nan,nan,3.773584905660376521e-03,-3.018867924528301303e-03,nan,nan,nan,nan,nan,nan,9.056603773584904343e-03,nan,nan,nan,nan,1.509433962264150652e-03
nan,nan,nan,nan,nan,nan,nan,nan,nan,nan,nan,-5.904059040590436958e-03,nan,nan,-1.254612546125461955e-02,nan,nan,nan,nan,nan,nan,nan,nan,nan,nan,nan,nan,nan,nan,-1.033210332103318141e-02,5.166051660516579429e-03,nan,nan,nan,nan,nan,nan,nan,nan,-5.904059040590436958e-03,nan,nan,nan,1.476014760147581484e-03,nan,nan,nan,nan,nan,nan,nan,-1.328413284132843285e-02,nan,nan,nan,nan,nan,nan,nan,-1.476014760147648054e-03,nan,nan,-5.166051660516623664e-03,nan,2.214022140221372226e-03
nan,nan,nan,nan,nan,nan,nan,nan,nan,nan,nan,nan,nan,nan,nan,nan,nan,nan,nan,nan,nan,nan,nan,nan,nan,nan,nan,nan,nan,5.633802816901400945e-03,5.352112676056337837e-02,nan,nan,nan,nan,nan,nan,nan,2.816901408450700472e-03,nan,nan,nan,nan,2.816901408450700472e-03,-7.042253521126751181e-04,2.394366197183095402e-02,2.957746478873235496e-02,-2.112676056338025354e-03,nan,nan,nan,nan,nan,nan,nan,nan,nan,nan,nan,5.633802816901400945e-03,nan,nan,-4.929577464788725827e-03,nan,nan
nan,nan,nan,nan,nan,nan,nan,nan,nan,nan,nan,nan,nan,nan,nan,nan,nan,nan,nan,nan,nan,nan,nan,nan,nan,nan,nan,nan,nan,nan,nan,nan,nan,nan,nan,nan,nan,nan,2.230483271375471692e-03,-6.691449814126415943e-03,1.933085501858731320e-02,2.973977695167251498e-03,nan,-9.665427509293712111e-03,2.973977695167251498e-03,1.115241635687727086e-02,-4.460966542750943384e-03,-5.947955390334591468e-03,nan,nan,nan,nan,nan,nan,nan,nan,nan,nan,nan,nan,1.784386617100366251e-02,nan,nan,nan,nan
