nan,nan,-9.338521400778176940e-03,nan,nan,nan,nan,nan,nan,nan,-3.112840466926058980e-03,nan,nan,nan,nan,nan,-2.334630350194550827e-02,nan,nan,nan,nan,nan,nan,-6.225680933852117960e-03,nan,nan,-1.322957198443577322e-02,-9.338521400778176940e-03,-5.447470817120603215e-03,nan,nan,-6.225680933852117960e-03,nan,nan,nan,-1.789883268482485995e-02,nan,nan,nan,nan,nan,nan,nan,nan,nan,nan,nan,nan,nan,nan,nan,nan,nan,nan,nan,nan,nan,-3.891050583657573725e-03,nan,nan,nan,nan,nan,nan,nan
-7.604562737642206688e-04,nan,nan,nan,-6.083650190114031631e-03,nan,nan,nan,nan,nan,-1.825095057034213999e-02,nan,nan,nan,nan,nan,nan,nan,nan,-1.292775665399235017e-02,nan,nan,-2.357414448669199400e-02,nan,nan,nan,-2.585551330798476627e-02,nan,-1.216730038022806326e-02,nan,nan,-1.520912547528510163e-02,nan,nan,nan,-2.129277566539920091e-02,nan,nan,nan,nan,nan,nan,nan,nan,nan,nan,nan,nan,0.000000000000000000e+00,nan,nan,nan,nan,nan,nan,nan,nan,nan,nan,nan,nan,nan,nan,nan,nan
4.615384615384621018e-03,nan,nan,nan,-7.692307692307665196e-04,nan,nan,nan,nan,nan,-5.384615384615387863e-03,nan,nan,nan,nan,nan,nan,nan,nan,-2.076923076923080716e-02,nan,nan,-1.769230769230773978e-02,nan,nan,nan,-9.230769230769264588e-03,1.538461538461510705e-03,-7.692307692307665196e-04,nan,nan,2.307692307692299667e-03,nan,nan,nan,-1.846153846153850836e-02,nan,nan,nan,nan,nan,nan,nan,nan,nan,nan,nan,nan,nan,nan,nan,nan,nan,nan,nan,nan,nan,nan,nan,nan,nan,nan,nan,nan,nan
nan,nan,7.434944237917573634e-04,nan,nan,nan,nan,nan,nan,nan,-4.440892098500626408e-17,nan,nan,nan,nan,nan,-1.338289962825283189e-02,nan,nan,nan,nan,nan,nan,nan,nan,nan,-3.717472118959119776e-03,2.973977695167229381e-03,-2.973977695167295734e-03,nan,nan,-1.486988847583692319e-03,nan,nan,nan,-1.486988847583647910e-02,nan,nan,nan,nan,nan,nan,nan,nan,nan,nan,nan,nan,nan,nan,nan,nan,nan,nan,nan,nan,nan,2.230483271375405339e-03,-3.717472118959119776e-03,nan,nan,nan,nan,nan,nan
3.831417624521105125e-03,nan,nan,nan,-4.597701149425215301e-03,nan,nan,nan,nan,nan,nan,nan,nan,nan,nan,nan,-1.762452107279686292e-02,nan,nan,0.000000000000000000e+00,nan,nan,-1.609195402298844307e-02,nan,nan,nan,-3.831417624521016221e-03,-1.532567049808397728e-03,6.130268199233746169e-03,nan,nan,3.831417624521105125e-03,nan,nan,nan,nan,nan,nan,nan,nan,nan,nan,nan,nan,nan,nan,nan,nan,1.532567049808441963e-03,nan,nan,nan,nan,nan,nan,nan,nan,nan,nan,nan,nan,nan,nan,nan,nan
nan,nan,nan,nan,nan,nan,nan,nan,nan,nan,-1.556420233463029490e-03,nan,nan,nan,nan,nan,-1.789883268482490505e-02,nan,nan,nan,nan,nan,nan,nan,nan,nan,-1.011673151750971424e-02,-3.891050583657573725e-03,-1.089494163424122898e-02,nan,nan,-6.225680933852117960e-03,nan,nan,nan,-1.867704280155646490e-02,nan,nan,nan,nan,nan,nan,nan,nan,nan,nan,nan,nan,0.000000000000000000e+00,nan,nan,nan,nan,nan,nan,nan,nan,-1.945525291828797965e-02,-1.089494163424120643e-02,nan,nan,nan,nan,nan,nan
nan,nan,nan,-2.220446049250313204e-17,nan,nan,nan,nan,nan,nan,7.326007326007077719e-04,nan,nan,nan,nan,nan,-2.490842490842495177e-02,nan,nan,nan,nan,7.326007326007077719e-04,nan,nan,nan,nan,-1.904761904761909097e-02,-3.663003663003716777e-03,-4.395604395604446775e-03,nan,nan,-5.860805860805928455e-03,nan,nan,nan,-1.904761904761909097e-02,nan,nan,nan,nan,nan,nan,nan,nan,nan,nan,nan,nan,-4.395604395604424224e-03,nan,nan,nan,nan,nan,nan,nan,nan,nan,nan,nan,nan,nan,nan,nan,nan
nan,nan,nan,-1.520912547528485790e-03,nan,nan,nan,-3.802281368821236376e-03,nan,nan,-4.562737642585523723e-03,nan,nan,nan,nan,nan,-1.825095057034218510e-02,nan,nan,nan,nan,nan,nan,nan,nan,nan,-1.292775665399237273e-02,nan,-2.281368821292750586e-03,nan,nan,2.281368821292795255e-03,-3.041825095056993698e-03,nan,nan,-2.509505703422048109e-02,nan,nan,nan,nan,nan,nan,nan,nan,nan,nan,nan,nan,3.802281368821325280e-03,nan,nan,nan,nan,nan,nan,nan,nan,nan,nan,nan,nan,nan,nan,nan,nan
7.326007326007299980e-04,nan,nan,nan,-2.930402930402919992e-03,nan,nan,nan,nan,nan,nan,nan,nan,nan,nan,nan,-1.098901098901106099e-02,nan,nan,-2.051282051282055097e-02,nan,nan,-1.465201465201471098e-02,nan,nan,nan,-3.663003663003694226e-03,-1.465201465201482114e-03,7.326007326007299980e-04,nan,nan,8.058608058608052530e-03,nan,nan,nan,nan,nan,nan,nan,nan,nan,nan,nan,nan,nan,nan,nan,nan,0.000000000000000000e+00,nan,nan,nan,nan,nan,nan,nan,nan,nan,nan,nan,nan,nan,nan,nan,nan
nan,nan,nan,-5.035971223021596180e-03,nan,nan,nan,nan,nan,nan,nan,nan,nan,nan,nan,nan,nan,-5.755395683453246210e-03,nan,nan,nan,-4.316546762589945282e-03,nan,-5.035971223021596180e-03,nan,nan,-2.374100719424463574e-02,nan,-1.438848920863322611e-03,nan,nan,-1.151079136690651497e-02,-9.352517985611564014e-03,nan,nan,nan,nan,nan,nan,nan,nan,nan,nan,nan,nan,-6.402877697841728721e-02,nan,nan,0.000000000000000000e+00,nan,nan,nan,nan,nan,nan,nan,nan,nan,nan,nan,nan,nan,nan,nan,nan
9.454545454545427302e-03,nan,1.454545454545441664e-03,nan,-1.018181818181818077e-02,nan,nan,nan,nan,nan,nan,nan,nan,nan,nan,nan,-2.181818181818195781e-03,nan,nan,-1.309090909090908708e-02,nan,nan,-5.818181818181833442e-03,nan,nan,nan,-2.909090909090905445e-03,nan,7.272727272727319992e-04,nan,nan,0.000000000000000000e+00,nan,nan,nan,nan,nan,nan,nan,nan,nan,nan,nan,nan,nan,nan,nan,nan,nan,nan,nan,nan,nan,nan,nan,nan,nan,nan,0.000000000000000000e+00,nan,nan,nan,nan,nan,nan
-1.925925925925921905e-02,nan,nan,nan,-1.555555555555549960e-02,nan,nan,nan,nan,nan,-1.629629629629625320e-02,nan,nan,nan,nan,nan,nan,nan,nan,-1.481481481481474773e-02,nan,nan,-4.962962962962955832e-02,nan,nan,nan,-2.296296296296291770e-02,nan,-6.666666666666621124e-03,nan,nan,-1.259259259259253375e-02,nan,-1.333333333333328562e-02,nan,-4.962962962962957914e-02,nan,nan,nan,nan,nan,nan,nan,nan,nan,nan,nan,nan,nan,nan,nan,nan,nan,nan,nan,nan,nan,nan,nan,nan,nan,nan,nan,nan,nan
-2.281368821292750586e-03,nan,-1.064638783269957791e-02,nan,-1.140684410646386482e-02,nan,nan,nan,nan,nan,nan,nan,nan,nan,nan,nan,-4.334600760456271129e-02,nan,nan,-1.292775665399239528e-02,nan,nan,-4.562737642585548009e-02,nan,nan,nan,-3.498098859315586229e-02,nan,-8.365019011406826452e-03,nan,nan,-1.140684410646384227e-02,nan,nan,nan,nan,nan,nan,nan,nan,nan,nan,nan,nan,nan,nan,nan,nan,nan,nan,nan,nan,nan,nan,nan,nan,nan,-2.281368821292772964e-02,nan,nan,nan,nan,nan,nan,nan
nan,nan,-1.159420289855066580e-02,nan,nan,nan,nan,nan,nan,nan,7.246376811594235513e-04,nan,nan,nan,-1.449275362318824768e-03,nan,-1.739130434782605247e-02,nan,-9.420289855072417479e-03,nan,nan,nan,nan,nan,-1.086956521739124160e-02,nan,-1.086956521739124160e-02,nan,-1.014492753623183995e-02,nan,nan,-1.086956521739124160e-02,nan,nan,nan,-1.594202898550720754e-02,nan,nan,nan,nan,nan,nan,nan,nan,nan,nan,nan,nan,nan,nan,nan,nan,nan,nan,nan,nan,nan,nan,nan,nan,nan,nan,nan,nan,nan
nan,nan,-1.149425287356320435e-02,nan,nan,nan,nan,nan,nan,nan,-2.681992337164749302e-02,nan,nan,nan,-1.839080459770110407e-02,nan,-1.379310344827586708e-02,nan,nan,nan,nan,nan,nan,-6.130268199233656831e-03,nan,nan,-1.302681992337162420e-02,-8.429118773946342111e-03,-3.065134099616817574e-03,nan,nan,-8.429118773946319559e-03,nan,nan,nan,-1.226053639846740387e-02,nan,nan,nan,nan,nan,nan,nan,nan,nan,nan,nan,nan,nan,nan,nan,nan,nan,nan,nan,nan,nan,nan,nan,nan,nan,nan,nan,nan,nan
nan,nan,-3.212851405622507879e-03,nan,nan,nan,nan,nan,nan,nan,-8.032128514056547253e-04,nan,nan,nan,nan,nan,-2.329317269076309690e-02,nan,nan,nan,nan,nan,nan,-3.212851405622507879e-03,nan,nan,-9.638554216867522770e-03,-5.622489959839405485e-03,-4.819277108433795212e-03,nan,nan,-3.212851405622529997e-03,nan,-4.819277108433795212e-03,nan,-2.409638554216873146e-02,nan,nan,nan,nan,nan,nan,nan,nan,nan,nan,nan,nan,nan,nan,nan,nan,nan,nan,nan,nan,nan,nan,nan,nan,nan,nan,nan,nan,nan
nan,nan,-1.486988847583647867e-03,nan,nan,nan,nan,nan,nan,nan,-2.973977695167295734e-03,nan,nan,nan,2.973977695167295734e-03,nan,-6.691449814126415943e-03,nan,nan,nan,nan,nan,nan,nan,nan,nan,-7.434944237918217000e-03,nan,-7.434944237918239334e-04,nan,nan,-1.486988847583647867e-03,nan,0.000000000000000000e+00,nan,-5.947955390334591468e-03,nan,nan,nan,nan,nan,nan,nan,nan,nan,nan,nan,nan,nan,nan,nan,nan,nan,nan,nan,nan,nan,5.947955390334591468e-03,nan,nan,nan,nan,nan,nan,nan
nan,nan,-4.528301886792452172e-03,nan,nan,nan,nan,nan,nan,nan,3.018867924528301303e-03,nan,nan,nan,nan,nan,-1.735849056603773130e-02,nan,nan,nan,nan,nan,nan,-6.792452830188677390e-03,nan,nan,-3.018867924528301216e-02,-3.018867924528301303e-03,-6.037735849056602606e-03,nan,nan,-1.207547169811320521e-02,nan,nan,nan,-2.264150943396225912e-02,nan,nan,nan,nan,nan,nan,nan,nan,nan,nan,nan,nan,7.547169811320753258e-04,nan,nan,nan,nan,nan,nan,nan,nan,nan,nan,nan,nan,nan,nan,nan,nan
nan,nan,-5.109489051094873169e-03,nan,nan,nan,nan,nan,nan,nan,5.839416058394175831e-03,nan,nan,nan,nan,nan,-1.021897810218979144e-02,nan,nan,nan,nan,nan,nan,-3.649635036496312514e-03,nan,nan,-4.379562043795593058e-03,-4.379562043795570507e-03,-3.649635036496290397e-03,nan,nan,-7.299270072992691816e-03,nan,nan,nan,-8.759124087591229485e-03,nan,nan,nan,nan,nan,nan,nan,nan,nan,nan,nan,nan,nan,nan,nan,nan,nan,nan,nan,nan,nan,nan,-6.569343065693411705e-03,nan,nan,nan,nan,nan,nan
nan,nan,3.149606299212592744e-03,nan,nan,nan,nan,nan,nan,nan,5.511811023622059311e-03,nan,nan,nan,nan,nan,1.574803149606296372e-03,nan,nan,nan,nan,nan,nan,5.511811023622037627e-03,nan,nan,2.362204724409444449e-03,nan,4.724409448818888899e-03,nan,7.086614173228378451e-03,7.086614173228334215e-03,nan,3.937007874015763589e-03,nan,-2.362204724409444449e-03,nan,nan,nan,nan,nan,nan,nan,nan,nan,nan,nan,nan,nan,nan,nan,nan,nan,nan,nan,nan,nan,nan,nan,nan,nan,nan,nan,nan,nan
nan,nan,-1.040892193308542470e-02,nan,nan,nan,nan,nan,nan,nan,-1.486988847583647867e-03,nan,nan,nan,nan,nan,-9.665427509293601088e-03,nan,nan,nan,nan,nan,nan,nan,nan,nan,-1.561338289962819169e-02,-6.691449814126326605e-03,-6.691449814126349156e-03,nan,nan,-6.691449814126370840e-03,nan,-7.434944237918151080e-03,nan,-9.665427509293621905e-03,nan,nan,nan,nan,nan,nan,nan,nan,nan,nan,nan,nan,1.486988847583647867e-03,nan,nan,nan,nan,nan,nan,nan,nan,nan,nan,nan,nan,nan,nan,nan,nan
nan,nan,nan,nan,nan,nan,nan,nan,nan,nan,2.238805970149293327e-03,nan,nan,nan,-1.492537313432817838e-03,nan,-1.044776119402983719e-02,nan,-1.791044776119403784e-02,nan,nan,nan,nan,7.462686567164533713e-04,nan,nan,-1.865671641791042529e-02,3.731343283582111599e-03,5.223880597014974106e-03,nan,nan,4.440892098500626408e-17,nan,nan,nan,-1.268656716417908628e-02,nan,nan,nan,nan,nan,nan,nan,nan,nan,nan,nan,nan,nan,nan,nan,nan,nan,nan,nan,nan,nan,nan,nan,nan,nan,nan,nan,nan,nan
nan,nan,-6.593406593406592534e-03,nan,nan,nan,nan,nan,nan,nan,-8.058608058608052530e-03,nan,nan,nan,nan,nan,-1.684981684981685587e-02,nan,-1.684981684981683506e-02,nan,nan,nan,nan,nan,nan,nan,-2.124542124542128096e-02,-6.593406593406569982e-03,-3.663003663003649990e-03,nan,nan,-4.395604395604379988e-03,nan,0.000000000000000000e+00,nan,-1.904761904761904587e-02,nan,nan,nan,nan,nan,nan,nan,nan,nan,nan,nan,nan,nan,nan,nan,nan,nan,nan,nan,nan,nan,nan,nan,nan,nan,nan,nan,nan,nan
nan,nan,-2.941176470588224845e-03,nan,nan,nan,nan,-2.941176470588224845e-03,nan,nan,5.147058823529393479e-03,nan,nan,nan,nan,nan,-8.823529411764719638e-03,nan,nan,nan,nan,nan,nan,7.352941176470562112e-04,nan,nan,-9.558823529411796666e-03,0.000000000000000000e+00,0.000000000000000000e+00,nan,nan,-2.941176470588224845e-03,nan,nan,nan,-8.823529411764740454e-03,nan,nan,nan,nan,nan,nan,nan,nan,nan,nan,nan,nan,nan,nan,nan,nan,nan,nan,nan,nan,nan,nan,nan,nan,nan,nan,nan,nan,nan
5.734767025089615271e-03,nan,-4.301075268817200828e-03,nan,-1.863799283154119607e-02,nan,nan,nan,nan,nan,nan,nan,nan,nan,nan,nan,-1.146953405017920799e-02,nan,nan,-3.584229390680970621e-03,nan,nan,-1.577060931899641055e-02,nan,nan,nan,-1.003584229390681523e-02,nan,0.000000000000000000e+00,nan,nan,-2.867383512544807635e-03,nan,-3.584229390681015291e-03,nan,nan,nan,nan,nan,nan,nan,nan,nan,nan,nan,nan,nan,nan,nan,nan,nan,nan,nan,nan,nan,nan,nan,nan,nan,nan,nan,nan,nan,nan,nan
nan,nan,-5.109489051094917404e-03,nan,nan,nan,nan,nan,nan,nan,3.649635036496312514e-03,nan,nan,nan,nan,nan,-1.240875912408758754e-02,nan,nan,nan,nan,nan,nan,nan,nan,nan,-2.189781021897840765e-03,-2.189781021897840765e-03,5.839416058394109044e-03,nan,nan,-2.220446049250313204e-17,nan,nan,nan,-1.459854014598540618e-02,nan,nan,nan,nan,nan,nan,nan,nan,nan,nan,nan,nan,nan,nan,nan,nan,nan,nan,nan,nan,nan,-1.021897810218981226e-02,-7.299270072992803272e-04,nan,nan,nan,nan,nan,nan
nan,nan,7.490636704120090094e-04,nan,nan,nan,nan,nan,nan,nan,-1.647940074906360103e-02,nan,nan,nan,nan,nan,-1.348314606741565259e-02,nan,-7.490636704119757461e-03,nan,nan,nan,nan,nan,nan,nan,-1.123595505617969170e-02,7.490636704120090094e-04,7.490636704120312355e-04,nan,nan,-5.243445692883796569e-03,nan,-4.494382022471809894e-03,nan,-1.348314606741565259e-02,nan,nan,nan,nan,nan,nan,nan,nan,nan,nan,nan,nan,nan,nan,nan,nan,nan,nan,nan,nan,nan,nan,nan,nan,nan,nan,nan,nan,nan
-7.662835249042121780e-03,nan,nan,nan,-4.597701149425259537e-03,nan,nan,nan,nan,nan,nan,nan,nan,nan,nan,nan,-2.452107279693484937e-02,nan,nan,-9.961685823754761956e-03,nan,nan,-2.835249042145591286e-02,nan,nan,nan,-1.839080459770112835e-02,nan,-1.072796934865898402e-02,nan,nan,-1.532567049808428693e-02,-4.137931034482757869e-02,nan,nan,nan,nan,nan,nan,nan,nan,nan,nan,nan,nan,nan,nan,nan,-7.662835249041988640e-04,nan,nan,nan,nan,nan,nan,nan,nan,nan,nan,nan,nan,nan,nan,nan,nan
nan,nan,nan,nan,nan,nan,nan,-2.730375426621178651e-03,nan,nan,6.825938566552558484e-04,nan,nan,nan,nan,nan,-1.092150170648464869e-02,nan,nan,nan,nan,-6.825938566553224184e-04,nan,nan,nan,nan,-1.296928327645052725e-02,-8.191126279863491719e-03,-5.460750853242335619e-03,nan,nan,-4.778156996587035535e-03,nan,nan,nan,-1.569965870307168249e-02,nan,nan,nan,nan,nan,nan,nan,nan,nan,nan,nan,nan,6.825938566552780746e-04,nan,nan,nan,nan,nan,nan,nan,nan,nan,nan,nan,nan,nan,nan,nan,nan
nan,nan,-7.662835249042209817e-04,nan,nan,nan,nan,-7.662835249042209817e-04,nan,nan,-2.298850574712663162e-03,nan,nan,nan,nan,nan,-1.302681992337166930e-02,nan,nan,nan,nan,nan,nan,nan,-3.065134099616883927e-03,nan,-3.065134099616883927e-03,-1.532567049808441963e-03,-7.662835249042209817e-04,nan,nan,-3.065134099616883927e-03,nan,nan,nan,-1.379310344827586708e-02,nan,nan,nan,nan,nan,nan,nan,nan,nan,nan,nan,nan,nan,nan,nan,nan,nan,nan,nan,nan,nan,nan,nan,nan,nan,nan,nan,nan,nan
nan,nan,-1.076923076923077573e-02,nan,nan,nan,nan,nan,nan,nan,0.000000000000000000e+00,nan,nan,nan,nan,nan,-2.307692307692310596e-02,nan,nan,nan,nan,nan,nan,2.307692307692299667e-03,nan,nan,-2.000000000000001776e-02,-6.153846153846132157e-03,-4.615384615384599334e-03,nan,nan,-6.153846153846132157e-03,nan,nan,nan,-2.384615384615387107e-02,nan,nan,nan,nan,nan,nan,nan,nan,nan,nan,nan,nan,7.692307692307665196e-04,nan,nan,nan,nan,nan,nan,nan,nan,nan,nan,nan,nan,nan,nan,nan,nan
nan,nan,-6.037735849056602606e-03,nan,nan,nan,nan,nan,nan,nan,1.509433962264150652e-03,nan,nan,nan,nan,nan,-1.811320754716980869e-02,nan,nan,nan,nan,nan,nan,-6.792452830188677390e-03,nan,nan,-1.584905660377358000e-02,nan,-9.056603773584904343e-03,nan,nan,-9.056603773584904343e-03,nan,-5.283018867924526955e-03,nan,-2.641509433962263564e-02,nan,nan,nan,nan,nan,nan,nan,nan,nan,nan,nan,nan,nan,nan,nan,nan,nan,nan,nan,nan,nan,-6.037735849056602606e-03,nan,nan,nan,nan,nan,nan,nan
nan,nan,-1.263940520446091807e-02,nan,nan,nan,nan,nan,nan,nan,-7.434944237918151080e-03,nan,nan,nan,nan,nan,-2.081784386617096042e-02,nan,nan,nan,nan,nan,nan,nan,nan,nan,-1.561338289962819169e-02,-1.263940520446089552e-02,-5.947955390334524681e-03,nan,nan,-1.115241635687727086e-02,nan,nan,nan,-1.858736059479548786e-02,nan,nan,nan,nan,nan,nan,nan,nan,nan,nan,nan,nan,nan,nan,nan,nan,nan,nan,nan,nan,nan,-1.486988847583636808e-02,2.230483271375471692e-03,nan,nan,nan,nan,nan,nan
nan,nan,2.996254681647947567e-03,nan,nan,nan,nan,nan,nan,nan,7.490636704119868917e-04,nan,nan,nan,nan,nan,-2.996254681647947567e-03,nan,nan,nan,nan,nan,nan,2.247191011235960458e-03,nan,nan,0.000000000000000000e+00,0.000000000000000000e+00,7.490636704119868917e-04,nan,nan,1.498127340823973783e-03,nan,0.000000000000000000e+00,nan,-4.494382022471920916e-03,nan,nan,nan,nan,nan,nan,nan,nan,nan,nan,nan,nan,nan,nan,nan,nan,nan,nan,nan,nan,nan,nan,nan,nan,nan,nan,nan,nan,nan
-2.264150943396226086e-03,nan,-1.509433962264150652e-03,nan,3.018867924528301303e-03,nan,nan,nan,nan,nan,nan,nan,nan,nan,nan,nan,-1.433962264150943043e-02,nan,nan,-1.283018867924528086e-02,nan,nan,-1.509433962264150608e-02,nan,nan,nan,-6.792452830188677390e-03,-1.509433962264150652e-03,1.509433962264150652e-03,nan,nan,-6.037735849056602606e-03,nan,nan,nan,nan,nan,nan,nan,nan,nan,nan,nan,nan,nan,nan,nan,nan,nan,nan,nan,nan,nan,nan,nan,nan,nan,nan,nan,nan,nan,nan,nan,nan,nan
nan,nan,nan,nan,nan,nan,nan,nan,nan,nan,2.930402930402919992e-03,nan,nan,nan,nan,nan,-3.663003663003649990e-03,nan,-1.465201465201459996e-03,nan,nan,nan,nan,1.465201465201459996e-03,nan,nan,-3.663003663003649990e-03,-7.326007326007299980e-04,3.663003663003649990e-03,nan,nan,2.197802197802189994e-03,nan,2.197802197802189994e-03,nan,-7.326007326007299980e-04,nan,nan,nan,nan,nan,nan,nan,nan,nan,nan,nan,nan,nan,nan,nan,nan,nan,nan,nan,nan,nan,nan,nan,nan,nan,nan,nan,nan,nan
nan,nan,nan,nan,nan,nan,nan,nan,nan,nan,-8.029197080291993610e-03,nan,nan,nan,nan,nan,-7.299270072992714367e-03,nan,-1.021897810218981226e-02,nan,nan,nan,nan,0.000000000000000000e+00,nan,nan,-1.459854014598540618e-02,nan,7.299270072992358749e-04,nan,nan,-7.299270072992803272e-04,nan,-4.440892098500626408e-17,nan,-4.379562043795659845e-03,nan,nan,nan,nan,nan,nan,nan,nan,nan,nan,nan,nan,0.000000000000000000e+00,nan,nan,nan,nan,nan,nan,nan,nan,nan,nan,nan,nan,nan,nan,nan,nan
nan,nan,-9.195402298850630096e-03,nan,nan,nan,nan,nan,nan,nan,-1.072796934865902739e-02,nan,nan,nan,nan,nan,-1.149425287356324946e-02,nan,-6.896551724137967368e-03,nan,nan,nan,nan,-5.363984674329524971e-03,nan,nan,-1.072796934865902739e-02,-5.363984674329524971e-03,-8.429118773946364662e-03,nan,nan,-9.961685823754807059e-03,nan,nan,nan,-6.130268199233767853e-03,nan,nan,nan,nan,nan,nan,nan,nan,nan,nan,nan,nan,nan,nan,nan,nan,nan,nan,nan,nan,nan,nan,nan,nan,nan,nan,nan,nan,nan
nan,nan,-2.214022140221372226e-03,nan,nan,nan,nan,nan,nan,nan,7.380073800738129680e-04,nan,nan,nan,nan,nan,-1.180811808118074034e-02,nan,nan,nan,nan,nan,nan,nan,nan,nan,-5.166051660516557745e-03,2.952029520295251872e-03,2.214022140221439013e-03,nan,nan,7.380073800738351942e-04,nan,1.476014760147648054e-03,nan,-1.623616236162352816e-02,nan,nan,nan,nan,nan,nan,nan,nan,nan,nan,nan,nan,7.380073800738129680e-04,nan,nan,nan,nan,nan,nan,nan,nan,nan,nan,nan,nan,nan,nan,nan,nan
nan,nan,-6.060606060606055397e-03,nan,nan,nan,nan,nan,nan,nan,-6.060606060606055397e-03,nan,nan,nan,nan,nan,-2.045454545454543707e-02,nan,nan,nan,nan,nan,nan,nan,nan,nan,-1.818181818181816706e-02,-5.303030303030298147e-03,0.000000000000000000e+00,nan,0.000000000000000000e+00,-7.575757575757569029e-03,nan,-5.303030303030298147e-03,nan,-1.818181818181816706e-02,nan,nan,nan,nan,nan,nan,nan,nan,nan,nan,nan,nan,nan,nan,nan,nan,nan,nan,nan,nan,nan,nan,nan,nan,nan,nan,nan,nan,nan
nan,nan,-3.773584905660376521e-03,nan,nan,nan,nan,nan,nan,nan,-3.018867924528301303e-03,nan,nan,nan,nan,nan,-1.886792452830188260e-02,nan,nan,nan,nan,nan,nan,-3.773584905660376521e-03,nan,nan,-2.113207547169810782e-02,nan,-3.018867924528301303e-03,nan,nan,-1.509433962264150652e-03,nan,-8.301886792452828692e-03,nan,-1.509433962264150608e-02,nan,nan,nan,nan,nan,nan,nan,nan,nan,nan,nan,nan,nan,nan,nan,nan,nan,nan,nan,nan,nan,nan,-2.264150943396226086e-03,nan,nan,nan,nan,nan,nan
nan,nan,nan,nan,nan,nan,nan,nan,nan,nan,-9.302325581395255033e-03,nan,nan,nan,nan,nan,-1.937984496124023348e-02,nan,nan,nan,nan,nan,nan,nan,nan,nan,-2.868217054263559954e-02,-2.248062015503868999e-02,-1.860465116279062109e-02,nan,nan,-1.782945736434100523e-02,nan,-2.248062015503868999e-02,nan,-2.790697674418598367e-02,nan,nan,nan,nan,nan,nan,nan,nan,nan,nan,nan,nan,nan,nan,nan,nan,nan,nan,nan,nan,nan,-2.170542635658907413e-02,-5.426356589147207816e-03,nan,nan,nan,nan,nan,nan
5.693950177935946932e-03,nan,nan,nan,-7.117437722419905476e-04,nan,nan,nan,nan,nan,-8.540925266903887439e-03,nan,nan,nan,nan,nan,nan,nan,nan,-1.494661921708180172e-02,nan,nan,-2.562277580071168487e-02,nan,nan,nan,-1.637010676156578498e-02,-6.405693950177915146e-03,4.982206405693956168e-03,nan,nan,-3.558718861209930837e-03,nan,nan,nan,-1.637010676156578498e-02,nan,nan,nan,nan,nan,nan,nan,nan,nan,nan,nan,nan,nan,nan,nan,nan,nan,nan,nan,nan,nan,nan,nan,nan,nan,nan,nan,nan,nan
-7.518796992481479929e-04,nan,nan,nan,-7.518796992481479929e-04,nan,nan,nan,nan,nan,nan,nan,nan,nan,nan,nan,-1.729323308270680482e-02,nan,nan,-1.278195488721809402e-02,nan,nan,-2.180451127819551388e-02,nan,nan,nan,-8.270676691729362401e-03,nan,1.503759398496229416e-03,nan,nan,-6.766917293233132118e-03,nan,nan,nan,nan,nan,nan,nan,nan,nan,nan,nan,nan,nan,nan,nan,nan,3.759398496240518028e-03,nan,nan,nan,nan,nan,nan,nan,nan,-1.428571428571432343e-02,nan,nan,nan,nan,nan,nan,nan
nan,nan,-3.875968992248068901e-03,nan,nan,nan,nan,nan,nan,nan,-2.325581395348841514e-03,nan,nan,nan,-1.550387596899227604e-03,nan,-1.162790697674418415e-02,nan,nan,nan,nan,nan,nan,-1.550387596899227604e-03,nan,nan,-1.627906976744184636e-02,-5.426356589147296287e-03,-9.302325581395366055e-03,nan,nan,-1.317829457364343496e-02,nan,nan,nan,-7.751937984496137801e-03,nan,nan,nan,nan,nan,nan,nan,nan,nan,nan,nan,nan,nan,nan,nan,nan,nan,nan,nan,nan,nan,nan,nan,nan,nan,nan,nan,nan,nan
nan,nan,-5.947955390334569784e-03,nan,nan,nan,nan,nan,nan,nan,-2.973977695167295734e-03,nan,nan,nan,nan,nan,-2.081784386617096042e-02,nan,nan,nan,nan,nan,nan,1.486988847583647867e-03,nan,nan,-2.081784386617096042e-02,-2.973977695167295734e-03,-3.717472118959119776e-03,nan,nan,-5.947955390334569784e-03,nan,nan,nan,-9.665427509293712111e-03,nan,nan,nan,nan,nan,nan,nan,nan,nan,nan,nan,nan,nan,nan,nan,nan,nan,nan,nan,nan,nan,nan,2.973977695167295734e-03,nan,nan,nan,nan,nan,nan
-6.545454545454520989e-03,nan,-7.272727272727252772e-03,nan,-2.909090909090905445e-03,nan,nan,nan,nan,nan,nan,nan,nan,nan,nan,nan,-2.690909090909088253e-02,nan,-1.890909090909089624e-02,-1.599999999999999339e-02,nan,nan,-3.054545454545454231e-02,nan,nan,nan,-2.109090909090906990e-02,nan,2.220446049250313204e-17,nan,nan,-7.272727272727275323e-03,nan,nan,nan,nan,nan,nan,nan,nan,nan,nan,nan,nan,nan,nan,nan,nan,nan,nan,nan,nan,nan,nan,nan,nan,nan,nan,nan,nan,nan,nan,nan,nan,nan
nan,nan,-2.255639097744310730e-03,nan,nan,nan,nan,nan,nan,nan,-7.518796992481147079e-03,nan,nan,nan,nan,nan,-1.654135338345863460e-02,nan,nan,nan,nan,nan,nan,nan,nan,nan,-1.353383458646610984e-02,-5.263157894736791680e-03,-1.503759398496207298e-03,nan,nan,-1.052631578947365101e-02,nan,nan,nan,-1.729323308270673890e-02,nan,nan,nan,nan,nan,nan,nan,nan,nan,nan,nan,nan,nan,nan,nan,nan,nan,nan,nan,nan,nan,6.015037593985006134e-03,2.255639097744377517e-03,nan,nan,nan,nan,nan,nan
nan,nan,nan,nan,nan,nan,nan,nan,nan,nan,-4.477611940298498183e-03,nan,nan,nan,-1.119402985074624546e-02,nan,-2.388059701492533174e-02,nan,-6.716417910447747275e-03,nan,nan,nan,nan,7.462686567164089190e-04,nan,nan,-5.223880597014929003e-03,-5.970149253731316455e-03,-5.223880597014884768e-03,nan,nan,-5.223880597014907319e-03,nan,nan,nan,-2.089552238805967438e-02,nan,nan,nan,nan,nan,nan,nan,nan,nan,nan,nan,nan,nan,nan,nan,nan,nan,nan,nan,nan,nan,nan,nan,nan,nan,nan,nan,nan,nan
nan,nan,nan,nan,nan,nan,nan,nan,nan,nan,-2.362204724409444449e-03,nan,nan,nan,nan,nan,-1.417322834645666843e-02,nan,nan,nan,nan,nan,nan,nan,nan,nan,-1.574803149606296415e-02,-2.362204724409444449e-03,7.874015748031481859e-04,nan,nan,-2.362204724409444449e-03,nan,-3.149606299212592744e-03,nan,-1.417322834645666843e-02,nan,nan,nan,nan,nan,nan,nan,nan,nan,nan,nan,nan,nan,nan,nan,nan,nan,nan,nan,nan,nan,-5.511811023622037627e-03,-4.724409448818888899e-03,nan,nan,nan,nan,nan,nan
-3.112840466926125767e-03,nan,nan,nan,-1.556420233463073942e-03,nan,nan,nan,nan,nan,nan,nan,nan,nan,nan,nan,-1.867704280155646490e-02,nan,-5.447470817120691686e-03,-2.801556420233464184e-02,nan,nan,-1.867704280155646490e-02,nan,nan,nan,-6.225680933852228982e-03,-2.334630350194588470e-03,3.891050583657551607e-03,nan,nan,-2.334630350194611022e-03,nan,nan,nan,nan,nan,nan,nan,nan,nan,nan,nan,nan,nan,nan,nan,nan,nan,nan,nan,nan,nan,nan,nan,nan,nan,nan,nan,nan,nan,nan,nan,nan,nan
1.984732824427479919e-02,nan,nan,nan,-2.220446049250313204e-17,nan,nan,nan,nan,nan,nan,nan,nan,nan,nan,nan,1.526717557251888648e-03,nan,nan,-1.297709923664120898e-02,nan,nan,-7.633587786259554697e-03,nan,nan,nan,-7.633587786259554697e-03,nan,3.053435114503799848e-03,nan,nan,1.526717557251888648e-03,nan,-1.526717557251933101e-03,nan,nan,nan,nan,nan,nan,nan,nan,nan,nan,nan,nan,nan,nan,7.633587786259443241e-04,nan,nan,nan,nan,nan,nan,nan,nan,nan,nan,nan,nan,nan,nan,nan,nan
nan,nan,nan,nan,nan,nan,nan,-1.118881118881123217e-02,nan,nan,-8.391608391608417622e-03,nan,nan,nan,nan,nan,-1.888111888111891970e-02,-1.748251748251752197e-02,nan,nan,nan,nan,nan,nan,-1.468531468531473171e-02,nan,-2.167832167832173251e-02,nan,-8.391608391608396805e-03,nan,nan,-1.188811188811191889e-02,nan,nan,nan,-1.748251748251752197e-02,nan,nan,nan,nan,nan,nan,nan,nan,nan,nan,nan,nan,0.000000000000000000e+00,nan,nan,nan,nan,nan,nan,nan,nan,nan,nan,nan,nan,nan,nan,nan,nan
nan,nan,nan,-3.816793893129832860e-03,nan,nan,nan,nan,nan,nan,-1.068702290076339878e-02,nan,nan,nan,nan,nan,-1.450381679389318654e-02,nan,nan,nan,nan,-3.816793893129810742e-03,nan,nan,nan,nan,-6.106870229007665615e-03,nan,-3.816793893129788624e-03,nan,nan,-7.633587786259887764e-04,-2.595419847328248736e-02,nan,nan,-1.832061068702295348e-02,nan,nan,nan,nan,nan,nan,nan,nan,nan,nan,nan,nan,0.000000000000000000e+00,nan,nan,nan,nan,nan,nan,nan,nan,nan,nan,nan,nan,nan,nan,nan,nan
2.272727272727270882e-03,nan,nan,nan,-3.030303030303027698e-03,nan,nan,nan,nan,nan,nan,nan,nan,nan,nan,nan,-6.060606060606055397e-03,nan,nan,-1.212121212121211079e-02,nan,nan,-3.787878787878784514e-03,nan,nan,nan,1.515151515151513849e-03,nan,6.060606060606055397e-03,nan,nan,3.030303030303027698e-03,-7.575757575757569029e-03,nan,nan,nan,nan,nan,nan,nan,nan,nan,nan,nan,nan,nan,nan,nan,0.000000000000000000e+00,nan,nan,nan,nan,nan,nan,nan,nan,nan,nan,nan,nan,nan,nan,nan,nan
nan,nan,-3.610108303249059871e-03,nan,nan,nan,nan,nan,nan,nan,1.444043321299659510e-03,nan,nan,nan,nan,nan,-2.238267148014436853e-02,nan,nan,nan,nan,nan,nan,nan,nan,nan,-2.166064981949455959e-02,nan,-4.332129963898867508e-03,nan,nan,-1.444043321299635051e-02,nan,-1.227436823104686124e-02,nan,-1.805054151624543163e-02,nan,nan,nan,nan,nan,nan,nan,nan,nan,nan,nan,nan,0.000000000000000000e+00,nan,nan,nan,nan,nan,nan,nan,nan,-1.444043321299615058e-03,nan,nan,nan,nan,nan,nan,nan
nan,nan,nan,-1.459854014598560654e-03,nan,nan,nan,nan,nan,nan,-8.029197080291972793e-03,nan,nan,nan,nan,nan,-9.489051094890510463e-03,nan,nan,nan,nan,nan,nan,nan,nan,nan,-5.109489051094917404e-03,nan,-4.379562043795637294e-03,nan,nan,-3.649635036496379301e-03,-2.773722627737227470e-02,nan,nan,-1.313868613138688933e-02,nan,nan,nan,nan,nan,nan,nan,nan,nan,nan,nan,nan,7.299270072992581010e-04,0.000000000000000000e+00,nan,nan,nan,nan,nan,nan,nan,nan,nan,nan,nan,nan,nan,nan,nan
nan,nan,-7.407407407407395547e-03,nan,nan,nan,nan,nan,nan,nan,-1.481481481481477028e-02,nan,nan,nan,nan,nan,-9.629629629629588711e-03,nan,-1.333333333333330817e-02,nan,nan,nan,nan,nan,nan,nan,-1.333333333333328562e-02,nan,-7.407407407407373863e-03,nan,nan,-1.037037037037036313e-02,nan,nan,nan,-5.185185185185159015e-03,nan,nan,nan,nan,nan,nan,nan,nan,nan,nan,nan,nan,0.000000000000000000e+00,nan,nan,nan,nan,nan,nan,nan,nan,-8.148148148148126602e-03,nan,nan,nan,nan,nan,nan,nan
nan,nan,-3.663003663003649990e-03,nan,nan,nan,nan,nan,nan,nan,2.197802197802256781e-03,nan,nan,nan,nan,nan,-2.197802197802145759e-03,nan,nan,nan,nan,nan,nan,nan,nan,nan,-1.025641025641021997e-02,nan,-2.197802197802189994e-03,nan,nan,-7.326007326007299980e-03,nan,nan,nan,-6.593406593406569982e-03,nan,nan,nan,nan,nan,nan,nan,nan,nan,nan,nan,nan,0.000000000000000000e+00,nan,nan,nan,nan,nan,nan,nan,nan,3.663003663003738895e-03,1.465201465201504448e-03,nan,nan,nan,nan,nan,nan
nan,nan,-5.243445692883907591e-03,nan,nan,nan,nan,nan,nan,nan,-2.247191011235960458e-03,nan,nan,nan,nan,nan,-4.494382022471920916e-03,nan,nan,nan,nan,nan,nan,7.490636704119868917e-04,nan,nan,-2.996254681647947567e-03,7.490636704119868917e-04,-3.745318352059934242e-03,nan,nan,-7.490636704119868917e-04,nan,nan,nan,-8.988764044943841833e-03,nan,nan,nan,nan,nan,nan,nan,nan,nan,nan,nan,nan,nan,nan,nan,nan,nan,nan,nan,nan,nan,0.000000000000000000e+00,nan,nan,nan,nan,nan,nan,nan
nan,nan,8.560311284046684746e-03,nan,nan,nan,nan,nan,nan,nan,-7.782101167315147450e-04,nan,nan,nan,nan,nan,-1.789883268482488424e-02,nan,nan,nan,nan,nan,nan,nan,nan,nan,-6.225680933852117960e-03,nan,3.112840466926058980e-03,nan,nan,2.334630350194566353e-03,nan,7.782101167315147450e-04,nan,-7.782101167315147450e-03,nan,nan,nan,nan,nan,nan,-1.556420233463029490e-03,nan,nan,nan,nan,nan,nan,nan,nan,nan,nan,nan,nan,nan,nan,3.112840466926081098e-03,nan,nan,nan,nan,nan,nan,nan
nan,nan,nan,-4.615384615384599334e-03,nan,nan,nan,nan,nan,nan,-3.076923076923066078e-03,nan,nan,nan,nan,nan,-1.923076923076918326e-02,nan,nan,nan,nan,-1.538461538461533039e-03,nan,nan,nan,nan,-1.692307692307688446e-02,nan,0.000000000000000000e+00,nan,nan,-5.384615384615365312e-03,-2.307692307692299667e-03,nan,nan,-2.153846153846150635e-02,nan,nan,nan,nan,nan,nan,nan,nan,nan,nan,nan,nan,0.000000000000000000e+00,nan,nan,nan,nan,nan,nan,nan,nan,nan,nan,nan,nan,nan,nan,nan,nan
nan,nan,-6.498194945848356774e-03,nan,nan,nan,nan,nan,nan,nan,-1.083032490974722428e-02,nan,nan,nan,nan,nan,-1.660649819494581722e-02,nan,nan,nan,nan,nan,nan,-6.498194945848334222e-03,nan,nan,-2.888086642599252234e-03,-5.776173285198527019e-03,-2.166064981949422479e-03,nan,nan,-4.332129963898867508e-03,nan,-2.888086642599230116e-03,nan,-1.660649819494584151e-02,nan,nan,nan,nan,nan,nan,nan,nan,nan,nan,nan,nan,nan,nan,nan,nan,nan,nan,nan,nan,nan,nan,nan,nan,nan,nan,nan,nan,nan
nan,nan,-2.428571428571430976e-02,nan,nan,nan,nan,-1.500000000000005843e-02,nan,nan,-1.142857142857149969e-02,nan,nan,nan,-1.357142857142861272e-02,nan,-2.642857142857144709e-02,nan,nan,nan,nan,nan,nan,nan,-1.785714285714290472e-02,nan,-2.928571428571429339e-02,nan,-1.571428571428577087e-02,nan,nan,-2.000000000000003858e-02,nan,nan,nan,-2.642857142857144709e-02,nan,nan,nan,nan,nan,nan,nan,nan,nan,nan,nan,nan,nan,nan,nan,nan,nan,nan,nan,nan,nan,nan,nan,nan,nan,nan,nan,nan,nan
0.000000000000000000e+00,nan,-6.037735849056602606e-03,nan,-7.547169811320753258e-04,nan,nan,nan,nan,nan,nan,nan,nan,nan,nan,nan,-2.037735849056603391e-02,nan,nan,-1.509433962264150652e-03,nan,nan,-1.962264150943395652e-02,nan,nan,nan,-1.509433962264150608e-02,nan,-1.056603773584905391e-02,nan,nan,-1.283018867924528086e-02,nan,nan,nan,nan,nan,nan,nan,nan,nan,nan,nan,nan,nan,nan,nan,nan,0.000000000000000000e+00,nan,nan,nan,nan,nan,nan,nan,nan,nan,nan,nan,nan,nan,nan,nan,nan
nan,nan,-1.478873239436617748e-02,nan,nan,nan,nan,nan,nan,nan,-2.112676056338025354e-03,nan,nan,nan,nan,nan,-9.859154929577451654e-03,nan,nan,nan,nan,nan,nan,nan,nan,nan,-1.478873239436617748e-02,nan,-7.746478873239426299e-03,nan,nan,-1.267605633802815213e-02,nan,nan,nan,-1.338028169014082724e-02,nan,nan,nan,nan,nan,nan,nan,nan,nan,nan,nan,nan,0.000000000000000000e+00,nan,nan,nan,nan,nan,nan,nan,nan,-7.042253521126751181e-04,7.042253521126751181e-03,nan,nan,nan,nan,nan,nan
5.533596837944632085e-03,nan,-2.371541501976293011e-03,nan,3.162055335968361192e-03,nan,nan,nan,nan,nan,nan,nan,nan,nan,nan,nan,-8.695652173913038380e-03,nan,nan,1.897233201581027817e-02,nan,nan,-7.905138339920902979e-03,nan,nan,nan,-6.324110671936744935e-03,0.000000000000000000e+00,-2.371541501976270894e-03,nan,nan,-3.952569169960451489e-03,nan,nan,nan,nan,nan,nan,nan,nan,nan,nan,nan,nan,nan,nan,nan,nan,nan,nan,nan,nan,nan,nan,nan,nan,nan,nan,nan,nan,nan,nan,nan,nan,nan
nan,nan,-1.516245487364618026e-02,nan,nan,nan,nan,nan,nan,nan,-2.599277978339349301e-02,nan,nan,nan,nan,nan,-3.176895306859204432e-02,nan,nan,nan,nan,nan,nan,-9.386281588447630692e-03,nan,nan,-2.888086642599279122e-02,-1.444043321299637306e-02,-1.299638989169673610e-02,nan,nan,-1.444043321299637306e-02,nan,-2.021660649819492089e-02,nan,-2.743682310469313171e-02,nan,nan,nan,nan,nan,nan,nan,nan,nan,nan,nan,nan,nan,nan,nan,nan,nan,nan,nan,nan,nan,nan,nan,nan,nan,nan,nan,nan,nan
nan,nan,-3.717472118959119776e-03,nan,nan,nan,nan,nan,nan,nan,-2.973977695167295734e-03,nan,nan,nan,nan,nan,-8.178438661710063159e-03,nan,-1.486988847583647867e-03,nan,nan,nan,nan,1.486988847583647867e-03,nan,nan,-1.189591078066916038e-02,-1.486988847583647867e-03,1.486988847583647867e-03,nan,nan,-2.230483271375471692e-03,nan,nan,nan,1.486988847583647867e-03,nan,nan,nan,nan,nan,nan,nan,nan,nan,nan,nan,nan,nan,nan,nan,nan,nan,nan,nan,nan,nan,nan,nan,nan,nan,nan,nan,nan,nan
nan,nan,-9.848484848484839044e-03,nan,nan,nan,nan,nan,nan,nan,-4.545454545454541764e-03,nan,nan,nan,nan,nan,-1.363636363636362356e-02,nan,nan,nan,nan,nan,nan,-5.303030303030298147e-03,nan,nan,-1.969696969696967809e-02,1.515151515151513849e-03,-9.848484848484839044e-03,nan,nan,-1.666666666666665256e-02,nan,nan,nan,-1.969696969696967809e-02,nan,nan,nan,nan,nan,nan,nan,nan,nan,nan,nan,nan,nan,nan,nan,nan,nan,nan,nan,nan,nan,-7.575757575757569246e-04,nan,nan,nan,nan,nan,nan,nan
nan,nan,-5.323193916349833188e-03,nan,nan,nan,nan,nan,nan,nan,-7.604562737642650561e-03,nan,nan,nan,nan,nan,-1.444866920152096910e-02,nan,nan,nan,nan,nan,nan,nan,nan,nan,-6.844106463878385331e-03,-3.041825095057082602e-03,1.520912547528463455e-03,nan,nan,1.520912547528507908e-03,nan,-5.323193916349855739e-03,nan,-1.216730038022821939e-02,nan,nan,nan,nan,nan,nan,nan,nan,nan,nan,nan,nan,nan,nan,nan,nan,nan,nan,nan,nan,nan,nan,-9.125475285171181020e-03,nan,nan,nan,nan,nan,nan
nan,nan,-7.575757575757635816e-03,nan,nan,nan,nan,nan,nan,nan,-6.818181818181901117e-03,nan,nan,nan,-4.545454545454563448e-03,nan,-2.121212121212130361e-02,nan,nan,nan,nan,nan,nan,nan,nan,nan,-1.439393939393946928e-02,-3.030303030303049816e-03,-7.575757575757569246e-04,nan,nan,-1.515151515151513849e-03,nan,-1.515151515151535967e-03,nan,-1.439393939393949183e-02,nan,nan,nan,nan,nan,nan,nan,nan,nan,nan,nan,nan,nan,nan,nan,nan,nan,nan,nan,nan,nan,nan,nan,nan,nan,nan,nan,nan,nan
nan,nan,nan,-3.030303030303049816e-03,nan,nan,nan,nan,nan,nan,5.303030303030298147e-03,nan,nan,nan,nan,nan,-1.212121212121219926e-02,nan,nan,nan,nan,nan,nan,nan,nan,nan,7.575757575757569246e-04,nan,0.000000000000000000e+00,nan,nan,2.272727272727270882e-03,-3.333333333333341614e-02,nan,nan,-4.545454545454563448e-03,nan,nan,nan,nan,nan,nan,nan,nan,nan,nan,nan,nan,1.515151515151513849e-03,0.000000000000000000e+00,nan,nan,nan,nan,nan,nan,nan,nan,nan,nan,nan,nan,nan,nan,nan
nan,nan,-1.309090909090906453e-02,nan,nan,nan,nan,nan,nan,nan,-7.272727272727319992e-04,nan,nan,nan,nan,nan,-2.763636363636359089e-02,nan,nan,nan,nan,nan,nan,-9.454545454545448119e-03,nan,nan,-2.109090909090902827e-02,-1.381818181818177463e-02,-1.454545454545450554e-02,nan,nan,-1.672727272727272257e-02,nan,nan,nan,-2.036363636363631643e-02,nan,nan,nan,nan,nan,nan,nan,nan,nan,nan,nan,nan,nan,nan,nan,nan,nan,nan,nan,nan,nan,-1.381818181818179544e-02,nan,nan,nan,nan,nan,nan,nan
nan,nan,-6.818181818181811779e-03,nan,nan,nan,nan,nan,nan,nan,-1.742424242424240807e-02,nan,nan,nan,-1.287878787878786804e-02,nan,-1.515151515151513806e-02,nan,nan,nan,nan,nan,nan,nan,nan,nan,-1.515151515151513806e-02,-9.090909090909083529e-03,-6.818181818181811779e-03,nan,nan,-9.848484848484839044e-03,nan,-7.575757575757569029e-03,nan,-1.060606060606059629e-02,nan,nan,nan,nan,nan,nan,nan,nan,nan,nan,nan,nan,nan,nan,nan,nan,nan,nan,nan,nan,nan,nan,nan,nan,nan,nan,nan,nan,nan
nan,nan,-2.214022140221416461e-03,nan,nan,nan,nan,nan,nan,nan,-3.690036900369042614e-03,nan,nan,nan,nan,nan,-1.549815498154985018e-02,nan,nan,nan,nan,nan,nan,-4.428044280442855474e-03,nan,nan,-1.254612546125464211e-02,-5.166051660516623664e-03,-5.904059040590436958e-03,nan,nan,-5.166051660516623664e-03,nan,-6.642066420664250251e-03,nan,-1.623616236162366347e-02,nan,nan,nan,nan,nan,nan,nan,nan,nan,nan,nan,nan,nan,nan,nan,nan,nan,nan,nan,nan,nan,nan,nan,nan,nan,nan,nan,nan,nan
nan,nan,-1.230769230769226431e-02,nan,nan,nan,nan,nan,nan,nan,-9.230769230769198669e-03,nan,nan,nan,-3.076923076923066078e-03,nan,-1.769230769230762876e-02,nan,nan,nan,nan,nan,nan,nan,nan,nan,-2.076923076923069614e-02,nan,-1.076923076923073062e-02,nan,nan,-1.307692307692303116e-02,nan,nan,nan,-2.615384615384610395e-02,nan,nan,nan,nan,nan,nan,nan,nan,nan,nan,nan,nan,0.000000000000000000e+00,0.000000000000000000e+00,nan,nan,nan,nan,nan,nan,nan,nan,nan,nan,nan,nan,nan,nan,nan
nan,nan,-7.299270072993024449e-04,nan,nan,nan,nan,nan,nan,nan,-1.021897810218985736e-02,nan,nan,nan,nan,nan,-1.678832116788329248e-02,nan,-1.532846715328473053e-02,nan,nan,nan,nan,nan,nan,nan,-1.751824817518254918e-02,-1.240875912408767601e-02,-5.109489051094939956e-03,nan,nan,-8.759124087591297139e-03,nan,nan,nan,-1.240875912408767601e-02,nan,nan,nan,nan,nan,nan,nan,nan,nan,nan,nan,nan,nan,nan,nan,nan,nan,nan,nan,nan,nan,nan,7.299270072992358749e-04,nan,nan,nan,nan,nan,nan
8.571428571428651652e-03,nan,nan,nan,2.220446049250313204e-17,nan,nan,nan,nan,nan,-2.142857142857135157e-03,nan,nan,nan,nan,nan,nan,nan,nan,4.285714285714359653e-03,nan,nan,-1.428571428571379131e-03,nan,nan,nan,8.571428571428629101e-03,5.714285714285782802e-03,5.714285714285782802e-03,nan,nan,2.142857142857201944e-03,nan,nan,nan,2.142857142857201944e-03,nan,nan,nan,nan,nan,nan,nan,nan,nan,nan,nan,nan,nan,nan,nan,nan,nan,nan,nan,nan,nan,nan,nan,nan,nan,nan,nan,nan,nan
6.177606177606276457e-03,nan,nan,nan,-3.861003861003853288e-03,nan,nan,nan,nan,nan,nan,nan,nan,nan,nan,nan,-1.158301158301155986e-02,nan,nan,-3.474903474903467959e-02,nan,nan,-2.084942084942080845e-02,nan,nan,nan,-9.266409266409226034e-03,nan,-7.722007722007706576e-03,nan,nan,-8.494208494208477581e-03,nan,nan,nan,nan,nan,nan,nan,nan,nan,nan,nan,nan,nan,nan,nan,nan,0.000000000000000000e+00,nan,nan,nan,nan,nan,nan,nan,nan,nan,2.316602316602378499e-03,nan,nan,nan,nan,nan,nan
nan,nan,-5.109489051094850617e-03,nan,nan,nan,nan,nan,nan,nan,3.649635036496379301e-03,nan,nan,nan,-1.459854014598516202e-03,nan,-2.189781021897774411e-03,nan,-8.759124087591208668e-03,nan,nan,nan,nan,nan,nan,nan,-1.021897810218974634e-02,-6.569343065693389154e-03,-2.189781021897774411e-03,nan,nan,-8.029197080291950242e-03,nan,nan,nan,-3.649635036496312514e-03,nan,nan,nan,nan,nan,nan,nan,nan,nan,nan,nan,nan,nan,nan,nan,nan,nan,nan,nan,nan,nan,nan,nan,nan,nan,nan,nan,nan,nan
nan,nan,nan,nan,nan,nan,nan,nan,nan,-3.065693430656925983e-02,-5.109489051094873169e-03,nan,nan,nan,nan,nan,-1.751824817518243815e-02,nan,nan,nan,nan,-1.386861313868610265e-02,nan,nan,nan,nan,-1.824817518248169484e-02,nan,-5.109489051094850617e-03,nan,nan,2.189781021897840765e-03,nan,nan,nan,-1.313868613138680086e-02,nan,nan,nan,nan,nan,nan,nan,nan,nan,nan,nan,nan,6.569343065693500176e-03,4.379562043795659845e-03,nan,nan,nan,nan,nan,nan,nan,nan,nan,nan,nan,nan,nan,nan,nan
nan,nan,-1.048689138576781518e-02,nan,nan,nan,nan,nan,nan,nan,5.992509363295895133e-03,nan,nan,nan,nan,nan,-2.097378277153563036e-02,nan,nan,nan,nan,nan,nan,nan,nan,nan,-9.737827715355829375e-03,-5.992509363295895133e-03,-7.490636704119868917e-04,nan,nan,-3.745318352059934242e-03,nan,nan,nan,-2.172284644194761791e-02,nan,nan,nan,nan,nan,nan,nan,nan,nan,nan,nan,nan,1.498127340823973783e-03,nan,nan,nan,nan,nan,nan,nan,nan,nan,1.048689138576781518e-02,nan,nan,nan,nan,nan,nan
nan,nan,nan,nan,nan,nan,nan,nan,nan,nan,3.846153846153921394e-03,nan,nan,nan,4.615384615384687805e-03,nan,-1.153846153846149747e-02,nan,nan,nan,nan,nan,nan,2.220446049250313204e-17,-1.538461538461533039e-03,nan,-6.153846153846132157e-03,4.440892098500626408e-17,2.220446049250313204e-17,nan,nan,2.220446049250313204e-17,nan,nan,nan,-1.153846153846149747e-02,nan,nan,nan,nan,nan,nan,nan,nan,nan,nan,nan,nan,nan,nan,nan,nan,nan,nan,nan,nan,nan,nan,nan,nan,nan,nan,nan,nan,nan
-2.343749999999999913e-03,nan,-7.031250000000000173e-03,nan,-7.812500000000000434e-04,nan,nan,nan,nan,nan,nan,nan,nan,nan,nan,nan,-2.187499999999999861e-02,nan,nan,-1.328124999999999965e-02,nan,nan,-3.437500000000000278e-02,nan,nan,nan,-8.593750000000000694e-03,-3.906250000000000000e-03,7.812500000000000434e-04,nan,nan,-4.687499999999999827e-03,nan,nan,nan,nan,nan,nan,nan,nan,nan,nan,nan,nan,nan,nan,nan,nan,nan,nan,nan,nan,nan,nan,nan,nan,nan,nan,nan,nan,nan,nan,nan,nan,nan
nan,nan,3.952569169960451489e-03,nan,nan,nan,nan,nan,nan,nan,6.324110671936722383e-03,nan,nan,nan,nan,nan,-2.055335968379450387e-02,nan,-1.581027667984193780e-02,nan,nan,nan,nan,1.581027667984158478e-03,nan,nan,-1.264822134387355579e-02,-2.371541501976337681e-03,7.905138339920902979e-03,nan,nan,-7.905138339921347502e-04,nan,nan,nan,-2.292490118577077476e-02,nan,nan,nan,nan,nan,nan,nan,nan,nan,nan,nan,nan,nan,nan,nan,nan,nan,nan,nan,nan,nan,nan,nan,nan,nan,nan,nan,nan,nan
5.797101449275299072e-03,nan,-1.086956521739135262e-02,nan,-5.797101449275388410e-03,nan,nan,nan,nan,nan,-7.246376811594456690e-04,nan,nan,nan,nan,nan,nan,nan,nan,5.072463768115853186e-03,nan,nan,-2.246376811594206352e-02,nan,nan,nan,-2.101449275362326022e-02,nan,-7.246376811594456690e-04,nan,nan,-1.014492753623192842e-02,nan,nan,nan,-6.521739130434811745e-03,nan,nan,nan,nan,nan,nan,nan,nan,nan,nan,nan,nan,nan,nan,nan,nan,nan,nan,nan,nan,nan,nan,nan,nan,nan,nan,nan,nan,nan
nan,nan,-2.307692307692299667e-03,nan,nan,nan,nan,nan,nan,nan,-2.307692307692299667e-03,nan,nan,nan,nan,nan,-1.461538461538456311e-02,nan,nan,nan,nan,nan,nan,nan,nan,nan,-1.923076923076916245e-02,-3.076923076923043961e-03,-4.615384615384599334e-03,nan,nan,-7.692307692307664979e-03,nan,nan,nan,-2.384615384615376005e-02,nan,nan,nan,nan,nan,nan,nan,nan,nan,nan,nan,nan,-7.692307692307665196e-04,nan,nan,nan,nan,nan,nan,nan,nan,-2.307692307692299667e-03,nan,nan,nan,nan,nan,nan,nan
nan,nan,nan,nan,nan,nan,nan,nan,nan,nan,7.782101167315591973e-04,nan,nan,nan,nan,nan,-1.322957198443575066e-02,-8.560311284046639643e-03,nan,nan,nan,nan,nan,nan,nan,nan,-2.178988326848241286e-02,nan,7.782101167315369711e-04,nan,nan,4.440892098500626408e-17,-4.669260700389065918e-03,nan,nan,-1.322957198443575066e-02,nan,nan,nan,nan,nan,nan,nan,nan,nan,nan,nan,nan,-9.338521400778154388e-03,-7.782101167314925188e-04,nan,nan,nan,nan,nan,nan,nan,nan,nan,nan,nan,nan,nan,nan,nan
nan,nan,-1.025641025641021997e-02,nan,nan,nan,nan,nan,nan,nan,-7.326007326007299980e-03,nan,nan,nan,-7.326007326007299980e-04,nan,-1.025641025641021997e-02,nan,nan,nan,nan,nan,nan,nan,nan,nan,-6.593406593406569982e-03,nan,-8.058608058608029978e-03,nan,nan,-7.326007326007299980e-03,nan,nan,nan,-9.523809523809489974e-03,nan,nan,nan,nan,nan,nan,nan,nan,nan,nan,nan,nan,nan,nan,nan,nan,nan,nan,nan,nan,nan,-1.465201465201459996e-03,-3.663003663003649990e-03,nan,nan,nan,nan,nan,nan
nan,nan,nan,nan,nan,nan,nan,nan,nan,nan,5.776173285198504467e-03,nan,nan,nan,nan,nan,-2.671480144404336787e-02,nan,-1.299638989169680202e-02,nan,nan,nan,nan,-1.299638989169682457e-02,nan,nan,-1.660649819494590743e-02,nan,7.220216606498075290e-04,nan,nan,-1.227436823104699481e-02,nan,nan,nan,-2.093862815884484085e-02,nan,nan,nan,nan,nan,nan,nan,nan,nan,nan,nan,nan,nan,nan,nan,nan,nan,nan,nan,nan,nan,-1.299638989169682457e-02,-5.776173285198615490e-03,nan,nan,nan,nan,nan,nan
nan,nan,0.000000000000000000e+00,nan,nan,nan,nan,nan,nan,nan,-9.285714285714253072e-03,nan,nan,nan,nan,nan,-1.499999999999994740e-02,nan,-8.571428571428540630e-03,nan,nan,nan,nan,nan,nan,nan,-7.857142857142829923e-03,1.428571428571423583e-03,-1.428571428571423583e-03,nan,nan,-4.999999999999981889e-03,nan,0.000000000000000000e+00,nan,-7.857142857142829923e-03,nan,nan,nan,nan,nan,nan,nan,nan,nan,nan,nan,nan,nan,nan,nan,nan,nan,nan,nan,nan,nan,nan,nan,nan,nan,nan,nan,nan,nan
nan,nan,-1.538461538461535251e-02,nan,nan,nan,nan,nan,nan,nan,-1.608391608391608260e-02,nan,nan,nan,nan,nan,-2.377622377622377187e-02,nan,nan,nan,nan,nan,nan,-1.468531468531466579e-02,nan,nan,-3.286713286713290050e-02,-1.398601398601397906e-02,-1.608391608391608260e-02,nan,nan,-2.097902097902100069e-02,nan,-2.307692307692306086e-02,nan,-2.517482517482516613e-02,nan,nan,nan,nan,nan,nan,nan,nan,nan,nan,nan,nan,nan,nan,nan,nan,nan,nan,nan,nan,nan,nan,nan,nan,nan,nan,nan,nan,nan
nan,nan,-1.040892193308551317e-02,nan,nan,nan,nan,nan,nan,nan,-2.973977695167295734e-03,nan,nan,nan,nan,nan,-2.750929368029737462e-02,nan,nan,nan,nan,nan,nan,nan,nan,nan,-2.453531598513008019e-02,-1.263940520446096318e-02,-5.204460966542745308e-03,nan,nan,-1.338289962825278678e-02,nan,nan,nan,-2.676579925650555275e-02,nan,nan,nan,nan,nan,nan,nan,nan,nan,nan,nan,nan,nan,nan,nan,nan,nan,nan,nan,nan,nan,-1.040892193308549062e-02,-1.040892193308551317e-02,nan,nan,nan,nan,nan,nan
nan,nan,-4.444444444444495615e-03,nan,nan,nan,nan,nan,nan,nan,-2.220446049250313204e-17,nan,nan,nan,7.407407407407085032e-04,nan,-2.592592592592597375e-02,nan,nan,nan,nan,nan,nan,nan,nan,nan,-2.148148148148152498e-02,-1.037037037037042905e-02,-1.481481481481505911e-03,nan,nan,-1.259259259259264477e-02,nan,nan,nan,-3.037037037037042600e-02,nan,nan,nan,nan,nan,nan,nan,nan,nan,nan,nan,nan,0.000000000000000000e+00,nan,nan,nan,nan,nan,nan,nan,nan,nan,nan,nan,nan,nan,nan,nan,nan
nan,nan,nan,-4.687499999999999827e-03,nan,nan,nan,nan,nan,nan,-1.328124999999999965e-02,nan,nan,nan,nan,nan,-2.578124999999999861e-02,nan,nan,nan,nan,nan,nan,nan,nan,nan,-1.796874999999999861e-02,nan,0.000000000000000000e+00,nan,nan,-9.374999999999999653e-03,-4.374999999999999722e-02,nan,nan,-2.265624999999999931e-02,nan,nan,nan,nan,nan,nan,nan,nan,nan,nan,nan,nan,7.812500000000000434e-04,7.812500000000000434e-04,nan,nan,nan,nan,nan,nan,nan,nan,nan,nan,nan,nan,nan,nan,nan
nan,nan,-7.547169811320753041e-03,nan,nan,nan,nan,nan,nan,nan,-8.301886792452828692e-03,nan,nan,nan,-1.811320754716980869e-02,nan,-1.584905660377358000e-02,nan,nan,nan,nan,nan,nan,-6.037735849056602606e-03,nan,nan,-9.811320754716978260e-03,-6.037735849056602606e-03,-9.811320754716978260e-03,nan,nan,-7.547169811320753041e-03,nan,nan,nan,-1.886792452830188260e-02,nan,nan,nan,nan,nan,nan,nan,nan,nan,nan,nan,nan,nan,nan,nan,nan,nan,nan,nan,nan,nan,nan,nan,nan,nan,nan,nan,nan,nan
nan,nan,-8.118081180811831735e-03,nan,nan,nan,nan,nan,nan,nan,-9.594095940959413218e-03,nan,nan,nan,-7.380073800738018441e-03,nan,-1.476014760147599178e-02,nan,nan,nan,nan,nan,nan,nan,nan,nan,-1.549815498154980507e-02,-5.904059040590436958e-03,-5.166051660516646216e-03,nan,nan,-6.642066420664227699e-03,nan,-8.856088560885599925e-03,nan,-1.328413284132843285e-02,nan,nan,nan,nan,nan,nan,nan,nan,nan,nan,nan,nan,nan,nan,nan,nan,nan,nan,nan,nan,nan,nan,nan,nan,nan,nan,nan,nan,nan
nan,nan,nan,nan,nan,nan,nan,-4.225352112676050709e-03,nan,nan,-1.056338028169012677e-02,nan,nan,nan,nan,nan,-4.929577464788725827e-03,-4.225352112676050709e-03,nan,nan,nan,nan,nan,nan,nan,nan,-2.112676056338025354e-03,nan,2.816901408450700472e-03,nan,nan,7.042253521126751181e-04,-6.338028169014076063e-03,nan,nan,-7.042253521126751181e-04,nan,nan,nan,nan,nan,nan,nan,nan,nan,nan,nan,nan,0.000000000000000000e+00,nan,nan,nan,nan,nan,nan,nan,nan,nan,nan,nan,nan,nan,nan,nan,nan
nan,nan,-8.178438661710063159e-03,nan,nan,nan,nan,nan,nan,nan,-8.178438661710063159e-03,nan,nan,nan,nan,nan,-1.338289962825283189e-02,nan,nan,nan,nan,nan,nan,-7.434944237918239334e-04,nan,nan,-3.197026022304831627e-02,nan,-2.230483271375471692e-03,nan,nan,-8.178438661710063159e-03,nan,nan,nan,-5.204460966542767859e-03,nan,nan,nan,nan,nan,nan,nan,nan,nan,nan,nan,nan,nan,nan,nan,nan,nan,nan,nan,nan,nan,1.486988847583647867e-03,4.460966542750943384e-03,nan,nan,nan,nan,nan,nan
